{
    "153673_mass": [
        57.5,
        "kg"
    ],
    "153674_failureRate": 5.7198794613304936e-12,
    "153675_logFailureRate": -11.242613123275264,
    "153681_failureRate": 0.0001,
    "153682_mass": [
        6,
        "kg"
    ],
    "153688_failureRate": 0.0001,
    "153689_mass": [
        6,
        "kg"
    ],
    "153695_failureRate": 0.0001,
    "153696_mass": [
        6,
        "kg"
    ],
    "153703_failureRate": 4e-05,
    "153704_mass": [
        5,
        "kg"
    ],
    "153711_failureRate": 2e-05,
    "153712_mass": [
        10,
        "kg"
    ],
    "153719_failureRate": 2e-05,
    "153720_mass": [
        10,
        "kg"
    ],
    "153726_failureRate": 8e-05,
    "153727_mass": [
        3.5,
        "kg"
    ],
    "153733_failureRate": 0.0002,
    "153734_mass": [
        5.5,
        "kg"
    ],
    "153740_failureRate": 0.0002,
    "153741_mass": [
        5.5,
        "kg"
    ]
}