{
    "153445_mass": [
        60.5,
        "kg"
    ],
    "153446_failureRate": 1.415040780921056e-12,
    "153447_logFailureRate": -11.849231043762469,
    "153453_failureRate": 0.00015,
    "153454_mass": [
        3,
        "kg"
    ],
    "153460_failureRate": 5e-05,
    "153461_mass": [
        9,
        "kg"
    ],
    "153467_failureRate": 5e-05,
    "153468_mass": [
        9,
        "kg"
    ],
    "153475_failureRate": 0.0001,
    "153476_mass": [
        3,
        "kg"
    ],
    "153483_failureRate": 2e-05,
    "153484_mass": [
        10,
        "kg"
    ],
    "153491_failureRate": 2e-05,
    "153492_mass": [
        10,
        "kg"
    ],
    "153498_failureRate": 8e-05,
    "153499_mass": [
        3.5,
        "kg"
    ],
    "153505_failureRate": 8e-05,
    "153506_mass": [
        3.5,
        "kg"
    ],
    "153512_failureRate": 0.0001,
    "153513_mass": [
        9.5,
        "kg"
    ]
}