{
    "24458_mass": [
        31,
        "kg"
    ],
    "24459_failureRate": 0.00010001999799990001,
    "24460_logFailureRate": -3.999913158472938,
    "24466_failureRate": 0.0001,
    "24467_mass": [
        6,
        "kg"
    ],
    "24474_failureRate": 0.0001,
    "24475_mass": [
        3,
        "kg"
    ],
    "24482_failureRate": 0.0001,
    "24483_mass": [
        3,
        "kg"
    ],
    "24489_failureRate": 0.0001,
    "24490_mass": [
        9.5,
        "kg"
    ],
    "24496_failureRate": 0.0001,
    "24497_mass": [
        9.5,
        "kg"
    ]
}