{
    "78367_mass": [
        39.5,
        "kg"
    ],
    "78368_failureRate": 2.0013499474490055e-08,
    "78369_logFailureRate": -7.698676965857553,
    "78375_failureRate": 0.00015,
    "78376_mass": [
        3,
        "kg"
    ],
    "78382_failureRate": 0.00015,
    "78383_mass": [
        3,
        "kg"
    ],
    "78389_failureRate": 0.0001,
    "78390_mass": [
        6,
        "kg"
    ],
    "78397_failureRate": 0.0001,
    "78398_mass": [
        3,
        "kg"
    ],
    "78405_failureRate": 0.0001,
    "78406_mass": [
        3,
        "kg"
    ],
    "78413_failureRate": 4e-05,
    "78414_mass": [
        5,
        "kg"
    ],
    "78420_failureRate": 0.0002,
    "78421_mass": [
        5.5,
        "kg"
    ],
    "78427_failureRate": 0.0002,
    "78428_mass": [
        5.5,
        "kg"
    ],
    "78434_failureRate": 0.0002,
    "78435_mass": [
        5.5,
        "kg"
    ]
}