{
    "306421_mass": [
        42.5,
        "kg"
    ],
    "306422_failureRate": 4.00000010149594e-05,
    "306423_logFailureRate": -4.397939997652256,
    "306429_failureRate": 0.00015,
    "306430_mass": [
        3,
        "kg"
    ],
    "306436_failureRate": 5e-05,
    "306437_mass": [
        9,
        "kg"
    ],
    "306443_failureRate": 5e-05,
    "306444_mass": [
        9,
        "kg"
    ],
    "306451_failureRate": 4e-05,
    "306452_mass": [
        5,
        "kg"
    ],
    "306458_failureRate": 8e-05,
    "306459_mass": [
        3.5,
        "kg"
    ],
    "306465_failureRate": 8e-05,
    "306466_mass": [
        3.5,
        "kg"
    ],
    "306472_failureRate": 0.0001,
    "306473_mass": [
        9.5,
        "kg"
    ]
}