{
    "175834_mass": [
        45.5,
        "kg"
    ],
    "175835_failureRate": 2.3439962406887045e-12,
    "175836_logFailureRate": -11.630043089176754,
    "175842_failureRate": 0.00015,
    "175843_mass": [
        3,
        "kg"
    ],
    "175849_failureRate": 0.0001,
    "175850_mass": [
        6,
        "kg"
    ],
    "175856_failureRate": 0.0001,
    "175857_mass": [
        6,
        "kg"
    ],
    "175864_failureRate": 4e-05,
    "175865_mass": [
        5,
        "kg"
    ],
    "175872_failureRate": 4e-05,
    "175873_mass": [
        5,
        "kg"
    ],
    "175880_failureRate": 2e-05,
    "175881_mass": [
        10,
        "kg"
    ],
    "175887_failureRate": 8e-05,
    "175888_mass": [
        3.5,
        "kg"
    ],
    "175894_failureRate": 8e-05,
    "175895_mass": [
        3.5,
        "kg"
    ],
    "175901_failureRate": 8e-05,
    "175902_mass": [
        3.5,
        "kg"
    ]
}