{
    "342630_mass": [
        34.5,
        "kg"
    ],
    "342631_failureRate": 9.999840049995002e-05,
    "342632_logFailureRate": -4.00000694659601,
    "342638_failureRate": 0.0001,
    "342639_mass": [
        6,
        "kg"
    ],
    "342645_failureRate": 0.0001,
    "342646_mass": [
        6,
        "kg"
    ],
    "342652_failureRate": 5e-05,
    "342653_mass": [
        9,
        "kg"
    ],
    "342660_failureRate": 2e-05,
    "342661_mass": [
        10,
        "kg"
    ],
    "342667_failureRate": 8e-05,
    "342668_mass": [
        3.5,
        "kg"
    ]
}