{
    "305248_mass": [
        34,
        "kg"
    ],
    "305249_failureRate": 9.998540048000801e-08,
    "305250_logFailureRate": -7.0000634095385665,
    "305256_failureRate": 0.0001,
    "305257_mass": [
        6,
        "kg"
    ],
    "305263_failureRate": 0.0001,
    "305264_mass": [
        6,
        "kg"
    ],
    "305271_failureRate": 0.0001,
    "305272_mass": [
        3,
        "kg"
    ],
    "305279_failureRate": 0.0001,
    "305280_mass": [
        3,
        "kg"
    ],
    "305287_failureRate": 4e-05,
    "305288_mass": [
        5,
        "kg"
    ],
    "305294_failureRate": 0.0002,
    "305295_mass": [
        5.5,
        "kg"
    ],
    "305301_failureRate": 0.0002,
    "305302_mass": [
        5.5,
        "kg"
    ]
}