{
    "154399_mass": [
        58.5,
        "kg"
    ],
    "154400_failureRate": 2.9599098974415037e-12,
    "154401_logFailureRate": -11.528721509089557,
    "154407_failureRate": 0.0001,
    "154408_mass": [
        6,
        "kg"
    ],
    "154414_failureRate": 0.0001,
    "154415_mass": [
        6,
        "kg"
    ],
    "154421_failureRate": 0.0001,
    "154422_mass": [
        6,
        "kg"
    ],
    "154429_failureRate": 2e-05,
    "154430_mass": [
        10,
        "kg"
    ],
    "154437_failureRate": 2e-05,
    "154438_mass": [
        10,
        "kg"
    ],
    "154445_failureRate": 2e-05,
    "154446_mass": [
        10,
        "kg"
    ],
    "154452_failureRate": 8e-05,
    "154453_mass": [
        3.5,
        "kg"
    ],
    "154459_failureRate": 8e-05,
    "154460_mass": [
        3.5,
        "kg"
    ],
    "154466_failureRate": 8e-05,
    "154467_mass": [
        3.5,
        "kg"
    ]
}