{
    "174033_mass": [
        16.5,
        "kg"
    ],
    "174034_failureRate": 0.00024001449460018,
    "174035_logFailureRate": -3.619762530226749,
    "174041_failureRate": 0.00015,
    "174042_mass": [
        3,
        "kg"
    ],
    "174048_failureRate": 0.00015,
    "174049_mass": [
        3,
        "kg"
    ],
    "174056_failureRate": 4e-05,
    "174057_mass": [
        5,
        "kg"
    ],
    "174063_failureRate": 0.0002,
    "174064_mass": [
        5.5,
        "kg"
    ]
}