{
    "303780_mass": [
        23,
        "kg"
    ],
    "303781_failureRate": 5.769313625679711e-08,
    "303782_logFailureRate": -7.238875851716174,
    "303788_failureRate": 0.00015,
    "303789_mass": [
        3,
        "kg"
    ],
    "303795_failureRate": 0.00015,
    "303796_mass": [
        3,
        "kg"
    ],
    "303803_failureRate": 4e-05,
    "303804_mass": [
        5,
        "kg"
    ],
    "303811_failureRate": 4e-05,
    "303812_mass": [
        5,
        "kg"
    ],
    "303818_failureRate": 8e-05,
    "303819_mass": [
        3.5,
        "kg"
    ],
    "303825_failureRate": 8e-05,
    "303826_mass": [
        3.5,
        "kg"
    ]
}