{
    "119517_mass": [
        45.5,
        "kg"
    ],
    "119518_failureRate": 4.00000008899644e-05,
    "119519_logFailureRate": -4.397939999009372,
    "119525_failureRate": 0.0001,
    "119526_mass": [
        6,
        "kg"
    ],
    "119532_failureRate": 5e-05,
    "119533_mass": [
        9,
        "kg"
    ],
    "119539_failureRate": 5e-05,
    "119540_mass": [
        9,
        "kg"
    ],
    "119547_failureRate": 4e-05,
    "119548_mass": [
        5,
        "kg"
    ],
    "119554_failureRate": 8e-05,
    "119555_mass": [
        3.5,
        "kg"
    ],
    "119561_failureRate": 8e-05,
    "119562_mass": [
        3.5,
        "kg"
    ],
    "119568_failureRate": 0.0001,
    "119569_mass": [
        9.5,
        "kg"
    ]
}