{
    "363830_mass": [
        50.5,
        "kg"
    ],
    "363831_failureRate": 5.6445549562562096e-12,
    "363832_logFailureRate": -11.248370294245921,
    "363838_failureRate": 5e-05,
    "363839_mass": [
        9,
        "kg"
    ],
    "363845_failureRate": 5e-05,
    "363846_mass": [
        9,
        "kg"
    ],
    "363852_failureRate": 5e-05,
    "363853_mass": [
        9,
        "kg"
    ],
    "363860_failureRate": 0.0001,
    "363861_mass": [
        3,
        "kg"
    ],
    "363868_failureRate": 0.0001,
    "363869_mass": [
        3,
        "kg"
    ],
    "363876_failureRate": 4e-05,
    "363877_mass": [
        5,
        "kg"
    ],
    "363883_failureRate": 8e-05,
    "363884_mass": [
        3.5,
        "kg"
    ],
    "363890_failureRate": 8e-05,
    "363891_mass": [
        3.5,
        "kg"
    ],
    "363897_failureRate": 0.0002,
    "363898_mass": [
        5.5,
        "kg"
    ]
}