{
    "265548_mass": [
        55,
        "kg"
    ],
    "265549_failureRate": 8.003311497783253e-09,
    "265550_logFailureRate": -8.096730279552911,
    "265556_failureRate": 0.0001,
    "265557_mass": [
        6,
        "kg"
    ],
    "265563_failureRate": 0.0001,
    "265564_mass": [
        6,
        "kg"
    ],
    "265570_failureRate": 0.0001,
    "265571_mass": [
        6,
        "kg"
    ],
    "265578_failureRate": 2e-05,
    "265579_mass": [
        10,
        "kg"
    ],
    "265586_failureRate": 2e-05,
    "265587_mass": [
        10,
        "kg"
    ],
    "265594_failureRate": 2e-05,
    "265595_mass": [
        10,
        "kg"
    ],
    "265601_failureRate": 8e-05,
    "265602_mass": [
        3.5,
        "kg"
    ],
    "265608_failureRate": 8e-05,
    "265609_mass": [
        3.5,
        "kg"
    ]
}