{
    "359712_mass": [
        39.5,
        "kg"
    ],
    "359713_failureRate": 8.003511672782485e-09,
    "359714_logFailureRate": -8.096719417322891,
    "359720_failureRate": 0.0001,
    "359721_mass": [
        6,
        "kg"
    ],
    "359727_failureRate": 0.0001,
    "359728_mass": [
        6,
        "kg"
    ],
    "359734_failureRate": 0.0001,
    "359735_mass": [
        6,
        "kg"
    ],
    "359742_failureRate": 0.0001,
    "359743_mass": [
        3,
        "kg"
    ],
    "359750_failureRate": 0.0001,
    "359751_mass": [
        3,
        "kg"
    ],
    "359758_failureRate": 4e-05,
    "359759_mass": [
        5,
        "kg"
    ],
    "359765_failureRate": 8e-05,
    "359766_mass": [
        3.5,
        "kg"
    ],
    "359772_failureRate": 8e-05,
    "359773_mass": [
        3.5,
        "kg"
    ],
    "359779_failureRate": 8e-05,
    "359780_mass": [
        3.5,
        "kg"
    ]
}