{
    "266973_mass": [
        37.5,
        "kg"
    ],
    "266974_failureRate": 0.00010002249874989998,
    "266975_logFailureRate": -3.999902300160896,
    "266981_failureRate": 0.00015,
    "266982_mass": [
        3,
        "kg"
    ],
    "266988_failureRate": 0.00015,
    "266989_mass": [
        3,
        "kg"
    ],
    "266996_failureRate": 0.0001,
    "266997_mass": [
        3,
        "kg"
    ],
    "267003_failureRate": 0.0001,
    "267004_mass": [
        9.5,
        "kg"
    ],
    "267010_failureRate": 0.0001,
    "267011_mass": [
        9.5,
        "kg"
    ],
    "267017_failureRate": 0.0001,
    "267018_mass": [
        9.5,
        "kg"
    ]
}