{
    "119401_mass": [
        57.5,
        "kg"
    ],
    "119402_failureRate": 3.879903146068691e-12,
    "119403_logFailureRate": -11.411179115553454,
    "119409_failureRate": 0.0001,
    "119410_mass": [
        6,
        "kg"
    ],
    "119416_failureRate": 0.0001,
    "119417_mass": [
        6,
        "kg"
    ],
    "119423_failureRate": 0.0001,
    "119424_mass": [
        6,
        "kg"
    ],
    "119431_failureRate": 0.0001,
    "119432_mass": [
        3,
        "kg"
    ],
    "119439_failureRate": 2e-05,
    "119440_mass": [
        10,
        "kg"
    ],
    "119447_failureRate": 2e-05,
    "119448_mass": [
        10,
        "kg"
    ],
    "119454_failureRate": 8e-05,
    "119455_mass": [
        3.5,
        "kg"
    ],
    "119461_failureRate": 8e-05,
    "119462_mass": [
        3.5,
        "kg"
    ],
    "119468_failureRate": 0.0001,
    "119469_mass": [
        9.5,
        "kg"
    ]
}