{
    "40977_mass": [
        48.5,
        "kg"
    ],
    "40978_failureRate": 3.901017913601806e-09,
    "40979_logFailureRate": -8.40882205538917,
    "40985_failureRate": 5e-05,
    "40986_mass": [
        9,
        "kg"
    ],
    "40992_failureRate": 5e-05,
    "40993_mass": [
        9,
        "kg"
    ],
    "41000_failureRate": 2e-05,
    "41001_mass": [
        10,
        "kg"
    ],
    "41008_failureRate": 2e-05,
    "41009_mass": [
        10,
        "kg"
    ],
    "41015_failureRate": 8e-05,
    "41016_mass": [
        3.5,
        "kg"
    ],
    "41022_failureRate": 8e-05,
    "41023_mass": [
        3.5,
        "kg"
    ],
    "41029_failureRate": 8e-05,
    "41030_mass": [
        3.5,
        "kg"
    ]
}