{
    "211133_mass": [
        47.5,
        "kg"
    ],
    "211134_failureRate": 5.463985533378087e-12,
    "211135_logFailureRate": -11.262490459176886,
    "211141_failureRate": 0.0001,
    "211142_mass": [
        6,
        "kg"
    ],
    "211148_failureRate": 0.0001,
    "211149_mass": [
        6,
        "kg"
    ],
    "211155_failureRate": 0.0001,
    "211156_mass": [
        6,
        "kg"
    ],
    "211163_failureRate": 4e-05,
    "211164_mass": [
        5,
        "kg"
    ],
    "211171_failureRate": 4e-05,
    "211172_mass": [
        5,
        "kg"
    ],
    "211179_failureRate": 4e-05,
    "211180_mass": [
        5,
        "kg"
    ],
    "211186_failureRate": 8e-05,
    "211187_mass": [
        3.5,
        "kg"
    ],
    "211193_failureRate": 0.0002,
    "211194_mass": [
        5.5,
        "kg"
    ],
    "211200_failureRate": 0.0002,
    "211201_mass": [
        5.5,
        "kg"
    ]
}