{
    "343014_mass": [
        43.5,
        "kg"
    ],
    "343015_failureRate": 2.58387487892437e-12,
    "343016_logFailureRate": -11.58772852036285,
    "343022_failureRate": 0.0001,
    "343023_mass": [
        6,
        "kg"
    ],
    "343029_failureRate": 0.0001,
    "343030_mass": [
        6,
        "kg"
    ],
    "343036_failureRate": 0.0001,
    "343037_mass": [
        6,
        "kg"
    ],
    "343044_failureRate": 4e-05,
    "343045_mass": [
        5,
        "kg"
    ],
    "343052_failureRate": 4e-05,
    "343053_mass": [
        5,
        "kg"
    ],
    "343060_failureRate": 4e-05,
    "343061_mass": [
        5,
        "kg"
    ],
    "343067_failureRate": 8e-05,
    "343068_mass": [
        3.5,
        "kg"
    ],
    "343074_failureRate": 8e-05,
    "343075_mass": [
        3.5,
        "kg"
    ],
    "343081_failureRate": 8e-05,
    "343082_mass": [
        3.5,
        "kg"
    ]
}