{
    "155547_mass": [
        70.5,
        "kg"
    ],
    "155548_failureRate": 3.2878255904164922e-12,
    "155549_logFailureRate": -11.48309122857989,
    "155555_failureRate": 0.0001,
    "155556_mass": [
        6,
        "kg"
    ],
    "155562_failureRate": 0.0001,
    "155563_mass": [
        6,
        "kg"
    ],
    "155569_failureRate": 0.0001,
    "155570_mass": [
        6,
        "kg"
    ],
    "155577_failureRate": 2e-05,
    "155578_mass": [
        10,
        "kg"
    ],
    "155585_failureRate": 2e-05,
    "155586_mass": [
        10,
        "kg"
    ],
    "155593_failureRate": 2e-05,
    "155594_mass": [
        10,
        "kg"
    ],
    "155600_failureRate": 8e-05,
    "155601_mass": [
        3.5,
        "kg"
    ],
    "155607_failureRate": 0.0001,
    "155608_mass": [
        9.5,
        "kg"
    ],
    "155614_failureRate": 0.0001,
    "155615_mass": [
        9.5,
        "kg"
    ]
}