{
    "303283_mass": [
        58.5,
        "kg"
    ],
    "303284_failureRate": 3.2037607367114625e-09,
    "303285_logFailureRate": -8.494339925361198,
    "303291_failureRate": 0.00015,
    "303292_mass": [
        3,
        "kg"
    ],
    "303298_failureRate": 0.00015,
    "303299_mass": [
        3,
        "kg"
    ],
    "303305_failureRate": 5e-05,
    "303306_mass": [
        9,
        "kg"
    ],
    "303313_failureRate": 4e-05,
    "303314_mass": [
        5,
        "kg"
    ],
    "303321_failureRate": 2e-05,
    "303322_mass": [
        10,
        "kg"
    ],
    "303329_failureRate": 2e-05,
    "303330_mass": [
        10,
        "kg"
    ],
    "303336_failureRate": 8e-05,
    "303337_mass": [
        3.5,
        "kg"
    ],
    "303343_failureRate": 0.0002,
    "303344_mass": [
        5.5,
        "kg"
    ],
    "303350_failureRate": 0.0001,
    "303351_mass": [
        9.5,
        "kg"
    ]
}