{
    "227738_mass": [
        23,
        "kg"
    ],
    "227739_failureRate": 5.769313625679711e-08,
    "227740_logFailureRate": -7.238875851716174,
    "227746_failureRate": 0.00015,
    "227747_mass": [
        3,
        "kg"
    ],
    "227753_failureRate": 0.00015,
    "227754_mass": [
        3,
        "kg"
    ],
    "227761_failureRate": 4e-05,
    "227762_mass": [
        5,
        "kg"
    ],
    "227769_failureRate": 4e-05,
    "227770_mass": [
        5,
        "kg"
    ],
    "227776_failureRate": 8e-05,
    "227777_mass": [
        3.5,
        "kg"
    ],
    "227783_failureRate": 8e-05,
    "227784_mass": [
        3.5,
        "kg"
    ]
}