{
    "343432_mass": [
        21.5,
        "kg"
    ],
    "343433_failureRate": 0.00019999000337432506,
    "343434_logFailureRate": -3.69899171227538,
    "343440_failureRate": 0.00015,
    "343441_mass": [
        3,
        "kg"
    ],
    "343447_failureRate": 0.00015,
    "343448_mass": [
        3,
        "kg"
    ],
    "343454_failureRate": 0.00015,
    "343455_mass": [
        3,
        "kg"
    ],
    "343462_failureRate": 0.0001,
    "343463_mass": [
        3,
        "kg"
    ],
    "343469_failureRate": 0.0001,
    "343470_mass": [
        9.5,
        "kg"
    ]
}