{
    "210154_mass": [
        53.5,
        "kg"
    ],
    "210155_failureRate": 5.0013229717e-09,
    "210156_logFailureRate": -8.30091509900201,
    "210162_failureRate": 0.00015,
    "210163_mass": [
        3,
        "kg"
    ],
    "210169_failureRate": 5e-05,
    "210170_mass": [
        9,
        "kg"
    ],
    "210176_failureRate": 5e-05,
    "210177_mass": [
        9,
        "kg"
    ],
    "210184_failureRate": 2e-05,
    "210185_mass": [
        10,
        "kg"
    ],
    "210192_failureRate": 2e-05,
    "210193_mass": [
        10,
        "kg"
    ],
    "210199_failureRate": 8e-05,
    "210200_mass": [
        3.5,
        "kg"
    ],
    "210206_failureRate": 8e-05,
    "210207_mass": [
        3.5,
        "kg"
    ],
    "210213_failureRate": 0.0002,
    "210214_mass": [
        5.5,
        "kg"
    ]
}