{
    "361196_mass": [
        50.5,
        "kg"
    ],
    "361197_failureRate": 5.5548464438231304e-12,
    "361198_logFailureRate": -11.25532794203761,
    "361204_failureRate": 0.00015,
    "361205_mass": [
        3,
        "kg"
    ],
    "361211_failureRate": 0.00015,
    "361212_mass": [
        3,
        "kg"
    ],
    "361218_failureRate": 5e-05,
    "361219_mass": [
        9,
        "kg"
    ],
    "361226_failureRate": 0.0001,
    "361227_mass": [
        3,
        "kg"
    ],
    "361234_failureRate": 4e-05,
    "361235_mass": [
        5,
        "kg"
    ],
    "361242_failureRate": 4e-05,
    "361243_mass": [
        5,
        "kg"
    ],
    "361249_failureRate": 8e-05,
    "361250_mass": [
        3.5,
        "kg"
    ],
    "361256_failureRate": 0.0001,
    "361257_mass": [
        9.5,
        "kg"
    ],
    "361263_failureRate": 0.0001,
    "361264_mass": [
        9.5,
        "kg"
    ]
}