{
    "39980_mass": [
        26.5,
        "kg"
    ],
    "39981_failureRate": 0.00010001500169967996,
    "39982_logFailureRate": -3.9999348533325296,
    "39988_failureRate": 0.00015,
    "39989_mass": [
        3,
        "kg"
    ],
    "39995_failureRate": 0.0001,
    "39996_mass": [
        6,
        "kg"
    ],
    "40003_failureRate": 0.0001,
    "40004_mass": [
        3,
        "kg"
    ],
    "40010_failureRate": 8e-05,
    "40011_mass": [
        3.5,
        "kg"
    ],
    "40017_failureRate": 0.0002,
    "40018_mass": [
        5.5,
        "kg"
    ],
    "40024_failureRate": 0.0002,
    "40025_mass": [
        5.5,
        "kg"
    ]
}