{
    "305468_mass": [
        40.5,
        "kg"
    ],
    "305469_failureRate": 0.0001000000006369363,
    "305470_logFailureRate": -3.9999999972338207,
    "305476_failureRate": 5e-05,
    "305477_mass": [
        9,
        "kg"
    ],
    "305483_failureRate": 5e-05,
    "305484_mass": [
        9,
        "kg"
    ],
    "305490_failureRate": 5e-05,
    "305491_mass": [
        9,
        "kg"
    ],
    "305498_failureRate": 0.0001,
    "305499_mass": [
        3,
        "kg"
    ],
    "305505_failureRate": 8e-05,
    "305506_mass": [
        3.5,
        "kg"
    ],
    "305512_failureRate": 8e-05,
    "305513_mass": [
        3.5,
        "kg"
    ],
    "305519_failureRate": 8e-05,
    "305520_mass": [
        3.5,
        "kg"
    ]
}