{
    "248144_mass": [
        36,
        "kg"
    ],
    "248145_failureRate": 4.729911944201979e-08,
    "248146_logFailureRate": -7.325146944357992,
    "248152_failureRate": 0.00015,
    "248153_mass": [
        3,
        "kg"
    ],
    "248159_failureRate": 0.00015,
    "248160_mass": [
        3,
        "kg"
    ],
    "248167_failureRate": 4e-05,
    "248168_mass": [
        5,
        "kg"
    ],
    "248175_failureRate": 2e-05,
    "248176_mass": [
        10,
        "kg"
    ],
    "248182_failureRate": 0.0002,
    "248183_mass": [
        5.5,
        "kg"
    ],
    "248189_failureRate": 0.0001,
    "248190_mass": [
        9.5,
        "kg"
    ]
}