{
    "133691_mass": [
        18,
        "kg"
    ],
    "133692_failureRate": 0.00015001839628014398,
    "133693_logFailureRate": -3.823855481523809,
    "133699_failureRate": 0.00015,
    "133700_mass": [
        3,
        "kg"
    ],
    "133707_failureRate": 0.0001,
    "133708_mass": [
        3,
        "kg"
    ],
    "133715_failureRate": 4e-05,
    "133716_mass": [
        5,
        "kg"
    ],
    "133722_failureRate": 8e-05,
    "133723_mass": [
        3.5,
        "kg"
    ],
    "133729_failureRate": 8e-05,
    "133730_mass": [
        3.5,
        "kg"
    ]
}