{
    "247858_mass": [
        24.5,
        "kg"
    ],
    "247859_failureRate": 0.00010001499977987199,
    "247860_logFailureRate": -3.9999348616688994,
    "247866_failureRate": 0.00015,
    "247867_mass": [
        3,
        "kg"
    ],
    "247873_failureRate": 0.0001,
    "247874_mass": [
        6,
        "kg"
    ],
    "247881_failureRate": 0.0001,
    "247882_mass": [
        3,
        "kg"
    ],
    "247888_failureRate": 8e-05,
    "247889_mass": [
        3.5,
        "kg"
    ],
    "247895_failureRate": 8e-05,
    "247896_mass": [
        3.5,
        "kg"
    ],
    "247902_failureRate": 0.0002,
    "247903_mass": [
        5.5,
        "kg"
    ]
}