{
    "173235_mass": [
        42.5,
        "kg"
    ],
    "173236_failureRate": 1.2997459604921438e-11,
    "173237_logFailureRate": -10.886141523645257,
    "173243_failureRate": 0.00015,
    "173244_mass": [
        3,
        "kg"
    ],
    "173250_failureRate": 0.00015,
    "173251_mass": [
        3,
        "kg"
    ],
    "173257_failureRate": 0.00015,
    "173258_mass": [
        3,
        "kg"
    ],
    "173265_failureRate": 4e-05,
    "173266_mass": [
        5,
        "kg"
    ],
    "173273_failureRate": 4e-05,
    "173274_mass": [
        5,
        "kg"
    ],
    "173281_failureRate": 4e-05,
    "173282_mass": [
        5,
        "kg"
    ],
    "173288_failureRate": 8e-05,
    "173289_mass": [
        3.5,
        "kg"
    ],
    "173295_failureRate": 0.0002,
    "173296_mass": [
        5.5,
        "kg"
    ],
    "173302_failureRate": 0.0001,
    "173303_mass": [
        9.5,
        "kg"
    ]
}