{
    "152970_mass": [
        34,
        "kg"
    ],
    "152971_failureRate": 9.604857274909838e-09,
    "152972_logFailureRate": -8.01750908423067,
    "152978_failureRate": 0.00015,
    "152979_mass": [
        3,
        "kg"
    ],
    "152985_failureRate": 0.00015,
    "152986_mass": [
        3,
        "kg"
    ],
    "152992_failureRate": 0.0001,
    "152993_mass": [
        6,
        "kg"
    ],
    "153000_failureRate": 4e-05,
    "153001_mass": [
        5,
        "kg"
    ],
    "153008_failureRate": 4e-05,
    "153009_mass": [
        5,
        "kg"
    ],
    "153016_failureRate": 4e-05,
    "153017_mass": [
        5,
        "kg"
    ],
    "153023_failureRate": 8e-05,
    "153024_mass": [
        3.5,
        "kg"
    ],
    "153030_failureRate": 8e-05,
    "153031_mass": [
        3.5,
        "kg"
    ]
}