{
    "247952_mass": [
        36.5,
        "kg"
    ],
    "247953_failureRate": 4.3697003934965994e-08,
    "247954_logFailureRate": -7.3595483392107655,
    "247960_failureRate": 0.00015,
    "247961_mass": [
        3,
        "kg"
    ],
    "247967_failureRate": 0.00015,
    "247968_mass": [
        3,
        "kg"
    ],
    "247975_failureRate": 4e-05,
    "247976_mass": [
        5,
        "kg"
    ],
    "247983_failureRate": 4e-05,
    "247984_mass": [
        5,
        "kg"
    ],
    "247991_failureRate": 2e-05,
    "247992_mass": [
        10,
        "kg"
    ],
    "247998_failureRate": 8e-05,
    "247999_mass": [
        3.5,
        "kg"
    ],
    "248005_failureRate": 8e-05,
    "248006_mass": [
        3.5,
        "kg"
    ],
    "248012_failureRate": 8e-05,
    "248013_mass": [
        3.5,
        "kg"
    ]
}