{
    "77031_mass": [
        49.5,
        "kg"
    ],
    "77032_failureRate": 7.50449992488751e-09,
    "77033_logFailureRate": -8.12467824240776,
    "77039_failureRate": 0.00015,
    "77040_mass": [
        3,
        "kg"
    ],
    "77046_failureRate": 5e-05,
    "77047_mass": [
        9,
        "kg"
    ],
    "77054_failureRate": 0.0001,
    "77055_mass": [
        3,
        "kg"
    ],
    "77062_failureRate": 0.0001,
    "77063_mass": [
        3,
        "kg"
    ],
    "77070_failureRate": 0.0001,
    "77071_mass": [
        3,
        "kg"
    ],
    "77077_failureRate": 0.0001,
    "77078_mass": [
        9.5,
        "kg"
    ],
    "77084_failureRate": 0.0001,
    "77085_mass": [
        9.5,
        "kg"
    ],
    "77091_failureRate": 0.0001,
    "77092_mass": [
        9.5,
        "kg"
    ]
}