{
    "3011_mass": [
        18.5,
        "kg"
    ],
    "3012_failureRate": 0.000200012495500225,
    "3013_logFailureRate": -3.6989428715496224,
    "3019_failureRate": 0.00015,
    "3020_mass": [
        3,
        "kg"
    ],
    "3026_failureRate": 0.00015,
    "3027_mass": [
        3,
        "kg"
    ],
    "3034_failureRate": 0.0001,
    "3035_mass": [
        3,
        "kg"
    ],
    "3041_failureRate": 0.0001,
    "3042_mass": [
        9.5,
        "kg"
    ]
}