{
    "325771_mass": [
        47.5,
        "kg"
    ],
    "325772_failureRate": 3.4500799629982e-08,
    "325773_logFailureRate": -7.462170839104572,
    "325779_failureRate": 0.00015,
    "325780_mass": [
        3,
        "kg"
    ],
    "325786_failureRate": 0.00015,
    "325787_mass": [
        3,
        "kg"
    ],
    "325794_failureRate": 0.0001,
    "325795_mass": [
        3,
        "kg"
    ],
    "325802_failureRate": 2e-05,
    "325803_mass": [
        10,
        "kg"
    ],
    "325809_failureRate": 0.0001,
    "325810_mass": [
        9.5,
        "kg"
    ],
    "325816_failureRate": 0.0001,
    "325817_mass": [
        9.5,
        "kg"
    ],
    "325823_failureRate": 0.0001,
    "325824_mass": [
        9.5,
        "kg"
    ]
}