{
    "284895_mass": [
        59.5,
        "kg"
    ],
    "284896_failureRate": 4.378886886860408e-12,
    "284897_logFailureRate": -11.358636273133252,
    "284903_failureRate": 5e-05,
    "284904_mass": [
        9,
        "kg"
    ],
    "284910_failureRate": 5e-05,
    "284911_mass": [
        9,
        "kg"
    ],
    "284917_failureRate": 5e-05,
    "284918_mass": [
        9,
        "kg"
    ],
    "284925_failureRate": 0.0001,
    "284926_mass": [
        3,
        "kg"
    ],
    "284933_failureRate": 4e-05,
    "284934_mass": [
        5,
        "kg"
    ],
    "284941_failureRate": 2e-05,
    "284942_mass": [
        10,
        "kg"
    ],
    "284948_failureRate": 8e-05,
    "284949_mass": [
        3.5,
        "kg"
    ],
    "284955_failureRate": 0.0002,
    "284956_mass": [
        5.5,
        "kg"
    ],
    "284962_failureRate": 0.0002,
    "284963_mass": [
        5.5,
        "kg"
    ]
}