{
    "173522_mass": [
        45.5,
        "kg"
    ],
    "173523_failureRate": 8.0039895140008e-09,
    "173524_logFailureRate": -8.096693489003163,
    "173530_failureRate": 0.00015,
    "173531_mass": [
        3,
        "kg"
    ],
    "173537_failureRate": 0.0001,
    "173538_mass": [
        6,
        "kg"
    ],
    "173544_failureRate": 5e-05,
    "173545_mass": [
        9,
        "kg"
    ],
    "173552_failureRate": 0.0001,
    "173553_mass": [
        3,
        "kg"
    ],
    "173560_failureRate": 0.0001,
    "173561_mass": [
        3,
        "kg"
    ],
    "173568_failureRate": 4e-05,
    "173569_mass": [
        5,
        "kg"
    ],
    "173575_failureRate": 8e-05,
    "173576_mass": [
        3.5,
        "kg"
    ],
    "173582_failureRate": 8e-05,
    "173583_mass": [
        3.5,
        "kg"
    ],
    "173589_failureRate": 0.0001,
    "173590_mass": [
        9.5,
        "kg"
    ]
}