{
    "174316_mass": [
        37.5,
        "kg"
    ],
    "174317_failureRate": 7.503959501997983e-09,
    "174318_logFailureRate": -8.124709518459785,
    "174324_failureRate": 0.00015,
    "174325_mass": [
        3,
        "kg"
    ],
    "174331_failureRate": 5e-05,
    "174332_mass": [
        9,
        "kg"
    ],
    "174339_failureRate": 0.0001,
    "174340_mass": [
        3,
        "kg"
    ],
    "174347_failureRate": 4e-05,
    "174348_mass": [
        5,
        "kg"
    ],
    "174355_failureRate": 4e-05,
    "174356_mass": [
        5,
        "kg"
    ],
    "174362_failureRate": 8e-05,
    "174363_mass": [
        3.5,
        "kg"
    ],
    "174369_failureRate": 8e-05,
    "174370_mass": [
        3.5,
        "kg"
    ],
    "174376_failureRate": 0.0002,
    "174377_mass": [
        5.5,
        "kg"
    ]
}