{
    "247186_mass": [
        43.5,
        "kg"
    ],
    "247187_failureRate": 1.1201815762243828e-08,
    "247188_logFailureRate": -7.95071157450774,
    "247194_failureRate": 0.0001,
    "247195_mass": [
        6,
        "kg"
    ],
    "247201_failureRate": 0.0001,
    "247202_mass": [
        6,
        "kg"
    ],
    "247208_failureRate": 0.0001,
    "247209_mass": [
        6,
        "kg"
    ],
    "247216_failureRate": 4e-05,
    "247217_mass": [
        5,
        "kg"
    ],
    "247224_failureRate": 4e-05,
    "247225_mass": [
        5,
        "kg"
    ],
    "247232_failureRate": 4e-05,
    "247233_mass": [
        5,
        "kg"
    ],
    "247239_failureRate": 8e-05,
    "247240_mass": [
        3.5,
        "kg"
    ],
    "247246_failureRate": 8e-05,
    "247247_mass": [
        3.5,
        "kg"
    ],
    "247253_failureRate": 8e-05,
    "247254_mass": [
        3.5,
        "kg"
    ]
}