{
    "208978_mass": [
        25,
        "kg"
    ],
    "208979_failureRate": 4.43957600160064e-08,
    "208980_logFailureRate": -7.352658504875917,
    "208986_failureRate": 0.0001,
    "208987_mass": [
        6,
        "kg"
    ],
    "208993_failureRate": 0.0001,
    "208994_mass": [
        6,
        "kg"
    ],
    "209001_failureRate": 0.0001,
    "209002_mass": [
        3,
        "kg"
    ],
    "209009_failureRate": 0.0001,
    "209010_mass": [
        3,
        "kg"
    ],
    "209016_failureRate": 8e-05,
    "209017_mass": [
        3.5,
        "kg"
    ],
    "209023_failureRate": 8e-05,
    "209024_mass": [
        3.5,
        "kg"
    ]
}