{
    "210263_mass": [
        27,
        "kg"
    ],
    "210264_failureRate": 1.4408683451564201e-08,
    "210265_logFailureRate": -7.84137569967469,
    "210271_failureRate": 0.00015,
    "210272_mass": [
        3,
        "kg"
    ],
    "210278_failureRate": 0.00015,
    "210279_mass": [
        3,
        "kg"
    ],
    "210285_failureRate": 0.00015,
    "210286_mass": [
        3,
        "kg"
    ],
    "210293_failureRate": 0.0001,
    "210294_mass": [
        3,
        "kg"
    ],
    "210301_failureRate": 0.0001,
    "210302_mass": [
        3,
        "kg"
    ],
    "210309_failureRate": 4e-05,
    "210310_mass": [
        5,
        "kg"
    ],
    "210316_failureRate": 8e-05,
    "210317_mass": [
        3.5,
        "kg"
    ],
    "210323_failureRate": 8e-05,
    "210324_mass": [
        3.5,
        "kg"
    ]
}