{
    "211528_mass": [
        49.5,
        "kg"
    ],
    "211529_failureRate": 1.0001631939184025e-08,
    "211530_logFailureRate": -7.999929131564249,
    "211536_failureRate": 0.0001,
    "211537_mass": [
        6,
        "kg"
    ],
    "211543_failureRate": 0.0001,
    "211544_mass": [
        6,
        "kg"
    ],
    "211551_failureRate": 4e-05,
    "211552_mass": [
        5,
        "kg"
    ],
    "211559_failureRate": 2e-05,
    "211560_mass": [
        10,
        "kg"
    ],
    "211567_failureRate": 2e-05,
    "211568_mass": [
        10,
        "kg"
    ],
    "211574_failureRate": 8e-05,
    "211575_mass": [
        3.5,
        "kg"
    ],
    "211581_failureRate": 8e-05,
    "211582_mass": [
        3.5,
        "kg"
    ],
    "211588_failureRate": 0.0002,
    "211589_mass": [
        5.5,
        "kg"
    ]
}