{
    "362169_mass": [
        40.5,
        "kg"
    ],
    "362170_failureRate": 0.0001000000083741625,
    "362171_logFailureRate": -3.999999963631476,
    "362177_failureRate": 0.00015,
    "362178_mass": [
        3,
        "kg"
    ],
    "362184_failureRate": 5e-05,
    "362185_mass": [
        9,
        "kg"
    ],
    "362191_failureRate": 5e-05,
    "362192_mass": [
        9,
        "kg"
    ],
    "362199_failureRate": 0.0001,
    "362200_mass": [
        3,
        "kg"
    ],
    "362206_failureRate": 0.0002,
    "362207_mass": [
        5.5,
        "kg"
    ],
    "362213_failureRate": 0.0002,
    "362214_mass": [
        5.5,
        "kg"
    ],
    "362220_failureRate": 0.0002,
    "362221_mass": [
        5.5,
        "kg"
    ]
}