{
    "3497_mass": [
        27.5,
        "kg"
    ],
    "3498_failureRate": 0.00010000001187216274,
    "3499_logFailureRate": -3.9999999484398554,
    "3505_failureRate": 0.00015,
    "3506_mass": [
        3,
        "kg"
    ],
    "3512_failureRate": 0.00015,
    "3513_mass": [
        3,
        "kg"
    ],
    "3519_failureRate": 0.00015,
    "3520_mass": [
        3,
        "kg"
    ],
    "3527_failureRate": 0.0001,
    "3528_mass": [
        3,
        "kg"
    ],
    "3535_failureRate": 0.0001,
    "3536_mass": [
        3,
        "kg"
    ],
    "3543_failureRate": 0.0001,
    "3544_mass": [
        3,
        "kg"
    ],
    "3550_failureRate": 0.0001,
    "3551_mass": [
        9.5,
        "kg"
    ]
}