{
    "212382_mass": [
        49,
        "kg"
    ],
    "212383_failureRate": 9.60013296887928e-09,
    "212384_logFailureRate": -8.017722751621827,
    "212390_failureRate": 5e-05,
    "212391_mass": [
        9,
        "kg"
    ],
    "212397_failureRate": 5e-05,
    "212398_mass": [
        9,
        "kg"
    ],
    "212404_failureRate": 5e-05,
    "212405_mass": [
        9,
        "kg"
    ],
    "212412_failureRate": 4e-05,
    "212413_mass": [
        5,
        "kg"
    ],
    "212420_failureRate": 4e-05,
    "212421_mass": [
        5,
        "kg"
    ],
    "212428_failureRate": 4e-05,
    "212429_mass": [
        5,
        "kg"
    ],
    "212435_failureRate": 8e-05,
    "212436_mass": [
        3.5,
        "kg"
    ],
    "212442_failureRate": 8e-05,
    "212443_mass": [
        3.5,
        "kg"
    ]
}