{
    "211751_mass": [
        14.5,
        "kg"
    ],
    "211752_failureRate": 0.00039995000200000004,
    "211753_logFailureRate": -3.39799429670374,
    "211759_failureRate": 0.0001,
    "211760_mass": [
        6,
        "kg"
    ],
    "211767_failureRate": 0.0001,
    "211768_mass": [
        3,
        "kg"
    ],
    "211774_failureRate": 0.0002,
    "211775_mass": [
        5.5,
        "kg"
    ]
}