{
    "283736_mass": [
        45,
        "kg"
    ],
    "283737_failureRate": 4.01004274183793e-08,
    "283738_logFailureRate": -7.396850998341057,
    "283744_failureRate": 0.00015,
    "283745_mass": [
        3,
        "kg"
    ],
    "283751_failureRate": 0.00015,
    "283752_mass": [
        3,
        "kg"
    ],
    "283759_failureRate": 2e-05,
    "283760_mass": [
        10,
        "kg"
    ],
    "283767_failureRate": 2e-05,
    "283768_mass": [
        10,
        "kg"
    ],
    "283775_failureRate": 2e-05,
    "283776_mass": [
        10,
        "kg"
    ],
    "283782_failureRate": 8e-05,
    "283783_mass": [
        3.5,
        "kg"
    ],
    "283789_failureRate": 0.0002,
    "283790_mass": [
        5.5,
        "kg"
    ]
}