{
    "363283_mass": [
        25.5,
        "kg"
    ],
    "363284_failureRate": 2.5003026451309597e-08,
    "363285_logFailureRate": -7.60200741966587,
    "363291_failureRate": 0.00015,
    "363292_mass": [
        3,
        "kg"
    ],
    "363298_failureRate": 0.00015,
    "363299_mass": [
        3,
        "kg"
    ],
    "363305_failureRate": 0.00015,
    "363306_mass": [
        3,
        "kg"
    ],
    "363313_failureRate": 0.0001,
    "363314_mass": [
        3,
        "kg"
    ],
    "363321_failureRate": 0.0001,
    "363322_mass": [
        3,
        "kg"
    ],
    "363328_failureRate": 8e-05,
    "363329_mass": [
        3.5,
        "kg"
    ],
    "363335_failureRate": 8e-05,
    "363336_mass": [
        3.5,
        "kg"
    ],
    "363342_failureRate": 8e-05,
    "363343_mass": [
        3.5,
        "kg"
    ]
}