{
    "361601_mass": [
        51,
        "kg"
    ],
    "361602_failureRate": 2.149975186900408e-08,
    "361603_logFailureRate": -7.667566552295751,
    "361609_failureRate": 0.00015,
    "361610_mass": [
        3,
        "kg"
    ],
    "361616_failureRate": 5e-05,
    "361617_mass": [
        9,
        "kg"
    ],
    "361624_failureRate": 4e-05,
    "361625_mass": [
        5,
        "kg"
    ],
    "361632_failureRate": 4e-05,
    "361633_mass": [
        5,
        "kg"
    ],
    "361640_failureRate": 2e-05,
    "361641_mass": [
        10,
        "kg"
    ],
    "361647_failureRate": 0.0001,
    "361648_mass": [
        9.5,
        "kg"
    ],
    "361654_failureRate": 0.0001,
    "361655_mass": [
        9.5,
        "kg"
    ]
}