{
    "81250_mass": [
        15.5,
        "kg"
    ],
    "81251_failureRate": 0.00018000199820008,
    "81252_logFailureRate": -3.744722673771962,
    "81258_failureRate": 0.0001,
    "81259_mass": [
        6,
        "kg"
    ],
    "81266_failureRate": 0.0001,
    "81267_mass": [
        3,
        "kg"
    ],
    "81274_failureRate": 0.0001,
    "81275_mass": [
        3,
        "kg"
    ],
    "81281_failureRate": 8e-05,
    "81282_mass": [
        3.5,
        "kg"
    ]
}