{
    "191053_mass": [
        21.5,
        "kg"
    ],
    "191054_failureRate": 8.002999560016e-05,
    "191055_logFailureRate": -4.096747206982417,
    "191061_failureRate": 0.0001,
    "191062_mass": [
        6,
        "kg"
    ],
    "191068_failureRate": 0.0001,
    "191069_mass": [
        6,
        "kg"
    ],
    "191076_failureRate": 0.0001,
    "191077_mass": [
        3,
        "kg"
    ],
    "191084_failureRate": 0.0001,
    "191085_mass": [
        3,
        "kg"
    ],
    "191091_failureRate": 8e-05,
    "191092_mass": [
        3.5,
        "kg"
    ]
}