{
    "267406_mass": [
        43.5,
        "kg"
    ],
    "267407_failureRate": 1.5760524781804494e-12,
    "267408_logFailureRate": -11.802429325802843,
    "267414_failureRate": 0.0001,
    "267415_mass": [
        6,
        "kg"
    ],
    "267421_failureRate": 0.0001,
    "267422_mass": [
        6,
        "kg"
    ],
    "267428_failureRate": 0.0001,
    "267429_mass": [
        6,
        "kg"
    ],
    "267436_failureRate": 4e-05,
    "267437_mass": [
        5,
        "kg"
    ],
    "267444_failureRate": 4e-05,
    "267445_mass": [
        5,
        "kg"
    ],
    "267452_failureRate": 4e-05,
    "267453_mass": [
        5,
        "kg"
    ],
    "267459_failureRate": 8e-05,
    "267460_mass": [
        3.5,
        "kg"
    ],
    "267466_failureRate": 8e-05,
    "267467_mass": [
        3.5,
        "kg"
    ],
    "267473_failureRate": 8e-05,
    "267474_mass": [
        3.5,
        "kg"
    ]
}