{
    "134418_mass": [
        41,
        "kg"
    ],
    "134419_failureRate": 1.8999311924404004e-08,
    "134420_logFailureRate": -7.7212621270916735,
    "134426_failureRate": 0.0001,
    "134427_mass": [
        6,
        "kg"
    ],
    "134433_failureRate": 0.0001,
    "134434_mass": [
        6,
        "kg"
    ],
    "134440_failureRate": 5e-05,
    "134441_mass": [
        9,
        "kg"
    ],
    "134448_failureRate": 0.0001,
    "134449_mass": [
        3,
        "kg"
    ],
    "134456_failureRate": 2e-05,
    "134457_mass": [
        10,
        "kg"
    ],
    "134463_failureRate": 8e-05,
    "134464_mass": [
        3.5,
        "kg"
    ],
    "134470_failureRate": 8e-05,
    "134471_mass": [
        3.5,
        "kg"
    ]
}