{
    "363392_mass": [
        27.5,
        "kg"
    ],
    "363393_failureRate": 3.75044284620772e-08,
    "363394_logFailureRate": -7.4259174484565085,
    "363400_failureRate": 0.00015,
    "363401_mass": [
        3,
        "kg"
    ],
    "363407_failureRate": 0.00015,
    "363408_mass": [
        3,
        "kg"
    ],
    "363415_failureRate": 0.0001,
    "363416_mass": [
        3,
        "kg"
    ],
    "363423_failureRate": 0.0001,
    "363424_mass": [
        3,
        "kg"
    ],
    "363431_failureRate": 0.0001,
    "363432_mass": [
        3,
        "kg"
    ],
    "363438_failureRate": 8e-05,
    "363439_mass": [
        3.5,
        "kg"
    ],
    "363445_failureRate": 8e-05,
    "363446_mass": [
        3.5,
        "kg"
    ],
    "363452_failureRate": 0.0002,
    "363453_mass": [
        5.5,
        "kg"
    ]
}