{
    "191602_mass": [
        34,
        "kg"
    ],
    "191603_failureRate": 0.000100017498249925,
    "191604_logFailureRate": -3.9999240127141746,
    "191610_failureRate": 0.00015,
    "191611_mass": [
        3,
        "kg"
    ],
    "191617_failureRate": 5e-05,
    "191618_mass": [
        9,
        "kg"
    ],
    "191625_failureRate": 0.0001,
    "191626_mass": [
        3,
        "kg"
    ],
    "191632_failureRate": 0.0001,
    "191633_mass": [
        9.5,
        "kg"
    ],
    "191639_failureRate": 0.0001,
    "191640_mass": [
        9.5,
        "kg"
    ]
}