{
    "249692_mass": [
        40.5,
        "kg"
    ],
    "249693_failureRate": 1.5005764007527605e-08,
    "249694_logFailureRate": -7.823741887889482,
    "249700_failureRate": 0.00015,
    "249701_mass": [
        3,
        "kg"
    ],
    "249707_failureRate": 0.00015,
    "249708_mass": [
        3,
        "kg"
    ],
    "249714_failureRate": 5e-05,
    "249715_mass": [
        9,
        "kg"
    ],
    "249722_failureRate": 0.0001,
    "249723_mass": [
        3,
        "kg"
    ],
    "249730_failureRate": 0.0001,
    "249731_mass": [
        3,
        "kg"
    ],
    "249738_failureRate": 0.0001,
    "249739_mass": [
        3,
        "kg"
    ],
    "249745_failureRate": 8e-05,
    "249746_mass": [
        3.5,
        "kg"
    ],
    "249752_failureRate": 8e-05,
    "249753_mass": [
        3.5,
        "kg"
    ],
    "249759_failureRate": 0.0001,
    "249760_mass": [
        9.5,
        "kg"
    ]
}