{
    "193477_mass": [
        37.5,
        "kg"
    ],
    "193478_failureRate": 2.2507398440063496e-08,
    "193479_logFailureRate": -7.647674700842206,
    "193485_failureRate": 0.00015,
    "193486_mass": [
        3,
        "kg"
    ],
    "193492_failureRate": 0.00015,
    "193493_mass": [
        3,
        "kg"
    ],
    "193500_failureRate": 0.0001,
    "193501_mass": [
        3,
        "kg"
    ],
    "193508_failureRate": 0.0001,
    "193509_mass": [
        3,
        "kg"
    ],
    "193516_failureRate": 0.0001,
    "193517_mass": [
        3,
        "kg"
    ],
    "193523_failureRate": 8e-05,
    "193524_mass": [
        3.5,
        "kg"
    ],
    "193530_failureRate": 0.0001,
    "193531_mass": [
        9.5,
        "kg"
    ],
    "193537_failureRate": 0.0001,
    "193538_mass": [
        9.5,
        "kg"
    ]
}