{
    "324931_mass": [
        21.5,
        "kg"
    ],
    "324932_failureRate": 0.00022998800006398526,
    "324933_logFailureRate": -3.6382948232952366,
    "324939_failureRate": 0.00015,
    "324940_mass": [
        3,
        "kg"
    ],
    "324947_failureRate": 4e-05,
    "324948_mass": [
        5,
        "kg"
    ],
    "324955_failureRate": 4e-05,
    "324956_mass": [
        5,
        "kg"
    ],
    "324963_failureRate": 4e-05,
    "324964_mass": [
        5,
        "kg"
    ],
    "324970_failureRate": 8e-05,
    "324971_mass": [
        3.5,
        "kg"
    ]
}