{
    "194551_mass": [
        34.5,
        "kg"
    ],
    "194552_failureRate": 4.877200644713509e-12,
    "194553_logFailureRate": -11.31182937746165,
    "194559_failureRate": 0.00015,
    "194560_mass": [
        3,
        "kg"
    ],
    "194566_failureRate": 0.00015,
    "194567_mass": [
        3,
        "kg"
    ],
    "194573_failureRate": 5e-05,
    "194574_mass": [
        9,
        "kg"
    ],
    "194581_failureRate": 0.0001,
    "194582_mass": [
        3,
        "kg"
    ],
    "194589_failureRate": 0.0001,
    "194590_mass": [
        3,
        "kg"
    ],
    "194597_failureRate": 0.0001,
    "194598_mass": [
        3,
        "kg"
    ],
    "194604_failureRate": 8e-05,
    "194605_mass": [
        3.5,
        "kg"
    ],
    "194611_failureRate": 8e-05,
    "194612_mass": [
        3.5,
        "kg"
    ],
    "194618_failureRate": 8e-05,
    "194619_mass": [
        3.5,
        "kg"
    ]
}