{
    "342219_mass": [
        52.5,
        "kg"
    ],
    "342220_failureRate": 5.515216986873069e-12,
    "342221_logFailureRate": -11.25843739630669,
    "342227_failureRate": 0.00015,
    "342228_mass": [
        3,
        "kg"
    ],
    "342234_failureRate": 0.00015,
    "342235_mass": [
        3,
        "kg"
    ],
    "342241_failureRate": 5e-05,
    "342242_mass": [
        9,
        "kg"
    ],
    "342249_failureRate": 0.0001,
    "342250_mass": [
        3,
        "kg"
    ],
    "342257_failureRate": 2e-05,
    "342258_mass": [
        10,
        "kg"
    ],
    "342265_failureRate": 2e-05,
    "342266_mass": [
        10,
        "kg"
    ],
    "342272_failureRate": 8e-05,
    "342273_mass": [
        3.5,
        "kg"
    ],
    "342279_failureRate": 0.0002,
    "342280_mass": [
        5.5,
        "kg"
    ],
    "342286_failureRate": 0.0002,
    "342287_mass": [
        5.5,
        "kg"
    ]
}