{
    "24180_mass": [
        39.5,
        "kg"
    ],
    "24181_failureRate": 0.000150004407258652,
    "24182_logFailureRate": -3.8238959808110224,
    "24188_failureRate": 0.00015,
    "24189_mass": [
        3,
        "kg"
    ],
    "24196_failureRate": 2e-05,
    "24197_mass": [
        10,
        "kg"
    ],
    "24204_failureRate": 2e-05,
    "24205_mass": [
        10,
        "kg"
    ],
    "24211_failureRate": 0.0002,
    "24212_mass": [
        5.5,
        "kg"
    ],
    "24218_failureRate": 0.0002,
    "24219_mass": [
        5.5,
        "kg"
    ],
    "24225_failureRate": 0.0002,
    "24226_mass": [
        5.5,
        "kg"
    ]
}