{
    "135980_mass": [
        19,
        "kg"
    ],
    "135981_failureRate": 8.18870106759904e-08,
    "135982_logFailureRate": -7.086784982722295,
    "135988_failureRate": 0.00015,
    "135989_mass": [
        3,
        "kg"
    ],
    "135995_failureRate": 0.00015,
    "135996_mass": [
        3,
        "kg"
    ],
    "136003_failureRate": 0.0001,
    "136004_mass": [
        3,
        "kg"
    ],
    "136011_failureRate": 0.0001,
    "136012_mass": [
        3,
        "kg"
    ],
    "136018_failureRate": 8e-05,
    "136019_mass": [
        3.5,
        "kg"
    ],
    "136025_failureRate": 8e-05,
    "136026_mass": [
        3.5,
        "kg"
    ]
}