{
    "116450_mass": [
        39.5,
        "kg"
    ],
    "116451_failureRate": 7.507006939887135e-09,
    "116452_logFailureRate": -8.124533182647895,
    "116458_failureRate": 0.00015,
    "116459_mass": [
        3,
        "kg"
    ],
    "116465_failureRate": 5e-05,
    "116466_mass": [
        9,
        "kg"
    ],
    "116473_failureRate": 4e-05,
    "116474_mass": [
        5,
        "kg"
    ],
    "116481_failureRate": 4e-05,
    "116482_mass": [
        5,
        "kg"
    ],
    "116489_failureRate": 4e-05,
    "116490_mass": [
        5,
        "kg"
    ],
    "116496_failureRate": 8e-05,
    "116497_mass": [
        3.5,
        "kg"
    ],
    "116503_failureRate": 8e-05,
    "116504_mass": [
        3.5,
        "kg"
    ],
    "116510_failureRate": 0.0002,
    "116511_mass": [
        5.5,
        "kg"
    ]
}