{
    "42782_mass": [
        17.5,
        "kg"
    ],
    "42783_failureRate": 0.000120011798200048,
    "42784_logFailureRate": -3.92077605694148,
    "42790_failureRate": 0.00015,
    "42791_mass": [
        3,
        "kg"
    ],
    "42797_failureRate": 0.0001,
    "42798_mass": [
        6,
        "kg"
    ],
    "42805_failureRate": 4e-05,
    "42806_mass": [
        5,
        "kg"
    ],
    "42812_failureRate": 8e-05,
    "42813_mass": [
        3.5,
        "kg"
    ]
}