{
    "96688_mass": [
        42.5,
        "kg"
    ],
    "96689_failureRate": 1.001282253263425e-08,
    "96690_logFailureRate": -7.99944348120611,
    "96696_failureRate": 0.00015,
    "96697_mass": [
        3,
        "kg"
    ],
    "96703_failureRate": 0.00015,
    "96704_mass": [
        3,
        "kg"
    ],
    "96710_failureRate": 0.00015,
    "96711_mass": [
        3,
        "kg"
    ],
    "96718_failureRate": 0.0001,
    "96719_mass": [
        3,
        "kg"
    ],
    "96726_failureRate": 0.0001,
    "96727_mass": [
        3,
        "kg"
    ],
    "96734_failureRate": 4e-05,
    "96735_mass": [
        5,
        "kg"
    ],
    "96741_failureRate": 8e-05,
    "96742_mass": [
        3.5,
        "kg"
    ],
    "96748_failureRate": 0.0001,
    "96749_mass": [
        9.5,
        "kg"
    ],
    "96755_failureRate": 0.0001,
    "96756_mass": [
        9.5,
        "kg"
    ]
}