{
    "42955_mass": [
        42,
        "kg"
    ],
    "42956_failureRate": 6.000599540066997e-08,
    "42957_logFailureRate": -7.221805355627227,
    "42963_failureRate": 0.0001,
    "42964_mass": [
        6,
        "kg"
    ],
    "42970_failureRate": 0.0001,
    "42971_mass": [
        6,
        "kg"
    ],
    "42977_failureRate": 0.0001,
    "42978_mass": [
        6,
        "kg"
    ],
    "42985_failureRate": 0.0001,
    "42986_mass": [
        3,
        "kg"
    ],
    "42993_failureRate": 0.0001,
    "42994_mass": [
        3,
        "kg"
    ],
    "43001_failureRate": 0.0001,
    "43002_mass": [
        3,
        "kg"
    ],
    "43008_failureRate": 0.0002,
    "43009_mass": [
        5.5,
        "kg"
    ],
    "43015_failureRate": 0.0001,
    "43016_mass": [
        9.5,
        "kg"
    ]
}