{
    "192835_mass": [
        48.5,
        "kg"
    ],
    "192836_failureRate": 3.5123682170912987e-09,
    "192837_logFailureRate": -8.454399961368349,
    "192843_failureRate": 5e-05,
    "192844_mass": [
        9,
        "kg"
    ],
    "192850_failureRate": 5e-05,
    "192851_mass": [
        9,
        "kg"
    ],
    "192858_failureRate": 0.0001,
    "192859_mass": [
        3,
        "kg"
    ],
    "192866_failureRate": 0.0001,
    "192867_mass": [
        3,
        "kg"
    ],
    "192874_failureRate": 2e-05,
    "192875_mass": [
        10,
        "kg"
    ],
    "192881_failureRate": 8e-05,
    "192882_mass": [
        3.5,
        "kg"
    ],
    "192888_failureRate": 0.0002,
    "192889_mass": [
        5.5,
        "kg"
    ],
    "192895_failureRate": 0.0002,
    "192896_mass": [
        5.5,
        "kg"
    ]
}