{
    "153194_mass": [
        21.5,
        "kg"
    ],
    "153195_failureRate": 0.00022001849505009,
    "153196_logFailureRate": -3.657540810266047,
    "153202_failureRate": 0.00015,
    "153203_mass": [
        3,
        "kg"
    ],
    "153209_failureRate": 0.00015,
    "153210_mass": [
        3,
        "kg"
    ],
    "153217_failureRate": 2e-05,
    "153218_mass": [
        10,
        "kg"
    ],
    "153224_failureRate": 0.0002,
    "153225_mass": [
        5.5,
        "kg"
    ]
}