{
    "286567_mass": [
        34.5,
        "kg"
    ],
    "286568_failureRate": 7.486132510361153e-12,
    "286569_logFailureRate": -11.125742489803843,
    "286575_failureRate": 0.00015,
    "286576_mass": [
        3,
        "kg"
    ],
    "286582_failureRate": 0.00015,
    "286583_mass": [
        3,
        "kg"
    ],
    "286589_failureRate": 5e-05,
    "286590_mass": [
        9,
        "kg"
    ],
    "286597_failureRate": 0.0001,
    "286598_mass": [
        3,
        "kg"
    ],
    "286605_failureRate": 0.0001,
    "286606_mass": [
        3,
        "kg"
    ],
    "286613_failureRate": 0.0001,
    "286614_mass": [
        3,
        "kg"
    ],
    "286620_failureRate": 8e-05,
    "286621_mass": [
        3.5,
        "kg"
    ],
    "286627_failureRate": 8e-05,
    "286628_mass": [
        3.5,
        "kg"
    ],
    "286634_failureRate": 8e-05,
    "286635_mass": [
        3.5,
        "kg"
    ]
}