{
    "193264_mass": [
        27,
        "kg"
    ],
    "193265_failureRate": 4.600229835013001e-08,
    "193266_logFailureRate": -7.337220469713129,
    "193272_failureRate": 0.00015,
    "193273_mass": [
        3,
        "kg"
    ],
    "193279_failureRate": 0.0001,
    "193280_mass": [
        6,
        "kg"
    ],
    "193287_failureRate": 0.0001,
    "193288_mass": [
        3,
        "kg"
    ],
    "193295_failureRate": 0.0001,
    "193296_mass": [
        3,
        "kg"
    ],
    "193303_failureRate": 0.0001,
    "193304_mass": [
        3,
        "kg"
    ],
    "193310_failureRate": 8e-05,
    "193311_mass": [
        3.5,
        "kg"
    ],
    "193317_failureRate": 0.0002,
    "193318_mass": [
        5.5,
        "kg"
    ]
}