{
    "172685_mass": [
        56.5,
        "kg"
    ],
    "172686_failureRate": 3.4450058692582584e-12,
    "172687_logFailureRate": -11.462810033847994,
    "172693_failureRate": 0.00015,
    "172694_mass": [
        3,
        "kg"
    ],
    "172700_failureRate": 5e-05,
    "172701_mass": [
        9,
        "kg"
    ],
    "172707_failureRate": 5e-05,
    "172708_mass": [
        9,
        "kg"
    ],
    "172715_failureRate": 0.0001,
    "172716_mass": [
        3,
        "kg"
    ],
    "172723_failureRate": 2e-05,
    "172724_mass": [
        10,
        "kg"
    ],
    "172731_failureRate": 2e-05,
    "172732_mass": [
        10,
        "kg"
    ],
    "172738_failureRate": 8e-05,
    "172739_mass": [
        3.5,
        "kg"
    ],
    "172745_failureRate": 8e-05,
    "172746_mass": [
        3.5,
        "kg"
    ],
    "172752_failureRate": 0.0002,
    "172753_mass": [
        5.5,
        "kg"
    ]
}