{
    "246810_mass": [
        27.5,
        "kg"
    ],
    "246811_failureRate": 8.00060029585803e-05,
    "246812_logFailureRate": -4.096877426083322,
    "246818_failureRate": 0.00015,
    "246819_mass": [
        3,
        "kg"
    ],
    "246825_failureRate": 0.00015,
    "246826_mass": [
        3,
        "kg"
    ],
    "246832_failureRate": 0.00015,
    "246833_mass": [
        3,
        "kg"
    ],
    "246840_failureRate": 4e-05,
    "246841_mass": [
        5,
        "kg"
    ],
    "246848_failureRate": 4e-05,
    "246849_mass": [
        5,
        "kg"
    ],
    "246856_failureRate": 4e-05,
    "246857_mass": [
        5,
        "kg"
    ],
    "246863_failureRate": 8e-05,
    "246864_mass": [
        3.5,
        "kg"
    ]
}