{
    "360968_mass": [
        47.5,
        "kg"
    ],
    "360969_failureRate": 8.007383214398404e-09,
    "360970_logFailureRate": -8.096509386690016,
    "360976_failureRate": 0.0001,
    "360977_mass": [
        6,
        "kg"
    ],
    "360983_failureRate": 0.0001,
    "360984_mass": [
        6,
        "kg"
    ],
    "360990_failureRate": 0.0001,
    "360991_mass": [
        6,
        "kg"
    ],
    "360998_failureRate": 4e-05,
    "360999_mass": [
        5,
        "kg"
    ],
    "361006_failureRate": 4e-05,
    "361007_mass": [
        5,
        "kg"
    ],
    "361014_failureRate": 4e-05,
    "361015_mass": [
        5,
        "kg"
    ],
    "361021_failureRate": 8e-05,
    "361022_mass": [
        3.5,
        "kg"
    ],
    "361028_failureRate": 0.0002,
    "361029_mass": [
        5.5,
        "kg"
    ],
    "361035_failureRate": 0.0002,
    "361036_mass": [
        5.5,
        "kg"
    ]
}