{
    "138150_mass": [
        28.5,
        "kg"
    ],
    "138151_failureRate": 0.0002499850007998,
    "138152_logFailureRate": -3.6020860483891597,
    "138158_failureRate": 0.00015,
    "138159_mass": [
        3,
        "kg"
    ],
    "138166_failureRate": 0.0001,
    "138167_mass": [
        3,
        "kg"
    ],
    "138173_failureRate": 8e-05,
    "138174_mass": [
        3.5,
        "kg"
    ],
    "138180_failureRate": 0.0001,
    "138181_mass": [
        9.5,
        "kg"
    ],
    "138187_failureRate": 0.0001,
    "138188_mass": [
        9.5,
        "kg"
    ]
}