{
    "98530_mass": [
        27,
        "kg"
    ],
    "98531_failureRate": 0.00015001999629610558,
    "98532_logFailureRate": -3.823850849595894,
    "98538_failureRate": 0.00015,
    "98539_mass": [
        3,
        "kg"
    ],
    "98546_failureRate": 4e-05,
    "98547_mass": [
        5,
        "kg"
    ],
    "98554_failureRate": 2e-05,
    "98555_mass": [
        10,
        "kg"
    ],
    "98561_failureRate": 8e-05,
    "98562_mass": [
        3.5,
        "kg"
    ],
    "98568_failureRate": 0.0002,
    "98569_mass": [
        5.5,
        "kg"
    ]
}