{
    "250223_mass": [
        35,
        "kg"
    ],
    "250224_failureRate": 1.1201815736007042e-08,
    "250225_logFailureRate": -7.950711575524941,
    "250231_failureRate": 0.0001,
    "250232_mass": [
        6,
        "kg"
    ],
    "250238_failureRate": 0.0001,
    "250239_mass": [
        6,
        "kg"
    ],
    "250245_failureRate": 0.0001,
    "250246_mass": [
        6,
        "kg"
    ],
    "250253_failureRate": 4e-05,
    "250254_mass": [
        5,
        "kg"
    ],
    "250261_failureRate": 4e-05,
    "250262_mass": [
        5,
        "kg"
    ],
    "250268_failureRate": 8e-05,
    "250269_mass": [
        3.5,
        "kg"
    ],
    "250275_failureRate": 8e-05,
    "250276_mass": [
        3.5,
        "kg"
    ]
}