{
    "269700_mass": [
        17.5,
        "kg"
    ],
    "269701_failureRate": 0.000229988000399908,
    "269702_logFailureRate": -3.6382948226609018,
    "269708_failureRate": 0.00015,
    "269709_mass": [
        3,
        "kg"
    ],
    "269716_failureRate": 0.0001,
    "269717_mass": [
        3,
        "kg"
    ],
    "269724_failureRate": 0.0001,
    "269725_mass": [
        3,
        "kg"
    ],
    "269732_failureRate": 4e-05,
    "269733_mass": [
        5,
        "kg"
    ],
    "269739_failureRate": 8e-05,
    "269740_mass": [
        3.5,
        "kg"
    ]
}