{
    "192512_mass": [
        38,
        "kg"
    ],
    "192513_failureRate": 2.001299973996e-05,
    "192514_logFailureRate": -4.698687810270783,
    "192520_failureRate": 0.0001,
    "192521_mass": [
        6,
        "kg"
    ],
    "192527_failureRate": 5e-05,
    "192528_mass": [
        9,
        "kg"
    ],
    "192535_failureRate": 2e-05,
    "192536_mass": [
        10,
        "kg"
    ],
    "192542_failureRate": 8e-05,
    "192543_mass": [
        3.5,
        "kg"
    ],
    "192549_failureRate": 0.0001,
    "192550_mass": [
        9.5,
        "kg"
    ]
}