{
    "268571_mass": [
        48.5,
        "kg"
    ],
    "268572_failureRate": 2.9000749735e-08,
    "268573_logFailureRate": -7.537590774460888,
    "268579_failureRate": 0.00015,
    "268580_mass": [
        3,
        "kg"
    ],
    "268586_failureRate": 0.00015,
    "268587_mass": [
        3,
        "kg"
    ],
    "268593_failureRate": 0.0001,
    "268594_mass": [
        6,
        "kg"
    ],
    "268601_failureRate": 0.0001,
    "268602_mass": [
        3,
        "kg"
    ],
    "268609_failureRate": 4e-05,
    "268610_mass": [
        5,
        "kg"
    ],
    "268616_failureRate": 0.0001,
    "268617_mass": [
        9.5,
        "kg"
    ],
    "268623_failureRate": 0.0001,
    "268624_mass": [
        9.5,
        "kg"
    ],
    "268630_failureRate": 0.0001,
    "268631_mass": [
        9.5,
        "kg"
    ]
}