{
    "175380_mass": [
        46.5,
        "kg"
    ],
    "175381_failureRate": 8.506683916093946e-12,
    "175382_logFailureRate": -11.070239704029062,
    "175388_failureRate": 0.00015,
    "175389_mass": [
        3,
        "kg"
    ],
    "175395_failureRate": 0.0001,
    "175396_mass": [
        6,
        "kg"
    ],
    "175402_failureRate": 0.0001,
    "175403_mass": [
        6,
        "kg"
    ],
    "175410_failureRate": 4e-05,
    "175411_mass": [
        5,
        "kg"
    ],
    "175418_failureRate": 4e-05,
    "175419_mass": [
        5,
        "kg"
    ],
    "175426_failureRate": 4e-05,
    "175427_mass": [
        5,
        "kg"
    ],
    "175433_failureRate": 8e-05,
    "175434_mass": [
        3.5,
        "kg"
    ],
    "175440_failureRate": 8e-05,
    "175441_mass": [
        3.5,
        "kg"
    ],
    "175447_failureRate": 0.0001,
    "175448_mass": [
        9.5,
        "kg"
    ]
}