{
    "213265_mass": [
        38,
        "kg"
    ],
    "213266_failureRate": 0.00010002399604015281,
    "213267_logFailureRate": -3.999895799023295,
    "213273_failureRate": 0.0001,
    "213274_mass": [
        6,
        "kg"
    ],
    "213281_failureRate": 0.0001,
    "213282_mass": [
        3,
        "kg"
    ],
    "213289_failureRate": 2e-05,
    "213290_mass": [
        10,
        "kg"
    ],
    "213297_failureRate": 2e-05,
    "213298_mass": [
        10,
        "kg"
    ],
    "213304_failureRate": 8e-05,
    "213305_mass": [
        3.5,
        "kg"
    ],
    "213311_failureRate": 0.0002,
    "213312_mass": [
        5.5,
        "kg"
    ]
}