{
    "116636_mass": [
        27,
        "kg"
    ],
    "116637_failureRate": 2.64041439729502e-08,
    "116638_logFailureRate": -7.578327907851699,
    "116644_failureRate": 0.00015,
    "116645_mass": [
        3,
        "kg"
    ],
    "116651_failureRate": 0.00015,
    "116652_mass": [
        3,
        "kg"
    ],
    "116658_failureRate": 0.00015,
    "116659_mass": [
        3,
        "kg"
    ],
    "116666_failureRate": 0.0001,
    "116667_mass": [
        3,
        "kg"
    ],
    "116674_failureRate": 0.0001,
    "116675_mass": [
        3,
        "kg"
    ],
    "116682_failureRate": 4e-05,
    "116683_mass": [
        5,
        "kg"
    ],
    "116689_failureRate": 8e-05,
    "116690_mass": [
        3.5,
        "kg"
    ],
    "116696_failureRate": 8e-05,
    "116697_mass": [
        3.5,
        "kg"
    ]
}