{
    "95902_mass": [
        41.5,
        "kg"
    ],
    "95903_failureRate": 2.7000604775500003e-08,
    "95904_logFailureRate": -7.568626508147646,
    "95910_failureRate": 0.00015,
    "95911_mass": [
        3,
        "kg"
    ],
    "95917_failureRate": 0.00015,
    "95918_mass": [
        3,
        "kg"
    ],
    "95924_failureRate": 5e-05,
    "95925_mass": [
        9,
        "kg"
    ],
    "95932_failureRate": 0.0001,
    "95933_mass": [
        3,
        "kg"
    ],
    "95940_failureRate": 4e-05,
    "95941_mass": [
        5,
        "kg"
    ],
    "95947_failureRate": 8e-05,
    "95948_mass": [
        3.5,
        "kg"
    ],
    "95954_failureRate": 0.0002,
    "95955_mass": [
        5.5,
        "kg"
    ],
    "95961_failureRate": 0.0001,
    "95962_mass": [
        9.5,
        "kg"
    ]
}