{
    "189823_mass": [
        44,
        "kg"
    ],
    "189824_failureRate": 6.403501851131808e-09,
    "189825_logFailureRate": -8.193582460593996,
    "189831_failureRate": 0.00015,
    "189832_mass": [
        3,
        "kg"
    ],
    "189838_failureRate": 0.00015,
    "189839_mass": [
        3,
        "kg"
    ],
    "189845_failureRate": 0.0001,
    "189846_mass": [
        6,
        "kg"
    ],
    "189853_failureRate": 4e-05,
    "189854_mass": [
        5,
        "kg"
    ],
    "189861_failureRate": 2e-05,
    "189862_mass": [
        10,
        "kg"
    ],
    "189869_failureRate": 2e-05,
    "189870_mass": [
        10,
        "kg"
    ],
    "189876_failureRate": 8e-05,
    "189877_mass": [
        3.5,
        "kg"
    ],
    "189883_failureRate": 8e-05,
    "189884_mass": [
        3.5,
        "kg"
    ]
}