{
    "77866_mass": [
        28,
        "kg"
    ],
    "77867_failureRate": 0.00010001039864003201,
    "77868_logFailureRate": -3.9999548416280355,
    "77874_failureRate": 0.0001,
    "77875_mass": [
        6,
        "kg"
    ],
    "77882_failureRate": 4e-05,
    "77883_mass": [
        5,
        "kg"
    ],
    "77890_failureRate": 2e-05,
    "77891_mass": [
        10,
        "kg"
    ],
    "77897_failureRate": 8e-05,
    "77898_mass": [
        3.5,
        "kg"
    ],
    "77904_failureRate": 8e-05,
    "77905_mass": [
        3.5,
        "kg"
    ]
}