{
    "137146_mass": [
        28,
        "kg"
    ],
    "137147_failureRate": 3.8898179865605755e-08,
    "137148_logFailureRate": -7.410070719826413,
    "137154_failureRate": 0.00015,
    "137155_mass": [
        3,
        "kg"
    ],
    "137161_failureRate": 0.00015,
    "137162_mass": [
        3,
        "kg"
    ],
    "137169_failureRate": 4e-05,
    "137170_mass": [
        5,
        "kg"
    ],
    "137177_failureRate": 2e-05,
    "137178_mass": [
        10,
        "kg"
    ],
    "137184_failureRate": 8e-05,
    "137185_mass": [
        3.5,
        "kg"
    ],
    "137191_failureRate": 8e-05,
    "137192_mass": [
        3.5,
        "kg"
    ]
}