{
    "360183_mass": [
        33,
        "kg"
    ],
    "360184_failureRate": 1.6002924969905515e-08,
    "360185_logFailureRate": -7.7958006309570855,
    "360191_failureRate": 0.00015,
    "360192_mass": [
        3,
        "kg"
    ],
    "360198_failureRate": 0.00015,
    "360199_mass": [
        3,
        "kg"
    ],
    "360205_failureRate": 5e-05,
    "360206_mass": [
        9,
        "kg"
    ],
    "360213_failureRate": 0.0001,
    "360214_mass": [
        3,
        "kg"
    ],
    "360221_failureRate": 0.0001,
    "360222_mass": [
        3,
        "kg"
    ],
    "360229_failureRate": 0.0001,
    "360230_mass": [
        3,
        "kg"
    ],
    "360236_failureRate": 8e-05,
    "360237_mass": [
        3.5,
        "kg"
    ],
    "360243_failureRate": 0.0002,
    "360244_mass": [
        5.5,
        "kg"
    ]
}