{
    "360614_mass": [
        44.5,
        "kg"
    ],
    "360615_failureRate": 3.206723771581959e-09,
    "360616_logFailureRate": -8.493938448753957,
    "360622_failureRate": 0.00015,
    "360623_mass": [
        3,
        "kg"
    ],
    "360629_failureRate": 0.0001,
    "360630_mass": [
        6,
        "kg"
    ],
    "360636_failureRate": 0.0001,
    "360637_mass": [
        6,
        "kg"
    ],
    "360644_failureRate": 4e-05,
    "360645_mass": [
        5,
        "kg"
    ],
    "360652_failureRate": 4e-05,
    "360653_mass": [
        5,
        "kg"
    ],
    "360660_failureRate": 4e-05,
    "360661_mass": [
        5,
        "kg"
    ],
    "360667_failureRate": 8e-05,
    "360668_mass": [
        3.5,
        "kg"
    ],
    "360674_failureRate": 0.0002,
    "360675_mass": [
        5.5,
        "kg"
    ],
    "360681_failureRate": 0.0002,
    "360682_mass": [
        5.5,
        "kg"
    ]
}