{
    "342903_mass": [
        34,
        "kg"
    ],
    "342904_failureRate": 6.405861304258145e-09,
    "342905_logFailureRate": -8.19342246864557,
    "342911_failureRate": 0.00015,
    "342912_mass": [
        3,
        "kg"
    ],
    "342918_failureRate": 0.00015,
    "342919_mass": [
        3,
        "kg"
    ],
    "342925_failureRate": 0.0001,
    "342926_mass": [
        6,
        "kg"
    ],
    "342933_failureRate": 4e-05,
    "342934_mass": [
        5,
        "kg"
    ],
    "342941_failureRate": 4e-05,
    "342942_mass": [
        5,
        "kg"
    ],
    "342949_failureRate": 4e-05,
    "342950_mass": [
        5,
        "kg"
    ],
    "342956_failureRate": 8e-05,
    "342957_mass": [
        3.5,
        "kg"
    ],
    "342963_failureRate": 8e-05,
    "342964_mass": [
        3.5,
        "kg"
    ]
}