{
    "341223_mass": [
        30.5,
        "kg"
    ],
    "341224_failureRate": 9.841632595717195e-12,
    "341225_logFailureRate": -11.00693285192447,
    "341231_failureRate": 0.00015,
    "341232_mass": [
        3,
        "kg"
    ],
    "341238_failureRate": 0.00015,
    "341239_mass": [
        3,
        "kg"
    ],
    "341245_failureRate": 0.00015,
    "341246_mass": [
        3,
        "kg"
    ],
    "341253_failureRate": 0.0001,
    "341254_mass": [
        3,
        "kg"
    ],
    "341261_failureRate": 0.0001,
    "341262_mass": [
        3,
        "kg"
    ],
    "341269_failureRate": 4e-05,
    "341270_mass": [
        5,
        "kg"
    ],
    "341276_failureRate": 8e-05,
    "341277_mass": [
        3.5,
        "kg"
    ],
    "341283_failureRate": 8e-05,
    "341284_mass": [
        3.5,
        "kg"
    ],
    "341290_failureRate": 8e-05,
    "341291_mass": [
        3.5,
        "kg"
    ]
}