{
    "362265_mass": [
        17.5,
        "kg"
    ],
    "362266_failureRate": 0.00016999080016000002,
    "362267_logFailureRate": -3.769574581844434,
    "362273_failureRate": 5e-05,
    "362274_mass": [
        9,
        "kg"
    ],
    "362281_failureRate": 4e-05,
    "362282_mass": [
        5,
        "kg"
    ],
    "362288_failureRate": 8e-05,
    "362289_mass": [
        3.5,
        "kg"
    ]
}