{
    "303493_mass": [
        43,
        "kg"
    ],
    "303494_failureRate": 2.890091163001477e-08,
    "303495_logFailureRate": -7.539088457947928,
    "303501_failureRate": 0.00015,
    "303502_mass": [
        3,
        "kg"
    ],
    "303508_failureRate": 0.00015,
    "303509_mass": [
        3,
        "kg"
    ],
    "303516_failureRate": 2e-05,
    "303517_mass": [
        10,
        "kg"
    ],
    "303524_failureRate": 2e-05,
    "303525_mass": [
        10,
        "kg"
    ],
    "303532_failureRate": 2e-05,
    "303533_mass": [
        10,
        "kg"
    ],
    "303539_failureRate": 8e-05,
    "303540_mass": [
        3.5,
        "kg"
    ],
    "303546_failureRate": 8e-05,
    "303547_mass": [
        3.5,
        "kg"
    ]
}