{
    "209526_mass": [
        51.5,
        "kg"
    ],
    "209527_failureRate": 8.000249982799636e-05,
    "209528_logFailureRate": -4.096896442451274,
    "209534_failureRate": 5e-05,
    "209535_mass": [
        9,
        "kg"
    ],
    "209541_failureRate": 5e-05,
    "209542_mass": [
        9,
        "kg"
    ],
    "209549_failureRate": 2e-05,
    "209550_mass": [
        10,
        "kg"
    ],
    "209557_failureRate": 2e-05,
    "209558_mass": [
        10,
        "kg"
    ],
    "209565_failureRate": 2e-05,
    "209566_mass": [
        10,
        "kg"
    ],
    "209572_failureRate": 8e-05,
    "209573_mass": [
        3.5,
        "kg"
    ]
}