{
    "229941_mass": [
        20.5,
        "kg"
    ],
    "229942_failureRate": 8.0022498599968e-05,
    "229943_logFailureRate": -4.096787892456677,
    "229949_failureRate": 0.00015,
    "229950_mass": [
        3,
        "kg"
    ],
    "229956_failureRate": 0.00015,
    "229957_mass": [
        3,
        "kg"
    ],
    "229964_failureRate": 0.0001,
    "229965_mass": [
        3,
        "kg"
    ],
    "229972_failureRate": 0.0001,
    "229973_mass": [
        3,
        "kg"
    ],
    "229980_failureRate": 4e-05,
    "229981_mass": [
        5,
        "kg"
    ],
    "229987_failureRate": 8e-05,
    "229988_mass": [
        3.5,
        "kg"
    ]
}