{
    "193588_mass": [
        44.5,
        "kg"
    ],
    "193589_failureRate": 6.194293008400959e-12,
    "193590_logFailureRate": -11.208008255078369,
    "193596_failureRate": 0.00015,
    "193597_mass": [
        3,
        "kg"
    ],
    "193603_failureRate": 5e-05,
    "193604_mass": [
        9,
        "kg"
    ],
    "193610_failureRate": 5e-05,
    "193611_mass": [
        9,
        "kg"
    ],
    "193618_failureRate": 0.0001,
    "193619_mass": [
        3,
        "kg"
    ],
    "193626_failureRate": 0.0001,
    "193627_mass": [
        3,
        "kg"
    ],
    "193634_failureRate": 4e-05,
    "193635_mass": [
        5,
        "kg"
    ],
    "193641_failureRate": 8e-05,
    "193642_mass": [
        3.5,
        "kg"
    ],
    "193648_failureRate": 8e-05,
    "193649_mass": [
        3.5,
        "kg"
    ],
    "193655_failureRate": 0.0002,
    "193656_mass": [
        5.5,
        "kg"
    ]
}