{
    "268065_mass": [
        61.5,
        "kg"
    ],
    "268066_failureRate": 3.309697168974292e-12,
    "268067_logFailureRate": -11.480211741529432,
    "268073_failureRate": 0.0001,
    "268074_mass": [
        6,
        "kg"
    ],
    "268080_failureRate": 5e-05,
    "268081_mass": [
        9,
        "kg"
    ],
    "268087_failureRate": 5e-05,
    "268088_mass": [
        9,
        "kg"
    ],
    "268095_failureRate": 4e-05,
    "268096_mass": [
        5,
        "kg"
    ],
    "268103_failureRate": 2e-05,
    "268104_mass": [
        10,
        "kg"
    ],
    "268111_failureRate": 2e-05,
    "268112_mass": [
        10,
        "kg"
    ],
    "268118_failureRate": 8e-05,
    "268119_mass": [
        3.5,
        "kg"
    ],
    "268125_failureRate": 8e-05,
    "268126_mass": [
        3.5,
        "kg"
    ],
    "268132_failureRate": 0.0002,
    "268133_mass": [
        5.5,
        "kg"
    ]
}