{
    "343231_mass": [
        38,
        "kg"
    ],
    "343232_failureRate": 3.6597999874006e-08,
    "343233_logFailureRate": -7.436542648688051,
    "343239_failureRate": 0.00015,
    "343240_mass": [
        3,
        "kg"
    ],
    "343246_failureRate": 0.0001,
    "343247_mass": [
        6,
        "kg"
    ],
    "343254_failureRate": 4e-05,
    "343255_mass": [
        5,
        "kg"
    ],
    "343262_failureRate": 4e-05,
    "343263_mass": [
        5,
        "kg"
    ],
    "343269_failureRate": 0.0001,
    "343270_mass": [
        9.5,
        "kg"
    ],
    "343276_failureRate": 0.0001,
    "343277_mass": [
        9.5,
        "kg"
    ]
}