{
    "303709_mass": [
        19.5,
        "kg"
    ],
    "303710_failureRate": 0.00019998840016000004,
    "303711_logFailureRate": -3.698995193799025,
    "303717_failureRate": 0.0001,
    "303718_mass": [
        6,
        "kg"
    ],
    "303725_failureRate": 2e-05,
    "303726_mass": [
        10,
        "kg"
    ],
    "303732_failureRate": 8e-05,
    "303733_mass": [
        3.5,
        "kg"
    ]
}