{
    "362747_mass": [
        26.5,
        "kg"
    ],
    "362748_failureRate": 0.000119999299700008,
    "362749_logFailureRate": -3.9208212884299556,
    "362755_failureRate": 5e-05,
    "362756_mass": [
        9,
        "kg"
    ],
    "362762_failureRate": 5e-05,
    "362763_mass": [
        9,
        "kg"
    ],
    "362770_failureRate": 4e-05,
    "362771_mass": [
        5,
        "kg"
    ],
    "362777_failureRate": 8e-05,
    "362778_mass": [
        3.5,
        "kg"
    ]
}