{
    "172919_mass": [
        39.5,
        "kg"
    ],
    "172920_failureRate": 0.0001500000101976701,
    "172921_logFailureRate": -3.823908711419041,
    "172927_failureRate": 0.00015,
    "172928_mass": [
        3,
        "kg"
    ],
    "172935_failureRate": 0.0001,
    "172936_mass": [
        3,
        "kg"
    ],
    "172943_failureRate": 0.0001,
    "172944_mass": [
        3,
        "kg"
    ],
    "172951_failureRate": 2e-05,
    "172952_mass": [
        10,
        "kg"
    ],
    "172958_failureRate": 0.0002,
    "172959_mass": [
        5.5,
        "kg"
    ],
    "172965_failureRate": 0.0002,
    "172966_mass": [
        5.5,
        "kg"
    ],
    "172972_failureRate": 0.0001,
    "172973_mass": [
        9.5,
        "kg"
    ]
}