{
    "285428_mass": [
        66.5,
        "kg"
    ],
    "285429_failureRate": 2.1429196883108694e-12,
    "285430_logFailureRate": -11.668994105009036,
    "285436_failureRate": 5e-05,
    "285437_mass": [
        9,
        "kg"
    ],
    "285443_failureRate": 5e-05,
    "285444_mass": [
        9,
        "kg"
    ],
    "285450_failureRate": 5e-05,
    "285451_mass": [
        9,
        "kg"
    ],
    "285458_failureRate": 0.0001,
    "285459_mass": [
        3,
        "kg"
    ],
    "285466_failureRate": 2e-05,
    "285467_mass": [
        10,
        "kg"
    ],
    "285474_failureRate": 2e-05,
    "285475_mass": [
        10,
        "kg"
    ],
    "285481_failureRate": 8e-05,
    "285482_mass": [
        3.5,
        "kg"
    ],
    "285488_failureRate": 8e-05,
    "285489_mass": [
        3.5,
        "kg"
    ],
    "285495_failureRate": 0.0001,
    "285496_mass": [
        9.5,
        "kg"
    ]
}