{
    "359616_mass": [
        27,
        "kg"
    ],
    "359617_failureRate": 7.249599887509e-08,
    "359618_logFailureRate": -7.1396859619037745,
    "359624_failureRate": 0.00015,
    "359625_mass": [
        3,
        "kg"
    ],
    "359631_failureRate": 0.00015,
    "359632_mass": [
        3,
        "kg"
    ],
    "359639_failureRate": 0.0001,
    "359640_mass": [
        3,
        "kg"
    ],
    "359647_failureRate": 0.0001,
    "359648_mass": [
        3,
        "kg"
    ],
    "359654_failureRate": 0.0002,
    "359655_mass": [
        5.5,
        "kg"
    ],
    "359661_failureRate": 0.0001,
    "359662_mass": [
        9.5,
        "kg"
    ]
}