{
    "266754_mass": [
        55,
        "kg"
    ],
    "266755_failureRate": 4.9495877996802215e-08,
    "266756_logFailureRate": -7.305430967486295,
    "266762_failureRate": 0.00015,
    "266763_mass": [
        3,
        "kg"
    ],
    "266769_failureRate": 0.00015,
    "266770_mass": [
        3,
        "kg"
    ],
    "266777_failureRate": 2e-05,
    "266778_mass": [
        10,
        "kg"
    ],
    "266785_failureRate": 2e-05,
    "266786_mass": [
        10,
        "kg"
    ],
    "266793_failureRate": 2e-05,
    "266794_mass": [
        10,
        "kg"
    ],
    "266800_failureRate": 0.0001,
    "266801_mass": [
        9.5,
        "kg"
    ],
    "266807_failureRate": 0.0001,
    "266808_mass": [
        9.5,
        "kg"
    ]
}