{
    "157082_mass": [
        55.5,
        "kg"
    ],
    "157083_failureRate": 3.301086105870462e-08,
    "157084_logFailureRate": -7.481343147339884,
    "157090_failureRate": 0.00015,
    "157091_mass": [
        3,
        "kg"
    ],
    "157097_failureRate": 0.00015,
    "157098_mass": [
        3,
        "kg"
    ],
    "157104_failureRate": 0.00015,
    "157105_mass": [
        3,
        "kg"
    ],
    "157112_failureRate": 2e-05,
    "157113_mass": [
        10,
        "kg"
    ],
    "157120_failureRate": 2e-05,
    "157121_mass": [
        10,
        "kg"
    ],
    "157128_failureRate": 2e-05,
    "157129_mass": [
        10,
        "kg"
    ],
    "157135_failureRate": 0.0002,
    "157136_mass": [
        5.5,
        "kg"
    ],
    "157142_failureRate": 0.0002,
    "157143_mass": [
        5.5,
        "kg"
    ],
    "157149_failureRate": 0.0002,
    "157150_mass": [
        5.5,
        "kg"
    ]
}