{
    "342714_mass": [
        24,
        "kg"
    ],
    "342715_failureRate": 4.0013899443952e-05,
    "342716_logFailureRate": -4.397789123590507,
    "342722_failureRate": 0.00015,
    "342723_mass": [
        3,
        "kg"
    ],
    "342729_failureRate": 5e-05,
    "342730_mass": [
        9,
        "kg"
    ],
    "342737_failureRate": 4e-05,
    "342738_mass": [
        5,
        "kg"
    ],
    "342744_failureRate": 8e-05,
    "342745_mass": [
        3.5,
        "kg"
    ],
    "342751_failureRate": 8e-05,
    "342752_mass": [
        3.5,
        "kg"
    ]
}