{
    "211999_mass": [
        28,
        "kg"
    ],
    "212000_failureRate": 0.00010001549844994,
    "212001_logFailureRate": -3.99993269630251,
    "212007_failureRate": 0.00015,
    "212008_mass": [
        3,
        "kg"
    ],
    "212014_failureRate": 5e-05,
    "212015_mass": [
        9,
        "kg"
    ],
    "212022_failureRate": 0.0001,
    "212023_mass": [
        3,
        "kg"
    ],
    "212029_failureRate": 8e-05,
    "212030_mass": [
        3.5,
        "kg"
    ],
    "212036_failureRate": 0.0001,
    "212037_mass": [
        9.5,
        "kg"
    ]
}