{
    "229085_mass": [
        13.5,
        "kg"
    ],
    "229086_failureRate": 0.00038995600119999996,
    "229087_logFailureRate": -3.4089843917273823,
    "229093_failureRate": 0.00015,
    "229094_mass": [
        3,
        "kg"
    ],
    "229101_failureRate": 4e-05,
    "229102_mass": [
        5,
        "kg"
    ],
    "229108_failureRate": 0.0002,
    "229109_mass": [
        5.5,
        "kg"
    ]
}