{
    "324639_mass": [
        41.5,
        "kg"
    ],
    "324640_failureRate": 1.5918534833663074e-11,
    "324641_logFailureRate": -10.798096907888421,
    "324647_failureRate": 0.00015,
    "324648_mass": [
        3,
        "kg"
    ],
    "324654_failureRate": 0.00015,
    "324655_mass": [
        3,
        "kg"
    ],
    "324661_failureRate": 0.00015,
    "324662_mass": [
        3,
        "kg"
    ],
    "324669_failureRate": 4e-05,
    "324670_mass": [
        5,
        "kg"
    ],
    "324677_failureRate": 4e-05,
    "324678_mass": [
        5,
        "kg"
    ],
    "324685_failureRate": 2e-05,
    "324686_mass": [
        10,
        "kg"
    ],
    "324692_failureRate": 8e-05,
    "324693_mass": [
        3.5,
        "kg"
    ],
    "324699_failureRate": 8e-05,
    "324700_mass": [
        3.5,
        "kg"
    ],
    "324706_failureRate": 0.0002,
    "324707_mass": [
        5.5,
        "kg"
    ]
}