{
    "303597_mass": [
        58.5,
        "kg"
    ],
    "303598_failureRate": 1.06005698880028e-12,
    "303599_logFailureRate": -11.974670786380324,
    "303605_failureRate": 0.0001,
    "303606_mass": [
        6,
        "kg"
    ],
    "303612_failureRate": 5e-05,
    "303613_mass": [
        9,
        "kg"
    ],
    "303619_failureRate": 5e-05,
    "303620_mass": [
        9,
        "kg"
    ],
    "303627_failureRate": 0.0001,
    "303628_mass": [
        3,
        "kg"
    ],
    "303635_failureRate": 4e-05,
    "303636_mass": [
        5,
        "kg"
    ],
    "303643_failureRate": 2e-05,
    "303644_mass": [
        10,
        "kg"
    ],
    "303650_failureRate": 8e-05,
    "303651_mass": [
        3.5,
        "kg"
    ],
    "303657_failureRate": 8e-05,
    "303658_mass": [
        3.5,
        "kg"
    ],
    "303664_failureRate": 0.0001,
    "303665_mass": [
        9.5,
        "kg"
    ]
}