{
    "288220_mass": [
        56.5,
        "kg"
    ],
    "288221_failureRate": 1.0002284929979847e-08,
    "288222_logFailureRate": -7.999900778087146,
    "288228_failureRate": 0.00015,
    "288229_mass": [
        3,
        "kg"
    ],
    "288235_failureRate": 0.00015,
    "288236_mass": [
        3,
        "kg"
    ],
    "288242_failureRate": 5e-05,
    "288243_mass": [
        9,
        "kg"
    ],
    "288250_failureRate": 0.0001,
    "288251_mass": [
        3,
        "kg"
    ],
    "288258_failureRate": 4e-05,
    "288259_mass": [
        5,
        "kg"
    ],
    "288266_failureRate": 4e-05,
    "288267_mass": [
        5,
        "kg"
    ],
    "288273_failureRate": 0.0001,
    "288274_mass": [
        9.5,
        "kg"
    ],
    "288280_failureRate": 0.0001,
    "288281_mass": [
        9.5,
        "kg"
    ],
    "288287_failureRate": 0.0001,
    "288288_mass": [
        9.5,
        "kg"
    ]
}