{
    "209934_mass": [
        43.5,
        "kg"
    ],
    "209935_failureRate": 1.0012862783937927e-08,
    "209936_logFailureRate": -7.999441735356338,
    "209942_failureRate": 0.0001,
    "209943_mass": [
        6,
        "kg"
    ],
    "209949_failureRate": 0.0001,
    "209950_mass": [
        6,
        "kg"
    ],
    "209957_failureRate": 4e-05,
    "209958_mass": [
        5,
        "kg"
    ],
    "209965_failureRate": 4e-05,
    "209966_mass": [
        5,
        "kg"
    ],
    "209973_failureRate": 4e-05,
    "209974_mass": [
        5,
        "kg"
    ],
    "209980_failureRate": 0.0002,
    "209981_mass": [
        5.5,
        "kg"
    ],
    "209987_failureRate": 0.0002,
    "209988_mass": [
        5.5,
        "kg"
    ],
    "209994_failureRate": 0.0002,
    "209995_mass": [
        5.5,
        "kg"
    ]
}