{
    "248239_mass": [
        25.5,
        "kg"
    ],
    "248240_failureRate": 3.750236101102858e-08,
    "248241_logFailureRate": -7.425941389824712,
    "248247_failureRate": 0.00015,
    "248248_mass": [
        3,
        "kg"
    ],
    "248254_failureRate": 0.00015,
    "248255_mass": [
        3,
        "kg"
    ],
    "248262_failureRate": 0.0001,
    "248263_mass": [
        3,
        "kg"
    ],
    "248270_failureRate": 0.0001,
    "248271_mass": [
        3,
        "kg"
    ],
    "248278_failureRate": 0.0001,
    "248279_mass": [
        3,
        "kg"
    ],
    "248285_failureRate": 8e-05,
    "248286_mass": [
        3.5,
        "kg"
    ],
    "248292_failureRate": 8e-05,
    "248293_mass": [
        3.5,
        "kg"
    ],
    "248299_failureRate": 8e-05,
    "248300_mass": [
        3.5,
        "kg"
    ]
}