{
    "95822_mass": [
        27.5,
        "kg"
    ],
    "95823_failureRate": 0.00022000599780004003,
    "95824_logFailureRate": -3.6575654792870917,
    "95830_failureRate": 0.0001,
    "95831_mass": [
        6,
        "kg"
    ],
    "95837_failureRate": 0.0001,
    "95838_mass": [
        6,
        "kg"
    ],
    "95845_failureRate": 2e-05,
    "95846_mass": [
        10,
        "kg"
    ],
    "95852_failureRate": 0.0002,
    "95853_mass": [
        5.5,
        "kg"
    ]
}