{
    "137240_mass": [
        24.5,
        "kg"
    ],
    "137241_failureRate": 4.0000003886844524e-05,
    "137242_logFailureRate": -4.397939966471162,
    "137248_failureRate": 0.00015,
    "137249_mass": [
        3,
        "kg"
    ],
    "137255_failureRate": 0.00015,
    "137256_mass": [
        3,
        "kg"
    ],
    "137262_failureRate": 0.00015,
    "137263_mass": [
        3,
        "kg"
    ],
    "137270_failureRate": 4e-05,
    "137271_mass": [
        5,
        "kg"
    ],
    "137277_failureRate": 8e-05,
    "137278_mass": [
        3.5,
        "kg"
    ],
    "137284_failureRate": 8e-05,
    "137285_mass": [
        3.5,
        "kg"
    ],
    "137291_failureRate": 8e-05,
    "137292_mass": [
        3.5,
        "kg"
    ]
}