{
    "156447_mass": [
        42.5,
        "kg"
    ],
    "156448_failureRate": 1.1002631578901312e-08,
    "156449_logFailureRate": -7.958503429068213,
    "156455_failureRate": 0.0001,
    "156456_mass": [
        6,
        "kg"
    ],
    "156462_failureRate": 5e-05,
    "156463_mass": [
        9,
        "kg"
    ],
    "156470_failureRate": 4e-05,
    "156471_mass": [
        5,
        "kg"
    ],
    "156478_failureRate": 4e-05,
    "156479_mass": [
        5,
        "kg"
    ],
    "156486_failureRate": 4e-05,
    "156487_mass": [
        5,
        "kg"
    ],
    "156493_failureRate": 8e-05,
    "156494_mass": [
        3.5,
        "kg"
    ],
    "156500_failureRate": 8e-05,
    "156501_mass": [
        3.5,
        "kg"
    ],
    "156507_failureRate": 0.0002,
    "156508_mass": [
        5.5,
        "kg"
    ]
}