{
    "190272_mass": [
        46.5,
        "kg"
    ],
    "190273_failureRate": 3.3640253975443834e-12,
    "190274_logFailureRate": -11.473140734047805,
    "190280_failureRate": 0.00015,
    "190281_mass": [
        3,
        "kg"
    ],
    "190287_failureRate": 0.0001,
    "190288_mass": [
        6,
        "kg"
    ],
    "190294_failureRate": 0.0001,
    "190295_mass": [
        6,
        "kg"
    ],
    "190302_failureRate": 4e-05,
    "190303_mass": [
        5,
        "kg"
    ],
    "190310_failureRate": 4e-05,
    "190311_mass": [
        5,
        "kg"
    ],
    "190318_failureRate": 4e-05,
    "190319_mass": [
        5,
        "kg"
    ],
    "190325_failureRate": 8e-05,
    "190326_mass": [
        3.5,
        "kg"
    ],
    "190332_failureRate": 8e-05,
    "190333_mass": [
        3.5,
        "kg"
    ],
    "190339_failureRate": 0.0001,
    "190340_mass": [
        9.5,
        "kg"
    ]
}