{
    "307494_mass": [
        50.5,
        "kg"
    ],
    "307495_failureRate": 3.994956829253217e-12,
    "307496_logFailureRate": -11.398487909445961,
    "307502_failureRate": 0.00015,
    "307503_mass": [
        3,
        "kg"
    ],
    "307509_failureRate": 0.00015,
    "307510_mass": [
        3,
        "kg"
    ],
    "307516_failureRate": 5e-05,
    "307517_mass": [
        9,
        "kg"
    ],
    "307524_failureRate": 0.0001,
    "307525_mass": [
        3,
        "kg"
    ],
    "307532_failureRate": 2e-05,
    "307533_mass": [
        10,
        "kg"
    ],
    "307540_failureRate": 2e-05,
    "307541_mass": [
        10,
        "kg"
    ],
    "307547_failureRate": 8e-05,
    "307548_mass": [
        3.5,
        "kg"
    ],
    "307554_failureRate": 8e-05,
    "307555_mass": [
        3.5,
        "kg"
    ],
    "307561_failureRate": 0.0002,
    "307562_mass": [
        5.5,
        "kg"
    ]
}