{
    "212603_mass": [
        62.5,
        "kg"
    ],
    "212604_failureRate": 2.9149049979487606e-12,
    "212605_logFailureRate": -11.535375595120735,
    "212611_failureRate": 0.00015,
    "212612_mass": [
        3,
        "kg"
    ],
    "212618_failureRate": 5e-05,
    "212619_mass": [
        9,
        "kg"
    ],
    "212625_failureRate": 5e-05,
    "212626_mass": [
        9,
        "kg"
    ],
    "212633_failureRate": 0.0001,
    "212634_mass": [
        3,
        "kg"
    ],
    "212641_failureRate": 2e-05,
    "212642_mass": [
        10,
        "kg"
    ],
    "212649_failureRate": 2e-05,
    "212650_mass": [
        10,
        "kg"
    ],
    "212656_failureRate": 8e-05,
    "212657_mass": [
        3.5,
        "kg"
    ],
    "212663_failureRate": 0.0002,
    "212664_mass": [
        5.5,
        "kg"
    ],
    "212670_failureRate": 0.0001,
    "212671_mass": [
        9.5,
        "kg"
    ]
}