{
    "21159_mass": [
        35.5,
        "kg"
    ],
    "21160_failureRate": 8.001239876801921e-05,
    "21161_logFailureRate": -4.096842709266779,
    "21167_failureRate": 0.0001,
    "21168_mass": [
        6,
        "kg"
    ],
    "21174_failureRate": 0.0001,
    "21175_mass": [
        6,
        "kg"
    ],
    "21182_failureRate": 2e-05,
    "21183_mass": [
        10,
        "kg"
    ],
    "21190_failureRate": 2e-05,
    "21191_mass": [
        10,
        "kg"
    ],
    "21197_failureRate": 8e-05,
    "21198_mass": [
        3.5,
        "kg"
    ]
}