{
    "173020_mass": [
        26.5,
        "kg"
    ],
    "173021_failureRate": 0.00020002849346415757,
    "173022_logFailureRate": -3.6989081359717546,
    "173028_failureRate": 0.00015,
    "173029_mass": [
        3,
        "kg"
    ],
    "173035_failureRate": 0.00015,
    "173036_mass": [
        3,
        "kg"
    ],
    "173043_failureRate": 4e-05,
    "173044_mass": [
        5,
        "kg"
    ],
    "173051_failureRate": 4e-05,
    "173052_mass": [
        5,
        "kg"
    ],
    "173059_failureRate": 4e-05,
    "173060_mass": [
        5,
        "kg"
    ],
    "173066_failureRate": 0.0002,
    "173067_mass": [
        5.5,
        "kg"
    ]
}