{
    "59929_mass": [
        46,
        "kg"
    ],
    "59930_failureRate": 5.000799948000536e-05,
    "59931_logFailureRate": -4.300960518621147,
    "59937_failureRate": 5e-05,
    "59938_mass": [
        9,
        "kg"
    ],
    "59945_failureRate": 2e-05,
    "59946_mass": [
        10,
        "kg"
    ],
    "59953_failureRate": 2e-05,
    "59954_mass": [
        10,
        "kg"
    ],
    "59961_failureRate": 2e-05,
    "59962_mass": [
        10,
        "kg"
    ],
    "59968_failureRate": 8e-05,
    "59969_mass": [
        3.5,
        "kg"
    ],
    "59975_failureRate": 8e-05,
    "59976_mass": [
        3.5,
        "kg"
    ]
}