{
    "210044_mass": [
        28.5,
        "kg"
    ],
    "210045_failureRate": 3.300095120965853e-08,
    "210046_logFailureRate": -7.481473541965986,
    "210052_failureRate": 0.00015,
    "210053_mass": [
        3,
        "kg"
    ],
    "210059_failureRate": 0.0001,
    "210060_mass": [
        6,
        "kg"
    ],
    "210067_failureRate": 0.0001,
    "210068_mass": [
        3,
        "kg"
    ],
    "210075_failureRate": 0.0001,
    "210076_mass": [
        3,
        "kg"
    ],
    "210083_failureRate": 0.0001,
    "210084_mass": [
        3,
        "kg"
    ],
    "210090_failureRate": 8e-05,
    "210091_mass": [
        3.5,
        "kg"
    ],
    "210097_failureRate": 8e-05,
    "210098_mass": [
        3.5,
        "kg"
    ],
    "210104_failureRate": 8e-05,
    "210105_mass": [
        3.5,
        "kg"
    ]
}