{
    "341341_mass": [
        52.5,
        "kg"
    ],
    "341342_failureRate": 4.489753310036038e-12,
    "341343_logFailureRate": -11.347777520696752,
    "341349_failureRate": 0.00015,
    "341350_mass": [
        3,
        "kg"
    ],
    "341356_failureRate": 0.00015,
    "341357_mass": [
        3,
        "kg"
    ],
    "341363_failureRate": 0.0001,
    "341364_mass": [
        6,
        "kg"
    ],
    "341371_failureRate": 2e-05,
    "341372_mass": [
        10,
        "kg"
    ],
    "341379_failureRate": 2e-05,
    "341380_mass": [
        10,
        "kg"
    ],
    "341387_failureRate": 2e-05,
    "341388_mass": [
        10,
        "kg"
    ],
    "341394_failureRate": 8e-05,
    "341395_mass": [
        3.5,
        "kg"
    ],
    "341401_failureRate": 8e-05,
    "341402_mass": [
        3.5,
        "kg"
    ],
    "341408_failureRate": 8e-05,
    "341409_mass": [
        3.5,
        "kg"
    ]
}