{
    "137831_mass": [
        49.5,
        "kg"
    ],
    "137832_failureRate": 0.000100000000534934,
    "137833_logFailureRate": -3.9999999976768112,
    "137839_failureRate": 5e-05,
    "137840_mass": [
        9,
        "kg"
    ],
    "137846_failureRate": 5e-05,
    "137847_mass": [
        9,
        "kg"
    ],
    "137853_failureRate": 5e-05,
    "137854_mass": [
        9,
        "kg"
    ],
    "137861_failureRate": 0.0001,
    "137862_mass": [
        3,
        "kg"
    ],
    "137869_failureRate": 4e-05,
    "137870_mass": [
        5,
        "kg"
    ],
    "137877_failureRate": 4e-05,
    "137878_mass": [
        5,
        "kg"
    ],
    "137884_failureRate": 0.0001,
    "137885_mass": [
        9.5,
        "kg"
    ]
}