{
    "212719_mass": [
        35.5,
        "kg"
    ],
    "212720_failureRate": 2.9998351964794883e-08,
    "212721_logFailureRate": -7.522902603688854,
    "212727_failureRate": 0.0001,
    "212728_mass": [
        6,
        "kg"
    ],
    "212734_failureRate": 0.0001,
    "212735_mass": [
        6,
        "kg"
    ],
    "212742_failureRate": 0.0001,
    "212743_mass": [
        3,
        "kg"
    ],
    "212750_failureRate": 2e-05,
    "212751_mass": [
        10,
        "kg"
    ],
    "212757_failureRate": 8e-05,
    "212758_mass": [
        3.5,
        "kg"
    ],
    "212764_failureRate": 8e-05,
    "212765_mass": [
        3.5,
        "kg"
    ],
    "212771_failureRate": 8e-05,
    "212772_mass": [
        3.5,
        "kg"
    ]
}