{
    "249902_mass": [
        44.5,
        "kg"
    ],
    "249903_failureRate": 3.610251881409369e-08,
    "249904_logFailureRate": -7.442462497016756,
    "249910_failureRate": 0.00015,
    "249911_mass": [
        3,
        "kg"
    ],
    "249917_failureRate": 0.00015,
    "249918_mass": [
        3,
        "kg"
    ],
    "249925_failureRate": 4e-05,
    "249926_mass": [
        5,
        "kg"
    ],
    "249933_failureRate": 4e-05,
    "249934_mass": [
        5,
        "kg"
    ],
    "249940_failureRate": 0.0001,
    "249941_mass": [
        9.5,
        "kg"
    ],
    "249947_failureRate": 0.0001,
    "249948_mass": [
        9.5,
        "kg"
    ],
    "249954_failureRate": 0.0001,
    "249955_mass": [
        9.5,
        "kg"
    ]
}