{
    "324824_mass": [
        55.5,
        "kg"
    ],
    "324825_failureRate": 1.8001587789751876e-08,
    "324826_logFailureRate": -7.744689187234702,
    "324832_failureRate": 0.00015,
    "324833_mass": [
        3,
        "kg"
    ],
    "324839_failureRate": 0.0001,
    "324840_mass": [
        6,
        "kg"
    ],
    "324847_failureRate": 2e-05,
    "324848_mass": [
        10,
        "kg"
    ],
    "324855_failureRate": 2e-05,
    "324856_mass": [
        10,
        "kg"
    ],
    "324863_failureRate": 2e-05,
    "324864_mass": [
        10,
        "kg"
    ],
    "324870_failureRate": 8e-05,
    "324871_mass": [
        3.5,
        "kg"
    ],
    "324877_failureRate": 8e-05,
    "324878_mass": [
        3.5,
        "kg"
    ],
    "324884_failureRate": 0.0001,
    "324885_mass": [
        9.5,
        "kg"
    ]
}