{
    "323753_mass": [
        40.5,
        "kg"
    ],
    "323754_failureRate": 8.51409248760304e-12,
    "323755_logFailureRate": -11.069861636442477,
    "323761_failureRate": 0.00015,
    "323762_mass": [
        3,
        "kg"
    ],
    "323768_failureRate": 0.00015,
    "323769_mass": [
        3,
        "kg"
    ],
    "323775_failureRate": 5e-05,
    "323776_mass": [
        9,
        "kg"
    ],
    "323783_failureRate": 0.0001,
    "323784_mass": [
        3,
        "kg"
    ],
    "323791_failureRate": 0.0001,
    "323792_mass": [
        3,
        "kg"
    ],
    "323799_failureRate": 0.0001,
    "323800_mass": [
        3,
        "kg"
    ],
    "323806_failureRate": 8e-05,
    "323807_mass": [
        3.5,
        "kg"
    ],
    "323813_failureRate": 8e-05,
    "323814_mass": [
        3.5,
        "kg"
    ],
    "323820_failureRate": 0.0001,
    "323821_mass": [
        9.5,
        "kg"
    ]
}