{
    "267295_mass": [
        63,
        "kg"
    ],
    "267296_failureRate": 1.000185471401075e-08,
    "267297_logFailureRate": -7.999919458262826,
    "267303_failureRate": 0.00015,
    "267304_mass": [
        3,
        "kg"
    ],
    "267310_failureRate": 5e-05,
    "267311_mass": [
        9,
        "kg"
    ],
    "267317_failureRate": 5e-05,
    "267318_mass": [
        9,
        "kg"
    ],
    "267325_failureRate": 0.0001,
    "267326_mass": [
        3,
        "kg"
    ],
    "267333_failureRate": 2e-05,
    "267334_mass": [
        10,
        "kg"
    ],
    "267341_failureRate": 2e-05,
    "267342_mass": [
        10,
        "kg"
    ],
    "267348_failureRate": 0.0001,
    "267349_mass": [
        9.5,
        "kg"
    ],
    "267355_failureRate": 0.0001,
    "267356_mass": [
        9.5,
        "kg"
    ]
}