{
    "153866_mass": [
        43,
        "kg"
    ],
    "153867_failureRate": 4.389665001180147e-08,
    "153868_logFailureRate": -7.357568621828552,
    "153874_failureRate": 0.00015,
    "153875_mass": [
        3,
        "kg"
    ],
    "153881_failureRate": 0.00015,
    "153882_mass": [
        3,
        "kg"
    ],
    "153889_failureRate": 2e-05,
    "153890_mass": [
        10,
        "kg"
    ],
    "153897_failureRate": 2e-05,
    "153898_mass": [
        10,
        "kg"
    ],
    "153905_failureRate": 2e-05,
    "153906_mass": [
        10,
        "kg"
    ],
    "153912_failureRate": 8e-05,
    "153913_mass": [
        3.5,
        "kg"
    ],
    "153919_failureRate": 8e-05,
    "153920_mass": [
        3.5,
        "kg"
    ]
}