{
    "118564_mass": [
        43.5,
        "kg"
    ],
    "118565_failureRate": 4.135291786053579e-12,
    "118566_logFailureRate": -11.383493841225789,
    "118572_failureRate": 0.00015,
    "118573_mass": [
        3,
        "kg"
    ],
    "118579_failureRate": 0.00015,
    "118580_mass": [
        3,
        "kg"
    ],
    "118586_failureRate": 5e-05,
    "118587_mass": [
        9,
        "kg"
    ],
    "118594_failureRate": 0.0001,
    "118595_mass": [
        3,
        "kg"
    ],
    "118602_failureRate": 0.0001,
    "118603_mass": [
        3,
        "kg"
    ],
    "118610_failureRate": 2e-05,
    "118611_mass": [
        10,
        "kg"
    ],
    "118617_failureRate": 8e-05,
    "118618_mass": [
        3.5,
        "kg"
    ],
    "118624_failureRate": 8e-05,
    "118625_mass": [
        3.5,
        "kg"
    ],
    "118631_failureRate": 0.0002,
    "118632_mass": [
        5.5,
        "kg"
    ]
}