{
    "60132_mass": [
        27,
        "kg"
    ],
    "60133_failureRate": 0.00015004599190017998,
    "60134_logFailureRate": -3.8237756011647113,
    "60140_failureRate": 0.00015,
    "60141_mass": [
        3,
        "kg"
    ],
    "60148_failureRate": 0.0001,
    "60149_mass": [
        3,
        "kg"
    ],
    "60156_failureRate": 2e-05,
    "60157_mass": [
        10,
        "kg"
    ],
    "60163_failureRate": 0.0002,
    "60164_mass": [
        5.5,
        "kg"
    ],
    "60170_failureRate": 0.0002,
    "60171_mass": [
        5.5,
        "kg"
    ]
}