{
    "230155_mass": [
        42,
        "kg"
    ],
    "230156_failureRate": 2.9400449765786082e-08,
    "230157_logFailureRate": -7.531646025733933,
    "230163_failureRate": 0.00015,
    "230164_mass": [
        3,
        "kg"
    ],
    "230170_failureRate": 0.00015,
    "230171_mass": [
        3,
        "kg"
    ],
    "230177_failureRate": 0.0001,
    "230178_mass": [
        6,
        "kg"
    ],
    "230185_failureRate": 0.0001,
    "230186_mass": [
        3,
        "kg"
    ],
    "230193_failureRate": 2e-05,
    "230194_mass": [
        10,
        "kg"
    ],
    "230201_failureRate": 2e-05,
    "230202_mass": [
        10,
        "kg"
    ],
    "230208_failureRate": 8e-05,
    "230209_mass": [
        3.5,
        "kg"
    ],
    "230215_failureRate": 8e-05,
    "230216_mass": [
        3.5,
        "kg"
    ]
}