{
    "285664_mass": [
        45.5,
        "kg"
    ],
    "285665_failureRate": 2.9040431844456837e-12,
    "285666_logFailureRate": -11.536996929767048,
    "285672_failureRate": 0.0001,
    "285673_mass": [
        6,
        "kg"
    ],
    "285679_failureRate": 0.0001,
    "285680_mass": [
        6,
        "kg"
    ],
    "285686_failureRate": 0.0001,
    "285687_mass": [
        6,
        "kg"
    ],
    "285694_failureRate": 4e-05,
    "285695_mass": [
        5,
        "kg"
    ],
    "285702_failureRate": 4e-05,
    "285703_mass": [
        5,
        "kg"
    ],
    "285710_failureRate": 4e-05,
    "285711_mass": [
        5,
        "kg"
    ],
    "285717_failureRate": 8e-05,
    "285718_mass": [
        3.5,
        "kg"
    ],
    "285724_failureRate": 8e-05,
    "285725_mass": [
        3.5,
        "kg"
    ],
    "285731_failureRate": 0.0002,
    "285732_mass": [
        5.5,
        "kg"
    ]
}