{
    "21786_mass": [
        49.5,
        "kg"
    ],
    "21787_failureRate": 0.00010000699925599798,
    "21788_logFailureRate": -3.9999696036811723,
    "21794_failureRate": 0.0001,
    "21795_mass": [
        6,
        "kg"
    ],
    "21801_failureRate": 5e-05,
    "21802_mass": [
        9,
        "kg"
    ],
    "21809_failureRate": 4e-05,
    "21810_mass": [
        5,
        "kg"
    ],
    "21817_failureRate": 2e-05,
    "21818_mass": [
        10,
        "kg"
    ],
    "21825_failureRate": 2e-05,
    "21826_mass": [
        10,
        "kg"
    ],
    "21832_failureRate": 0.0001,
    "21833_mass": [
        9.5,
        "kg"
    ]
}