{
    "209192_mass": [
        46.5,
        "kg"
    ],
    "209193_failureRate": 4.68983485008162e-12,
    "209194_logFailureRate": -11.32884245045359,
    "209200_failureRate": 0.00015,
    "209201_mass": [
        3,
        "kg"
    ],
    "209207_failureRate": 0.00015,
    "209208_mass": [
        3,
        "kg"
    ],
    "209214_failureRate": 0.0001,
    "209215_mass": [
        6,
        "kg"
    ],
    "209222_failureRate": 0.0001,
    "209223_mass": [
        3,
        "kg"
    ],
    "209230_failureRate": 4e-05,
    "209231_mass": [
        5,
        "kg"
    ],
    "209238_failureRate": 2e-05,
    "209239_mass": [
        10,
        "kg"
    ],
    "209245_failureRate": 8e-05,
    "209246_mass": [
        3.5,
        "kg"
    ],
    "209252_failureRate": 8e-05,
    "209253_mass": [
        3.5,
        "kg"
    ],
    "209259_failureRate": 0.0001,
    "209260_mass": [
        9.5,
        "kg"
    ]
}