{
    "194142_mass": [
        18.5,
        "kg"
    ],
    "194143_failureRate": 8.003749724945508e-05,
    "194144_logFailureRate": -4.096706500092611,
    "194150_failureRate": 0.00015,
    "194151_mass": [
        3,
        "kg"
    ],
    "194157_failureRate": 0.00015,
    "194158_mass": [
        3,
        "kg"
    ],
    "194165_failureRate": 0.0001,
    "194166_mass": [
        3,
        "kg"
    ],
    "194173_failureRate": 0.0001,
    "194174_mass": [
        3,
        "kg"
    ],
    "194181_failureRate": 0.0001,
    "194182_mass": [
        3,
        "kg"
    ],
    "194188_failureRate": 8e-05,
    "194189_mass": [
        3.5,
        "kg"
    ]
}