{
    "20866_mass": [
        67.5,
        "kg"
    ],
    "20867_failureRate": 4.623042191504446e-12,
    "20868_logFailureRate": -11.335072143020072,
    "20874_failureRate": 0.00015,
    "20875_mass": [
        3,
        "kg"
    ],
    "20881_failureRate": 0.00015,
    "20882_mass": [
        3,
        "kg"
    ],
    "20888_failureRate": 0.00015,
    "20889_mass": [
        3,
        "kg"
    ],
    "20896_failureRate": 2e-05,
    "20897_mass": [
        10,
        "kg"
    ],
    "20904_failureRate": 2e-05,
    "20905_mass": [
        10,
        "kg"
    ],
    "20912_failureRate": 2e-05,
    "20913_mass": [
        10,
        "kg"
    ],
    "20919_failureRate": 0.0001,
    "20920_mass": [
        9.5,
        "kg"
    ],
    "20926_failureRate": 0.0001,
    "20927_mass": [
        9.5,
        "kg"
    ],
    "20933_failureRate": 0.0001,
    "20934_mass": [
        9.5,
        "kg"
    ]
}