{
    "97549_mass": [
        36.5,
        "kg"
    ],
    "97550_failureRate": 1.5007778735959012e-08,
    "97551_logFailureRate": -7.823683581847501,
    "97557_failureRate": 0.00015,
    "97558_mass": [
        3,
        "kg"
    ],
    "97564_failureRate": 0.0001,
    "97565_mass": [
        6,
        "kg"
    ],
    "97571_failureRate": 0.0001,
    "97572_mass": [
        6,
        "kg"
    ],
    "97579_failureRate": 0.0001,
    "97580_mass": [
        3,
        "kg"
    ],
    "97587_failureRate": 0.0001,
    "97588_mass": [
        3,
        "kg"
    ],
    "97595_failureRate": 0.0001,
    "97596_mass": [
        3,
        "kg"
    ],
    "97602_failureRate": 8e-05,
    "97603_mass": [
        3.5,
        "kg"
    ],
    "97609_failureRate": 8e-05,
    "97610_mass": [
        3.5,
        "kg"
    ],
    "97616_failureRate": 0.0002,
    "97617_mass": [
        5.5,
        "kg"
    ]
}