{
    "344102_mass": [
        52.5,
        "kg"
    ],
    "344103_failureRate": 8.979631193488599e-12,
    "344104_logFailureRate": -11.046741500072336,
    "344110_failureRate": 0.00015,
    "344111_mass": [
        3,
        "kg"
    ],
    "344117_failureRate": 5e-05,
    "344118_mass": [
        9,
        "kg"
    ],
    "344124_failureRate": 5e-05,
    "344125_mass": [
        9,
        "kg"
    ],
    "344132_failureRate": 4e-05,
    "344133_mass": [
        5,
        "kg"
    ],
    "344140_failureRate": 4e-05,
    "344141_mass": [
        5,
        "kg"
    ],
    "344148_failureRate": 4e-05,
    "344149_mass": [
        5,
        "kg"
    ],
    "344155_failureRate": 0.0002,
    "344156_mass": [
        5.5,
        "kg"
    ],
    "344162_failureRate": 0.0002,
    "344163_mass": [
        5.5,
        "kg"
    ],
    "344169_failureRate": 0.0002,
    "344170_mass": [
        5.5,
        "kg"
    ]
}