{
    "4773_mass": [
        20,
        "kg"
    ],
    "4774_failureRate": 0.00015006998350089999,
    "4775_logFailureRate": -3.8237061652087414,
    "4781_failureRate": 0.00015,
    "4782_mass": [
        3,
        "kg"
    ],
    "4789_failureRate": 0.0001,
    "4790_mass": [
        3,
        "kg"
    ],
    "4797_failureRate": 0.0001,
    "4798_mass": [
        3,
        "kg"
    ],
    "4804_failureRate": 0.0002,
    "4805_mass": [
        5.5,
        "kg"
    ],
    "4811_failureRate": 0.0002,
    "4812_mass": [
        5.5,
        "kg"
    ]
}