{
    "173441_mass": [
        15.5,
        "kg"
    ],
    "173442_failureRate": 0.00018000699730012,
    "173443_logFailureRate": -3.7447106125091096,
    "173449_failureRate": 0.00015,
    "173450_mass": [
        3,
        "kg"
    ],
    "173456_failureRate": 0.0001,
    "173457_mass": [
        6,
        "kg"
    ],
    "173464_failureRate": 0.0001,
    "173465_mass": [
        3,
        "kg"
    ],
    "173471_failureRate": 8e-05,
    "173472_mass": [
        3.5,
        "kg"
    ]
}