{
    "78279_mass": [
        16,
        "kg"
    ],
    "78280_failureRate": 0.00010002889710985603,
    "78281_logFailureRate": -3.999874519575701,
    "78287_failureRate": 0.00015,
    "78288_mass": [
        3,
        "kg"
    ],
    "78294_failureRate": 0.00015,
    "78295_mass": [
        3,
        "kg"
    ],
    "78302_failureRate": 0.0001,
    "78303_mass": [
        3,
        "kg"
    ],
    "78309_failureRate": 8e-05,
    "78310_mass": [
        3.5,
        "kg"
    ],
    "78316_failureRate": 8e-05,
    "78317_mass": [
        3.5,
        "kg"
    ]
}