{
    "22765_mass": [
        38,
        "kg"
    ],
    "22766_failureRate": 7.000899930001001e-05,
    "22767_logFailureRate": -4.154846130055378,
    "22773_failureRate": 5e-05,
    "22774_mass": [
        9,
        "kg"
    ],
    "22781_failureRate": 2e-05,
    "22782_mass": [
        10,
        "kg"
    ],
    "22788_failureRate": 0.0001,
    "22789_mass": [
        9.5,
        "kg"
    ],
    "22795_failureRate": 0.0001,
    "22796_mass": [
        9.5,
        "kg"
    ]
}