{
    "267522_mass": [
        37,
        "kg"
    ],
    "267523_failureRate": 2.80994898340048e-08,
    "267524_logFailureRate": -7.551301564945022,
    "267530_failureRate": 0.00015,
    "267531_mass": [
        3,
        "kg"
    ],
    "267537_failureRate": 5e-05,
    "267538_mass": [
        9,
        "kg"
    ],
    "267545_failureRate": 0.0001,
    "267546_mass": [
        3,
        "kg"
    ],
    "267553_failureRate": 0.0001,
    "267554_mass": [
        3,
        "kg"
    ],
    "267561_failureRate": 2e-05,
    "267562_mass": [
        10,
        "kg"
    ],
    "267568_failureRate": 8e-05,
    "267569_mass": [
        3.5,
        "kg"
    ],
    "267575_failureRate": 0.0002,
    "267576_mass": [
        5.5,
        "kg"
    ]
}