{
    "116835_mass": [
        14.5,
        "kg"
    ],
    "116836_failureRate": 0.000120019297300072,
    "116837_logFailureRate": -3.9207489203094203,
    "116843_failureRate": 0.00015,
    "116844_mass": [
        3,
        "kg"
    ],
    "116850_failureRate": 0.00015,
    "116851_mass": [
        3,
        "kg"
    ],
    "116858_failureRate": 4e-05,
    "116859_mass": [
        5,
        "kg"
    ],
    "116865_failureRate": 8e-05,
    "116866_mass": [
        3.5,
        "kg"
    ]
}