{
    "304186_mass": [
        33,
        "kg"
    ],
    "304187_failureRate": 3.6499999645e-08,
    "304188_logFailureRate": -7.437707139767485,
    "304194_failureRate": 0.00015,
    "304195_mass": [
        3,
        "kg"
    ],
    "304201_failureRate": 0.00015,
    "304202_mass": [
        3,
        "kg"
    ],
    "304209_failureRate": 0.0001,
    "304210_mass": [
        3,
        "kg"
    ],
    "304217_failureRate": 4e-05,
    "304218_mass": [
        5,
        "kg"
    ],
    "304224_failureRate": 0.0001,
    "304225_mass": [
        9.5,
        "kg"
    ],
    "304231_failureRate": 0.0001,
    "304232_mass": [
        9.5,
        "kg"
    ]
}