{
    "95607_mass": [
        52.5,
        "kg"
    ],
    "95608_failureRate": 2.0062458445708996e-11,
    "95609_logFailureRate": -10.69761584978092,
    "95615_failureRate": 0.00015,
    "95616_mass": [
        3,
        "kg"
    ],
    "95622_failureRate": 0.00015,
    "95623_mass": [
        3,
        "kg"
    ],
    "95629_failureRate": 0.00015,
    "95630_mass": [
        3,
        "kg"
    ],
    "95637_failureRate": 0.0001,
    "95638_mass": [
        3,
        "kg"
    ],
    "95645_failureRate": 2e-05,
    "95646_mass": [
        10,
        "kg"
    ],
    "95653_failureRate": 2e-05,
    "95654_mass": [
        10,
        "kg"
    ],
    "95660_failureRate": 0.0002,
    "95661_mass": [
        5.5,
        "kg"
    ],
    "95667_failureRate": 0.0002,
    "95668_mass": [
        5.5,
        "kg"
    ],
    "95674_failureRate": 0.0001,
    "95675_mass": [
        9.5,
        "kg"
    ]
}