{
    "305881_mass": [
        47.5,
        "kg"
    ],
    "305882_failureRate": 5.602814738499702e-09,
    "305883_logFailureRate": -8.251593737585525,
    "305889_failureRate": 0.00015,
    "305890_mass": [
        3,
        "kg"
    ],
    "305896_failureRate": 0.00015,
    "305897_mass": [
        3,
        "kg"
    ],
    "305903_failureRate": 5e-05,
    "305904_mass": [
        9,
        "kg"
    ],
    "305911_failureRate": 4e-05,
    "305912_mass": [
        5,
        "kg"
    ],
    "305919_failureRate": 4e-05,
    "305920_mass": [
        5,
        "kg"
    ],
    "305926_failureRate": 8e-05,
    "305927_mass": [
        3.5,
        "kg"
    ],
    "305933_failureRate": 0.0001,
    "305934_mass": [
        9.5,
        "kg"
    ],
    "305940_failureRate": 0.0001,
    "305941_mass": [
        9.5,
        "kg"
    ]
}