{
    "19841_mass": [
        20,
        "kg"
    ],
    "19842_failureRate": 0.0001500111979360576,
    "19843_logFailureRate": -3.8238763208088424,
    "19849_failureRate": 0.00015,
    "19850_mass": [
        3,
        "kg"
    ],
    "19857_failureRate": 4e-05,
    "19858_mass": [
        5,
        "kg"
    ],
    "19865_failureRate": 4e-05,
    "19866_mass": [
        5,
        "kg"
    ],
    "19872_failureRate": 8e-05,
    "19873_mass": [
        3.5,
        "kg"
    ],
    "19879_failureRate": 8e-05,
    "19880_mass": [
        3.5,
        "kg"
    ]
}