{
    "79223_mass": [
        25,
        "kg"
    ],
    "79224_failureRate": 0.00024999499750015,
    "79225_logFailureRate": -3.6020686816472316,
    "79231_failureRate": 0.00015,
    "79232_mass": [
        3,
        "kg"
    ],
    "79239_failureRate": 0.0001,
    "79240_mass": [
        3,
        "kg"
    ],
    "79246_failureRate": 0.0001,
    "79247_mass": [
        9.5,
        "kg"
    ],
    "79253_failureRate": 0.0001,
    "79254_mass": [
        9.5,
        "kg"
    ]
}