{
    "343520_mass": [
        52.5,
        "kg"
    ],
    "343521_failureRate": 9.499049950007498e-12,
    "343522_logFailureRate": -11.022319828616606,
    "343528_failureRate": 0.00015,
    "343529_mass": [
        3,
        "kg"
    ],
    "343535_failureRate": 0.0001,
    "343536_mass": [
        6,
        "kg"
    ],
    "343542_failureRate": 0.0001,
    "343543_mass": [
        6,
        "kg"
    ],
    "343550_failureRate": 0.0001,
    "343551_mass": [
        3,
        "kg"
    ],
    "343558_failureRate": 0.0001,
    "343559_mass": [
        3,
        "kg"
    ],
    "343566_failureRate": 0.0001,
    "343567_mass": [
        3,
        "kg"
    ],
    "343573_failureRate": 0.0001,
    "343574_mass": [
        9.5,
        "kg"
    ],
    "343580_failureRate": 0.0001,
    "343581_mass": [
        9.5,
        "kg"
    ],
    "343587_failureRate": 0.0001,
    "343588_mass": [
        9.5,
        "kg"
    ]
}