{
    "229159_mass": [
        49.5,
        "kg"
    ],
    "229160_failureRate": 1.3917914875959568e-11,
    "229161_logFailureRate": -10.85642582404262,
    "229167_failureRate": 0.00015,
    "229168_mass": [
        3,
        "kg"
    ],
    "229174_failureRate": 0.00015,
    "229175_mass": [
        3,
        "kg"
    ],
    "229181_failureRate": 0.0001,
    "229182_mass": [
        6,
        "kg"
    ],
    "229189_failureRate": 0.0001,
    "229190_mass": [
        3,
        "kg"
    ],
    "229197_failureRate": 2e-05,
    "229198_mass": [
        10,
        "kg"
    ],
    "229205_failureRate": 2e-05,
    "229206_mass": [
        10,
        "kg"
    ],
    "229212_failureRate": 8e-05,
    "229213_mass": [
        3.5,
        "kg"
    ],
    "229219_failureRate": 0.0002,
    "229220_mass": [
        5.5,
        "kg"
    ],
    "229226_failureRate": 0.0002,
    "229227_mass": [
        5.5,
        "kg"
    ]
}