{
    "61853_mass": [
        21,
        "kg"
    ],
    "61854_failureRate": 0.000190001998480048,
    "61855_logFailureRate": -3.721241831024579,
    "61861_failureRate": 0.00015,
    "61862_mass": [
        3,
        "kg"
    ],
    "61869_failureRate": 4e-05,
    "61870_mass": [
        5,
        "kg"
    ],
    "61876_failureRate": 8e-05,
    "61877_mass": [
        3.5,
        "kg"
    ],
    "61883_failureRate": 0.0001,
    "61884_mass": [
        9.5,
        "kg"
    ]
}