{
    "287028_mass": [
        28.5,
        "kg"
    ],
    "287029_failureRate": 8.74869901590847e-08,
    "287030_logFailureRate": -7.058056524374272,
    "287036_failureRate": 0.00015,
    "287037_mass": [
        3,
        "kg"
    ],
    "287043_failureRate": 0.00015,
    "287044_mass": [
        3,
        "kg"
    ],
    "287051_failureRate": 0.0001,
    "287052_mass": [
        3,
        "kg"
    ],
    "287059_failureRate": 0.0001,
    "287060_mass": [
        3,
        "kg"
    ],
    "287066_failureRate": 8e-05,
    "287067_mass": [
        3.5,
        "kg"
    ],
    "287073_failureRate": 8e-05,
    "287074_mass": [
        3.5,
        "kg"
    ],
    "287080_failureRate": 0.0001,
    "287081_mass": [
        9.5,
        "kg"
    ]
}