{
    "115102_mass": [
        55.5,
        "kg"
    ],
    "115103_failureRate": 5.0016478349636284e-09,
    "115104_logFailureRate": -8.300886890117761,
    "115110_failureRate": 0.0001,
    "115111_mass": [
        6,
        "kg"
    ],
    "115117_failureRate": 5e-05,
    "115118_mass": [
        9,
        "kg"
    ],
    "115125_failureRate": 2e-05,
    "115126_mass": [
        10,
        "kg"
    ],
    "115133_failureRate": 2e-05,
    "115134_mass": [
        10,
        "kg"
    ],
    "115141_failureRate": 2e-05,
    "115142_mass": [
        10,
        "kg"
    ],
    "115148_failureRate": 8e-05,
    "115149_mass": [
        3.5,
        "kg"
    ],
    "115155_failureRate": 8e-05,
    "115156_mass": [
        3.5,
        "kg"
    ],
    "115162_failureRate": 8e-05,
    "115163_mass": [
        3.5,
        "kg"
    ]
}