{
    "138044_mass": [
        35.5,
        "kg"
    ],
    "138045_failureRate": 1.0006674452434007e-08,
    "138046_logFailureRate": -7.999710228906234,
    "138052_failureRate": 0.00015,
    "138053_mass": [
        3,
        "kg"
    ],
    "138059_failureRate": 0.00015,
    "138060_mass": [
        3,
        "kg"
    ],
    "138066_failureRate": 5e-05,
    "138067_mass": [
        9,
        "kg"
    ],
    "138074_failureRate": 0.0001,
    "138075_mass": [
        3,
        "kg"
    ],
    "138082_failureRate": 0.0001,
    "138083_mass": [
        3,
        "kg"
    ],
    "138089_failureRate": 8e-05,
    "138090_mass": [
        3.5,
        "kg"
    ],
    "138096_failureRate": 0.0002,
    "138097_mass": [
        5.5,
        "kg"
    ],
    "138103_failureRate": 0.0002,
    "138104_mass": [
        5.5,
        "kg"
    ]
}