{
    "190386_mass": [
        25,
        "kg"
    ],
    "190387_failureRate": 0.000150017997299968,
    "190388_logFailureRate": -3.823856636549616,
    "190394_failureRate": 0.00015,
    "190395_mass": [
        3,
        "kg"
    ],
    "190402_failureRate": 0.0001,
    "190403_mass": [
        3,
        "kg"
    ],
    "190410_failureRate": 2e-05,
    "190411_mass": [
        10,
        "kg"
    ],
    "190417_failureRate": 8e-05,
    "190418_mass": [
        3.5,
        "kg"
    ],
    "190424_failureRate": 0.0002,
    "190425_mass": [
        5.5,
        "kg"
    ]
}