{
    "227932_mass": [
        24.5,
        "kg"
    ],
    "227933_failureRate": 0.00017999200074986503,
    "227934_logFailureRate": -3.744746795493298,
    "227940_failureRate": 0.00015,
    "227941_mass": [
        3,
        "kg"
    ],
    "227947_failureRate": 0.0001,
    "227948_mass": [
        6,
        "kg"
    ],
    "227954_failureRate": 5e-05,
    "227955_mass": [
        9,
        "kg"
    ],
    "227962_failureRate": 0.0001,
    "227963_mass": [
        3,
        "kg"
    ],
    "227969_failureRate": 8e-05,
    "227970_mass": [
        3.5,
        "kg"
    ]
}