{
    "213158_mass": [
        45.5,
        "kg"
    ],
    "213159_failureRate": 1.00050394800016e-08,
    "213160_logFailureRate": -7.999781193293336,
    "213166_failureRate": 0.0001,
    "213167_mass": [
        6,
        "kg"
    ],
    "213173_failureRate": 0.0001,
    "213174_mass": [
        6,
        "kg"
    ],
    "213180_failureRate": 0.0001,
    "213181_mass": [
        6,
        "kg"
    ],
    "213188_failureRate": 0.0001,
    "213189_mass": [
        3,
        "kg"
    ],
    "213196_failureRate": 2e-05,
    "213197_mass": [
        10,
        "kg"
    ],
    "213203_failureRate": 8e-05,
    "213204_mass": [
        3.5,
        "kg"
    ],
    "213210_failureRate": 0.0002,
    "213211_mass": [
        5.5,
        "kg"
    ],
    "213217_failureRate": 0.0002,
    "213218_mass": [
        5.5,
        "kg"
    ]
}