{
    "342800_mass": [
        28,
        "kg"
    ],
    "342801_failureRate": 2.8901049442026394e-08,
    "342802_logFailureRate": -7.539086387049465,
    "342808_failureRate": 0.00015,
    "342809_mass": [
        3,
        "kg"
    ],
    "342815_failureRate": 5e-05,
    "342816_mass": [
        9,
        "kg"
    ],
    "342823_failureRate": 0.0001,
    "342824_mass": [
        3,
        "kg"
    ],
    "342831_failureRate": 0.0001,
    "342832_mass": [
        3,
        "kg"
    ],
    "342839_failureRate": 0.0001,
    "342840_mass": [
        3,
        "kg"
    ],
    "342846_failureRate": 8e-05,
    "342847_mass": [
        3.5,
        "kg"
    ],
    "342853_failureRate": 8e-05,
    "342854_mass": [
        3.5,
        "kg"
    ]
}