{
    "117564_mass": [
        25,
        "kg"
    ],
    "117565_failureRate": 6.3493449940018e-08,
    "117566_logFailureRate": -7.197271074733698,
    "117572_failureRate": 0.00015,
    "117573_mass": [
        3,
        "kg"
    ],
    "117579_failureRate": 0.00015,
    "117580_mass": [
        3,
        "kg"
    ],
    "117587_failureRate": 0.0001,
    "117588_mass": [
        3,
        "kg"
    ],
    "117595_failureRate": 0.0001,
    "117596_mass": [
        3,
        "kg"
    ],
    "117602_failureRate": 8e-05,
    "117603_mass": [
        3.5,
        "kg"
    ],
    "117609_failureRate": 0.0001,
    "117610_mass": [
        9.5,
        "kg"
    ]
}