{
    "230578_mass": [
        44.5,
        "kg"
    ],
    "230579_failureRate": 3.445221246496727e-12,
    "230580_logFailureRate": -11.46278288317657,
    "230586_failureRate": 0.00015,
    "230587_mass": [
        3,
        "kg"
    ],
    "230593_failureRate": 5e-05,
    "230594_mass": [
        9,
        "kg"
    ],
    "230600_failureRate": 5e-05,
    "230601_mass": [
        9,
        "kg"
    ],
    "230608_failureRate": 0.0001,
    "230609_mass": [
        3,
        "kg"
    ],
    "230616_failureRate": 0.0001,
    "230617_mass": [
        3,
        "kg"
    ],
    "230624_failureRate": 4e-05,
    "230625_mass": [
        5,
        "kg"
    ],
    "230631_failureRate": 8e-05,
    "230632_mass": [
        3.5,
        "kg"
    ],
    "230638_failureRate": 8e-05,
    "230639_mass": [
        3.5,
        "kg"
    ],
    "230645_failureRate": 0.0002,
    "230646_mass": [
        5.5,
        "kg"
    ]
}