{
    "342015_mass": [
        34.5,
        "kg"
    ],
    "342016_failureRate": 1.0914434765830313e-11,
    "342017_logFailureRate": -10.961998750512528,
    "342023_failureRate": 0.00015,
    "342024_mass": [
        3,
        "kg"
    ],
    "342030_failureRate": 0.00015,
    "342031_mass": [
        3,
        "kg"
    ],
    "342037_failureRate": 0.00015,
    "342038_mass": [
        3,
        "kg"
    ],
    "342045_failureRate": 0.0001,
    "342046_mass": [
        3,
        "kg"
    ],
    "342053_failureRate": 0.0001,
    "342054_mass": [
        3,
        "kg"
    ],
    "342061_failureRate": 0.0001,
    "342062_mass": [
        3,
        "kg"
    ],
    "342068_failureRate": 8e-05,
    "342069_mass": [
        3.5,
        "kg"
    ],
    "342075_failureRate": 8e-05,
    "342076_mass": [
        3.5,
        "kg"
    ],
    "342082_failureRate": 0.0001,
    "342083_mass": [
        9.5,
        "kg"
    ]
}