{
    "193823_mass": [
        28,
        "kg"
    ],
    "193824_failureRate": 1.4409658021114903e-08,
    "193825_logFailureRate": -7.841346326008016,
    "193831_failureRate": 0.00015,
    "193832_mass": [
        3,
        "kg"
    ],
    "193838_failureRate": 0.00015,
    "193839_mass": [
        3,
        "kg"
    ],
    "193845_failureRate": 0.0001,
    "193846_mass": [
        6,
        "kg"
    ],
    "193853_failureRate": 0.0001,
    "193854_mass": [
        3,
        "kg"
    ],
    "193861_failureRate": 0.0001,
    "193862_mass": [
        3,
        "kg"
    ],
    "193869_failureRate": 0.0001,
    "193870_mass": [
        3,
        "kg"
    ],
    "193876_failureRate": 8e-05,
    "193877_mass": [
        3.5,
        "kg"
    ],
    "193883_failureRate": 8e-05,
    "193884_mass": [
        3.5,
        "kg"
    ]
}