{
    "61777_mass": [
        19.5,
        "kg"
    ],
    "61778_failureRate": 0.00010002089775003601,
    "61779_logFailureRate": -3.999909251706597,
    "61785_failureRate": 0.00015,
    "61786_mass": [
        3,
        "kg"
    ],
    "61792_failureRate": 0.00015,
    "61793_mass": [
        3,
        "kg"
    ],
    "61800_failureRate": 2e-05,
    "61801_mass": [
        10,
        "kg"
    ],
    "61807_failureRate": 8e-05,
    "61808_mass": [
        3.5,
        "kg"
    ]
}