{
    "80550_mass": [
        25,
        "kg"
    ],
    "80551_failureRate": 4.239711974002881e-08,
    "80552_logFailureRate": -7.372663646320014,
    "80558_failureRate": 0.0001,
    "80559_mass": [
        6,
        "kg"
    ],
    "80565_failureRate": 0.0001,
    "80566_mass": [
        6,
        "kg"
    ],
    "80573_failureRate": 0.0001,
    "80574_mass": [
        3,
        "kg"
    ],
    "80581_failureRate": 0.0001,
    "80582_mass": [
        3,
        "kg"
    ],
    "80588_failureRate": 8e-05,
    "80589_mass": [
        3.5,
        "kg"
    ],
    "80595_failureRate": 8e-05,
    "80596_mass": [
        3.5,
        "kg"
    ]
}