{
    "231107_mass": [
        39.5,
        "kg"
    ],
    "231108_failureRate": 8.002549757801916e-05,
    "231109_logFailureRate": -4.096771616843734,
    "231115_failureRate": 0.00015,
    "231116_mass": [
        3,
        "kg"
    ],
    "231122_failureRate": 0.00015,
    "231123_mass": [
        3,
        "kg"
    ],
    "231130_failureRate": 2e-05,
    "231131_mass": [
        10,
        "kg"
    ],
    "231138_failureRate": 2e-05,
    "231139_mass": [
        10,
        "kg"
    ],
    "231146_failureRate": 2e-05,
    "231147_mass": [
        10,
        "kg"
    ],
    "231153_failureRate": 8e-05,
    "231154_mass": [
        3.5,
        "kg"
    ]
}