{
    "227467_mass": [
        25,
        "kg"
    ],
    "227468_failureRate": 6.3493449940018e-08,
    "227469_logFailureRate": -7.197271074733698,
    "227475_failureRate": 0.00015,
    "227476_mass": [
        3,
        "kg"
    ],
    "227482_failureRate": 0.00015,
    "227483_mass": [
        3,
        "kg"
    ],
    "227490_failureRate": 0.0001,
    "227491_mass": [
        3,
        "kg"
    ],
    "227498_failureRate": 0.0001,
    "227499_mass": [
        3,
        "kg"
    ],
    "227505_failureRate": 8e-05,
    "227506_mass": [
        3.5,
        "kg"
    ],
    "227512_failureRate": 0.0001,
    "227513_mass": [
        9.5,
        "kg"
    ]
}