{
    "173350_mass": [
        35,
        "kg"
    ],
    "173351_failureRate": 5.6495249890015e-08,
    "173352_logFailureRate": -7.247988066043899,
    "173358_failureRate": 0.00015,
    "173359_mass": [
        3,
        "kg"
    ],
    "173365_failureRate": 5e-05,
    "173366_mass": [
        9,
        "kg"
    ],
    "173373_failureRate": 0.0001,
    "173374_mass": [
        3,
        "kg"
    ],
    "173381_failureRate": 4e-05,
    "173382_mass": [
        5,
        "kg"
    ],
    "173388_failureRate": 0.0002,
    "173389_mass": [
        5.5,
        "kg"
    ],
    "173395_failureRate": 0.0001,
    "173396_mass": [
        9.5,
        "kg"
    ]
}