{
    "155350_mass": [
        22,
        "kg"
    ],
    "155351_failureRate": 5.439436002400961e-08,
    "155352_logFailureRate": -7.2644461285634385,
    "155358_failureRate": 0.00015,
    "155359_mass": [
        3,
        "kg"
    ],
    "155365_failureRate": 0.0001,
    "155366_mass": [
        6,
        "kg"
    ],
    "155373_failureRate": 0.0001,
    "155374_mass": [
        3,
        "kg"
    ],
    "155381_failureRate": 0.0001,
    "155382_mass": [
        3,
        "kg"
    ],
    "155388_failureRate": 8e-05,
    "155389_mass": [
        3.5,
        "kg"
    ],
    "155395_failureRate": 8e-05,
    "155396_mass": [
        3.5,
        "kg"
    ]
}