{
    "340571_mass": [
        21,
        "kg"
    ],
    "340572_failureRate": 5.5894989904014394e-08,
    "340573_logFailureRate": -7.252627117955311,
    "340579_failureRate": 0.00015,
    "340580_mass": [
        3,
        "kg"
    ],
    "340586_failureRate": 0.00015,
    "340587_mass": [
        3,
        "kg"
    ],
    "340594_failureRate": 0.0001,
    "340595_mass": [
        3,
        "kg"
    ],
    "340602_failureRate": 4e-05,
    "340603_mass": [
        5,
        "kg"
    ],
    "340609_failureRate": 8e-05,
    "340610_mass": [
        3.5,
        "kg"
    ],
    "340616_failureRate": 8e-05,
    "340617_mass": [
        3.5,
        "kg"
    ]
}