{
    "213048_mass": [
        49,
        "kg"
    ],
    "213049_failureRate": 6.40054496427817e-09,
    "213050_logFailureRate": -8.193783047125034,
    "213056_failureRate": 5e-05,
    "213057_mass": [
        9,
        "kg"
    ],
    "213063_failureRate": 5e-05,
    "213064_mass": [
        9,
        "kg"
    ],
    "213070_failureRate": 5e-05,
    "213071_mass": [
        9,
        "kg"
    ],
    "213078_failureRate": 4e-05,
    "213079_mass": [
        5,
        "kg"
    ],
    "213086_failureRate": 4e-05,
    "213087_mass": [
        5,
        "kg"
    ],
    "213094_failureRate": 4e-05,
    "213095_mass": [
        5,
        "kg"
    ],
    "213101_failureRate": 8e-05,
    "213102_mass": [
        3.5,
        "kg"
    ],
    "213108_failureRate": 8e-05,
    "213109_mass": [
        3.5,
        "kg"
    ]
}