{
    "360511_mass": [
        32.5,
        "kg"
    ],
    "360512_failureRate": 1.960118357058847e-08,
    "360513_logFailureRate": -7.707717704018202,
    "360519_failureRate": 0.0001,
    "360520_mass": [
        6,
        "kg"
    ],
    "360526_failureRate": 0.0001,
    "360527_mass": [
        6,
        "kg"
    ],
    "360534_failureRate": 4e-05,
    "360535_mass": [
        5,
        "kg"
    ],
    "360542_failureRate": 4e-05,
    "360543_mass": [
        5,
        "kg"
    ],
    "360549_failureRate": 8e-05,
    "360550_mass": [
        3.5,
        "kg"
    ],
    "360556_failureRate": 8e-05,
    "360557_mass": [
        3.5,
        "kg"
    ],
    "360563_failureRate": 8e-05,
    "360564_mass": [
        3.5,
        "kg"
    ]
}