{
    "209308_mass": [
        31,
        "kg"
    ],
    "209309_failureRate": 2.4399559999975607e-08,
    "209310_logFailureRate": -7.6126180052721555,
    "209316_failureRate": 0.0001,
    "209317_mass": [
        6,
        "kg"
    ],
    "209323_failureRate": 0.0001,
    "209324_mass": [
        6,
        "kg"
    ],
    "209330_failureRate": 0.0001,
    "209331_mass": [
        6,
        "kg"
    ],
    "209338_failureRate": 0.0001,
    "209339_mass": [
        3,
        "kg"
    ],
    "209346_failureRate": 0.0001,
    "209347_mass": [
        3,
        "kg"
    ],
    "209353_failureRate": 8e-05,
    "209354_mass": [
        3.5,
        "kg"
    ],
    "209360_failureRate": 8e-05,
    "209361_mass": [
        3.5,
        "kg"
    ]
}