{
    "79903_mass": [
        67.5,
        "kg"
    ],
    "79904_failureRate": 5.232868496536765e-12,
    "79905_logFailureRate": -11.281260179066189,
    "79911_failureRate": 0.00015,
    "79912_mass": [
        3,
        "kg"
    ],
    "79918_failureRate": 0.00015,
    "79919_mass": [
        3,
        "kg"
    ],
    "79925_failureRate": 0.00015,
    "79926_mass": [
        3,
        "kg"
    ],
    "79933_failureRate": 2e-05,
    "79934_mass": [
        10,
        "kg"
    ],
    "79941_failureRate": 2e-05,
    "79942_mass": [
        10,
        "kg"
    ],
    "79949_failureRate": 2e-05,
    "79950_mass": [
        10,
        "kg"
    ],
    "79956_failureRate": 0.0001,
    "79957_mass": [
        9.5,
        "kg"
    ],
    "79963_failureRate": 0.0001,
    "79964_mass": [
        9.5,
        "kg"
    ],
    "79970_failureRate": 0.0001,
    "79971_mass": [
        9.5,
        "kg"
    ]
}