{
    "154927_mass": [
        30.5,
        "kg"
    ],
    "154928_failureRate": 0.00017999200024995503,
    "154929_logFailureRate": -3.744746796699508,
    "154935_failureRate": 0.0001,
    "154936_mass": [
        6,
        "kg"
    ],
    "154942_failureRate": 5e-05,
    "154943_mass": [
        9,
        "kg"
    ],
    "154949_failureRate": 5e-05,
    "154950_mass": [
        9,
        "kg"
    ],
    "154957_failureRate": 0.0001,
    "154958_mass": [
        3,
        "kg"
    ],
    "154964_failureRate": 8e-05,
    "154965_mass": [
        3.5,
        "kg"
    ]
}