{
    "119219_mass": [
        21.5,
        "kg"
    ],
    "119220_failureRate": 0.00024998500099975,
    "119221_logFailureRate": -3.60208604804179,
    "119227_failureRate": 0.00015,
    "119228_mass": [
        3,
        "kg"
    ],
    "119235_failureRate": 0.0001,
    "119236_mass": [
        3,
        "kg"
    ],
    "119243_failureRate": 0.0001,
    "119244_mass": [
        3,
        "kg"
    ],
    "119251_failureRate": 0.0001,
    "119252_mass": [
        3,
        "kg"
    ],
    "119258_failureRate": 0.0001,
    "119259_mass": [
        9.5,
        "kg"
    ]
}