{
    "323331_mass": [
        37,
        "kg"
    ],
    "323332_failureRate": 3.1201039441200806e-08,
    "323333_logFailureRate": -7.505830937518152,
    "323339_failureRate": 0.00015,
    "323340_mass": [
        3,
        "kg"
    ],
    "323346_failureRate": 0.0001,
    "323347_mass": [
        6,
        "kg"
    ],
    "323353_failureRate": 0.0001,
    "323354_mass": [
        6,
        "kg"
    ],
    "323361_failureRate": 0.0001,
    "323362_mass": [
        3,
        "kg"
    ],
    "323369_failureRate": 4e-05,
    "323370_mass": [
        5,
        "kg"
    ],
    "323377_failureRate": 4e-05,
    "323378_mass": [
        5,
        "kg"
    ],
    "323384_failureRate": 8e-05,
    "323385_mass": [
        3.5,
        "kg"
    ],
    "323391_failureRate": 0.0002,
    "323392_mass": [
        5.5,
        "kg"
    ]
}