{
    "269392_mass": [
        38.5,
        "kg"
    ],
    "269393_failureRate": 2.501026053304951e-12,
    "269394_logFailureRate": -11.601881784180076,
    "269400_failureRate": 0.00015,
    "269401_mass": [
        3,
        "kg"
    ],
    "269407_failureRate": 0.00015,
    "269408_mass": [
        3,
        "kg"
    ],
    "269414_failureRate": 5e-05,
    "269415_mass": [
        9,
        "kg"
    ],
    "269422_failureRate": 0.0001,
    "269423_mass": [
        3,
        "kg"
    ],
    "269430_failureRate": 4e-05,
    "269431_mass": [
        5,
        "kg"
    ],
    "269438_failureRate": 4e-05,
    "269439_mass": [
        5,
        "kg"
    ],
    "269445_failureRate": 8e-05,
    "269446_mass": [
        3.5,
        "kg"
    ],
    "269452_failureRate": 8e-05,
    "269453_mass": [
        3.5,
        "kg"
    ],
    "269459_failureRate": 8e-05,
    "269460_mass": [
        3.5,
        "kg"
    ]
}