{
    "230696_mass": [
        66.5,
        "kg"
    ],
    "230697_failureRate": 7.123865069248101e-12,
    "230698_logFailureRate": -11.147284314957803,
    "230704_failureRate": 5e-05,
    "230705_mass": [
        9,
        "kg"
    ],
    "230711_failureRate": 5e-05,
    "230712_mass": [
        9,
        "kg"
    ],
    "230718_failureRate": 5e-05,
    "230719_mass": [
        9,
        "kg"
    ],
    "230726_failureRate": 0.0001,
    "230727_mass": [
        3,
        "kg"
    ],
    "230734_failureRate": 0.0001,
    "230735_mass": [
        3,
        "kg"
    ],
    "230742_failureRate": 4e-05,
    "230743_mass": [
        5,
        "kg"
    ],
    "230749_failureRate": 0.0001,
    "230750_mass": [
        9.5,
        "kg"
    ],
    "230756_failureRate": 0.0001,
    "230757_mass": [
        9.5,
        "kg"
    ],
    "230763_failureRate": 0.0001,
    "230764_mass": [
        9.5,
        "kg"
    ]
}