{
    "307258_mass": [
        64.5,
        "kg"
    ],
    "307259_failureRate": 4.374687492500375e-12,
    "307260_logFailureRate": -11.359052965528557,
    "307266_failureRate": 5e-05,
    "307267_mass": [
        9,
        "kg"
    ],
    "307273_failureRate": 5e-05,
    "307274_mass": [
        9,
        "kg"
    ],
    "307280_failureRate": 5e-05,
    "307281_mass": [
        9,
        "kg"
    ],
    "307288_failureRate": 0.0001,
    "307289_mass": [
        3,
        "kg"
    ],
    "307296_failureRate": 0.0001,
    "307297_mass": [
        3,
        "kg"
    ],
    "307304_failureRate": 0.0001,
    "307305_mass": [
        3,
        "kg"
    ],
    "307311_failureRate": 0.0001,
    "307312_mass": [
        9.5,
        "kg"
    ],
    "307318_failureRate": 0.0001,
    "307319_mass": [
        9.5,
        "kg"
    ],
    "307325_failureRate": 0.0001,
    "307326_mass": [
        9.5,
        "kg"
    ]
}