{
    "211899_mass": [
        38,
        "kg"
    ],
    "211900_failureRate": 3.1002255152688674e-08,
    "211901_logFailureRate": -7.5086067137545625,
    "211907_failureRate": 0.00015,
    "211908_mass": [
        3,
        "kg"
    ],
    "211914_failureRate": 0.0001,
    "211915_mass": [
        6,
        "kg"
    ],
    "211922_failureRate": 4e-05,
    "211923_mass": [
        5,
        "kg"
    ],
    "211930_failureRate": 4e-05,
    "211931_mass": [
        5,
        "kg"
    ],
    "211938_failureRate": 2e-05,
    "211939_mass": [
        10,
        "kg"
    ],
    "211945_failureRate": 8e-05,
    "211946_mass": [
        3.5,
        "kg"
    ],
    "211952_failureRate": 0.0002,
    "211953_mass": [
        5.5,
        "kg"
    ]
}