{
    "323121_mass": [
        46.5,
        "kg"
    ],
    "323122_failureRate": 4.976592775753801e-12,
    "323123_logFailureRate": -11.303067895217133,
    "323129_failureRate": 5e-05,
    "323130_mass": [
        9,
        "kg"
    ],
    "323136_failureRate": 5e-05,
    "323137_mass": [
        9,
        "kg"
    ],
    "323143_failureRate": 5e-05,
    "323144_mass": [
        9,
        "kg"
    ],
    "323151_failureRate": 0.0001,
    "323152_mass": [
        3,
        "kg"
    ],
    "323159_failureRate": 0.0001,
    "323160_mass": [
        3,
        "kg"
    ],
    "323167_failureRate": 0.0001,
    "323168_mass": [
        3,
        "kg"
    ],
    "323174_failureRate": 8e-05,
    "323175_mass": [
        3.5,
        "kg"
    ],
    "323181_failureRate": 8e-05,
    "323182_mass": [
        3.5,
        "kg"
    ],
    "323188_failureRate": 8e-05,
    "323189_mass": [
        3.5,
        "kg"
    ]
}