{
    "174763_mass": [
        33.5,
        "kg"
    ],
    "174764_failureRate": 4.000000151193953e-05,
    "174765_logFailureRate": -4.397939992256363,
    "174771_failureRate": 0.0001,
    "174772_mass": [
        6,
        "kg"
    ],
    "174778_failureRate": 0.0001,
    "174779_mass": [
        6,
        "kg"
    ],
    "174785_failureRate": 0.0001,
    "174786_mass": [
        6,
        "kg"
    ],
    "174793_failureRate": 4e-05,
    "174794_mass": [
        5,
        "kg"
    ],
    "174800_failureRate": 8e-05,
    "174801_mass": [
        3.5,
        "kg"
    ],
    "174807_failureRate": 8e-05,
    "174808_mass": [
        3.5,
        "kg"
    ],
    "174814_failureRate": 8e-05,
    "174815_mass": [
        3.5,
        "kg"
    ]
}