{
    "209724_mass": [
        42.5,
        "kg"
    ],
    "209725_failureRate": 9.994537345336538e-12,
    "209726_logFailureRate": -11.000237304899327,
    "209732_failureRate": 0.00015,
    "209733_mass": [
        3,
        "kg"
    ],
    "209739_failureRate": 0.0001,
    "209740_mass": [
        6,
        "kg"
    ],
    "209746_failureRate": 0.0001,
    "209747_mass": [
        6,
        "kg"
    ],
    "209754_failureRate": 4e-05,
    "209755_mass": [
        5,
        "kg"
    ],
    "209762_failureRate": 4e-05,
    "209763_mass": [
        5,
        "kg"
    ],
    "209770_failureRate": 4e-05,
    "209771_mass": [
        5,
        "kg"
    ],
    "209777_failureRate": 8e-05,
    "209778_mass": [
        3.5,
        "kg"
    ],
    "209784_failureRate": 8e-05,
    "209785_mass": [
        3.5,
        "kg"
    ],
    "209791_failureRate": 0.0002,
    "209792_mass": [
        5.5,
        "kg"
    ]
}