{
    "194239_mass": [
        51.5,
        "kg"
    ],
    "194240_failureRate": 4.911596938838449e-12,
    "194241_logFailureRate": -11.308777279981832,
    "194247_failureRate": 0.0001,
    "194248_mass": [
        6,
        "kg"
    ],
    "194254_failureRate": 0.0001,
    "194255_mass": [
        6,
        "kg"
    ],
    "194261_failureRate": 0.0001,
    "194262_mass": [
        6,
        "kg"
    ],
    "194269_failureRate": 0.0001,
    "194270_mass": [
        3,
        "kg"
    ],
    "194277_failureRate": 2e-05,
    "194278_mass": [
        10,
        "kg"
    ],
    "194285_failureRate": 2e-05,
    "194286_mass": [
        10,
        "kg"
    ],
    "194292_failureRate": 8e-05,
    "194293_mass": [
        3.5,
        "kg"
    ],
    "194299_failureRate": 8e-05,
    "194300_mass": [
        3.5,
        "kg"
    ],
    "194306_failureRate": 8e-05,
    "194307_mass": [
        3.5,
        "kg"
    ]
}