{
    "303872_mass": [
        30.5,
        "kg"
    ],
    "303873_failureRate": 0.00024999000019995004,
    "303874_logFailureRate": -3.6020773631073206,
    "303880_failureRate": 5e-05,
    "303881_mass": [
        9,
        "kg"
    ],
    "303888_failureRate": 0.0001,
    "303889_mass": [
        3,
        "kg"
    ],
    "303896_failureRate": 0.0001,
    "303897_mass": [
        3,
        "kg"
    ],
    "303904_failureRate": 2e-05,
    "303905_mass": [
        10,
        "kg"
    ],
    "303911_failureRate": 0.0002,
    "303912_mass": [
        5.5,
        "kg"
    ]
}