{
    "118682_mass": [
        28.5,
        "kg"
    ],
    "118683_failureRate": 1.5006326101321598e-08,
    "118684_logFailureRate": -7.823725620163231,
    "118690_failureRate": 0.00015,
    "118691_mass": [
        3,
        "kg"
    ],
    "118697_failureRate": 0.00015,
    "118698_mass": [
        3,
        "kg"
    ],
    "118704_failureRate": 0.00015,
    "118705_mass": [
        3,
        "kg"
    ],
    "118712_failureRate": 0.0001,
    "118713_mass": [
        3,
        "kg"
    ],
    "118720_failureRate": 0.0001,
    "118721_mass": [
        3,
        "kg"
    ],
    "118728_failureRate": 0.0001,
    "118729_mass": [
        3,
        "kg"
    ],
    "118735_failureRate": 8e-05,
    "118736_mass": [
        3.5,
        "kg"
    ],
    "118742_failureRate": 8e-05,
    "118743_mass": [
        3.5,
        "kg"
    ],
    "118749_failureRate": 8e-05,
    "118750_mass": [
        3.5,
        "kg"
    ]
}