{
    "138356_mass": [
        61.5,
        "kg"
    ],
    "138357_failureRate": 3.0059457708579473e-12,
    "138358_logFailureRate": -11.52201885862256,
    "138364_failureRate": 0.0001,
    "138365_mass": [
        6,
        "kg"
    ],
    "138371_failureRate": 5e-05,
    "138372_mass": [
        9,
        "kg"
    ],
    "138378_failureRate": 5e-05,
    "138379_mass": [
        9,
        "kg"
    ],
    "138386_failureRate": 4e-05,
    "138387_mass": [
        5,
        "kg"
    ],
    "138394_failureRate": 2e-05,
    "138395_mass": [
        10,
        "kg"
    ],
    "138402_failureRate": 2e-05,
    "138403_mass": [
        10,
        "kg"
    ],
    "138409_failureRate": 8e-05,
    "138410_mass": [
        3.5,
        "kg"
    ],
    "138416_failureRate": 8e-05,
    "138417_mass": [
        3.5,
        "kg"
    ],
    "138423_failureRate": 0.0002,
    "138424_mass": [
        5.5,
        "kg"
    ]
}