{
    "117660_mass": [
        66.5,
        "kg"
    ],
    "117661_failureRate": 8.245087978798085e-12,
    "117662_logFailureRate": -11.083804705877233,
    "117668_failureRate": 5e-05,
    "117669_mass": [
        9,
        "kg"
    ],
    "117675_failureRate": 5e-05,
    "117676_mass": [
        9,
        "kg"
    ],
    "117682_failureRate": 5e-05,
    "117683_mass": [
        9,
        "kg"
    ],
    "117690_failureRate": 0.0001,
    "117691_mass": [
        3,
        "kg"
    ],
    "117698_failureRate": 2e-05,
    "117699_mass": [
        10,
        "kg"
    ],
    "117706_failureRate": 2e-05,
    "117707_mass": [
        10,
        "kg"
    ],
    "117713_failureRate": 0.0002,
    "117714_mass": [
        5.5,
        "kg"
    ],
    "117720_failureRate": 0.0002,
    "117721_mass": [
        5.5,
        "kg"
    ],
    "117727_failureRate": 0.0002,
    "117728_mass": [
        5.5,
        "kg"
    ]
}