{
    "361310_mass": [
        24.5,
        "kg"
    ],
    "361311_failureRate": 0.00019999000099980003,
    "361312_logFailureRate": -3.6989917174318534,
    "361318_failureRate": 0.0001,
    "361319_mass": [
        6,
        "kg"
    ],
    "361326_failureRate": 0.0001,
    "361327_mass": [
        3,
        "kg"
    ],
    "361334_failureRate": 0.0001,
    "361335_mass": [
        3,
        "kg"
    ],
    "361342_failureRate": 0.0001,
    "361343_mass": [
        3,
        "kg"
    ],
    "361349_failureRate": 0.0001,
    "361350_mass": [
        9.5,
        "kg"
    ]
}