{
    "323533_mass": [
        59.5,
        "kg"
    ],
    "323534_failureRate": 2.00000013749725e-05,
    "323535_logFailureRate": -4.698969974478871,
    "323541_failureRate": 0.00015,
    "323542_mass": [
        3,
        "kg"
    ],
    "323548_failureRate": 5e-05,
    "323549_mass": [
        9,
        "kg"
    ],
    "323555_failureRate": 5e-05,
    "323556_mass": [
        9,
        "kg"
    ],
    "323563_failureRate": 2e-05,
    "323564_mass": [
        10,
        "kg"
    ],
    "323570_failureRate": 0.0001,
    "323571_mass": [
        9.5,
        "kg"
    ],
    "323577_failureRate": 0.0001,
    "323578_mass": [
        9.5,
        "kg"
    ],
    "323584_failureRate": 0.0001,
    "323585_mass": [
        9.5,
        "kg"
    ]
}