{
    "173732_mass": [
        36,
        "kg"
    ],
    "173733_failureRate": 2.520119389524477e-08,
    "173734_logFailureRate": -7.598578884225017,
    "173740_failureRate": 0.00015,
    "173741_mass": [
        3,
        "kg"
    ],
    "173747_failureRate": 0.00015,
    "173748_mass": [
        3,
        "kg"
    ],
    "173754_failureRate": 0.0001,
    "173755_mass": [
        6,
        "kg"
    ],
    "173762_failureRate": 4e-05,
    "173763_mass": [
        5,
        "kg"
    ],
    "173770_failureRate": 4e-05,
    "173771_mass": [
        5,
        "kg"
    ],
    "173778_failureRate": 4e-05,
    "173779_mass": [
        5,
        "kg"
    ],
    "173785_failureRate": 8e-05,
    "173786_mass": [
        3.5,
        "kg"
    ],
    "173792_failureRate": 0.0002,
    "173793_mass": [
        5.5,
        "kg"
    ]
}