{
    "96600_mass": [
        23,
        "kg"
    ],
    "96601_failureRate": 2.0028899421856002e-05,
    "96602_logFailureRate": -4.698342914318348,
    "96608_failureRate": 0.00015,
    "96609_mass": [
        3,
        "kg"
    ],
    "96615_failureRate": 0.00015,
    "96616_mass": [
        3,
        "kg"
    ],
    "96623_failureRate": 2e-05,
    "96624_mass": [
        10,
        "kg"
    ],
    "96630_failureRate": 8e-05,
    "96631_mass": [
        3.5,
        "kg"
    ],
    "96637_failureRate": 8e-05,
    "96638_mass": [
        3.5,
        "kg"
    ]
}