{
    "265453_mass": [
        30,
        "kg"
    ],
    "265454_failureRate": 5.88936761296e-08,
    "265455_logFailureRate": -7.229931336273442,
    "265461_failureRate": 0.00015,
    "265462_mass": [
        3,
        "kg"
    ],
    "265468_failureRate": 0.00015,
    "265469_mass": [
        3,
        "kg"
    ],
    "265476_failureRate": 4e-05,
    "265477_mass": [
        5,
        "kg"
    ],
    "265484_failureRate": 2e-05,
    "265485_mass": [
        10,
        "kg"
    ],
    "265491_failureRate": 8e-05,
    "265492_mass": [
        3.5,
        "kg"
    ],
    "265498_failureRate": 0.0002,
    "265499_mass": [
        5.5,
        "kg"
    ]
}