{
    "174966_mass": [
        37,
        "kg"
    ],
    "174967_failureRate": 2.440037974128982e-08,
    "174968_logFailureRate": -7.612603414716049,
    "174974_failureRate": 0.00015,
    "174975_mass": [
        3,
        "kg"
    ],
    "174981_failureRate": 0.0001,
    "174982_mass": [
        6,
        "kg"
    ],
    "174988_failureRate": 0.0001,
    "174989_mass": [
        6,
        "kg"
    ],
    "174996_failureRate": 4e-05,
    "174997_mass": [
        5,
        "kg"
    ],
    "175004_failureRate": 4e-05,
    "175005_mass": [
        5,
        "kg"
    ],
    "175012_failureRate": 4e-05,
    "175013_mass": [
        5,
        "kg"
    ],
    "175019_failureRate": 8e-05,
    "175020_mass": [
        3.5,
        "kg"
    ],
    "175026_failureRate": 8e-05,
    "175027_mass": [
        3.5,
        "kg"
    ]
}