{
    "307140_mass": [
        46.5,
        "kg"
    ],
    "307141_failureRate": 3.2025950065603423e-09,
    "307142_logFailureRate": -8.49449797783218,
    "307148_failureRate": 0.00015,
    "307149_mass": [
        3,
        "kg"
    ],
    "307155_failureRate": 5e-05,
    "307156_mass": [
        9,
        "kg"
    ],
    "307162_failureRate": 5e-05,
    "307163_mass": [
        9,
        "kg"
    ],
    "307170_failureRate": 0.0001,
    "307171_mass": [
        3,
        "kg"
    ],
    "307178_failureRate": 4e-05,
    "307179_mass": [
        5,
        "kg"
    ],
    "307186_failureRate": 4e-05,
    "307187_mass": [
        5,
        "kg"
    ],
    "307193_failureRate": 8e-05,
    "307194_mass": [
        3.5,
        "kg"
    ],
    "307200_failureRate": 8e-05,
    "307201_mass": [
        3.5,
        "kg"
    ],
    "307207_failureRate": 0.0002,
    "307208_mass": [
        5.5,
        "kg"
    ]
}