{
    "325240_mass": [
        27,
        "kg"
    ],
    "325241_failureRate": 2.401332212250029e-08,
    "325242_logFailureRate": -7.619547753326361,
    "325248_failureRate": 0.00015,
    "325249_mass": [
        3,
        "kg"
    ],
    "325255_failureRate": 0.00015,
    "325256_mass": [
        3,
        "kg"
    ],
    "325262_failureRate": 0.00015,
    "325263_mass": [
        3,
        "kg"
    ],
    "325270_failureRate": 0.0001,
    "325271_mass": [
        3,
        "kg"
    ],
    "325278_failureRate": 0.0001,
    "325279_mass": [
        3,
        "kg"
    ],
    "325286_failureRate": 0.0001,
    "325287_mass": [
        3,
        "kg"
    ],
    "325293_failureRate": 8e-05,
    "325294_mass": [
        3.5,
        "kg"
    ],
    "325300_failureRate": 0.0002,
    "325301_mass": [
        5.5,
        "kg"
    ]
}