{
    "116253_mass": [
        22.5,
        "kg"
    ],
    "116254_failureRate": 9.999840337466252e-05,
    "116255_logFailureRate": -4.000006934111093,
    "116261_failureRate": 0.00015,
    "116262_mass": [
        3,
        "kg"
    ],
    "116268_failureRate": 0.00015,
    "116269_mass": [
        3,
        "kg"
    ],
    "116275_failureRate": 0.00015,
    "116276_mass": [
        3,
        "kg"
    ],
    "116283_failureRate": 2e-05,
    "116284_mass": [
        10,
        "kg"
    ],
    "116290_failureRate": 8e-05,
    "116291_mass": [
        3.5,
        "kg"
    ]
}