{
    "24351_mass": [
        34,
        "kg"
    ],
    "24352_failureRate": 1.4403359460009608e-08,
    "24353_logFailureRate": -7.841536200628216,
    "24359_failureRate": 0.0001,
    "24360_mass": [
        6,
        "kg"
    ],
    "24366_failureRate": 0.0001,
    "24367_mass": [
        6,
        "kg"
    ],
    "24373_failureRate": 0.0001,
    "24374_mass": [
        6,
        "kg"
    ],
    "24381_failureRate": 0.0001,
    "24382_mass": [
        3,
        "kg"
    ],
    "24389_failureRate": 0.0001,
    "24390_mass": [
        3,
        "kg"
    ],
    "24397_failureRate": 0.0001,
    "24398_mass": [
        3,
        "kg"
    ],
    "24404_failureRate": 8e-05,
    "24405_mass": [
        3.5,
        "kg"
    ],
    "24411_failureRate": 8e-05,
    "24412_mass": [
        3.5,
        "kg"
    ]
}