{
    "40612_mass": [
        39,
        "kg"
    ],
    "40613_failureRate": 5.0028797600048e-05,
    "40614_logFailureRate": -4.300779934892713,
    "40620_failureRate": 5e-05,
    "40621_mass": [
        9,
        "kg"
    ],
    "40628_failureRate": 4e-05,
    "40629_mass": [
        5,
        "kg"
    ],
    "40636_failureRate": 2e-05,
    "40637_mass": [
        10,
        "kg"
    ],
    "40643_failureRate": 0.0002,
    "40644_mass": [
        5.5,
        "kg"
    ],
    "40650_failureRate": 0.0001,
    "40651_mass": [
        9.5,
        "kg"
    ]
}