{
    "212085_mass": [
        40,
        "kg"
    ],
    "212086_failureRate": 6.3995574999976e-08,
    "212087_logFailureRate": -7.193850054446293,
    "212093_failureRate": 0.00015,
    "212094_mass": [
        3,
        "kg"
    ],
    "212100_failureRate": 5e-05,
    "212101_mass": [
        9,
        "kg"
    ],
    "212107_failureRate": 5e-05,
    "212108_mass": [
        9,
        "kg"
    ],
    "212115_failureRate": 0.0001,
    "212116_mass": [
        3,
        "kg"
    ],
    "212123_failureRate": 4e-05,
    "212124_mass": [
        5,
        "kg"
    ],
    "212130_failureRate": 0.0002,
    "212131_mass": [
        5.5,
        "kg"
    ],
    "212137_failureRate": 0.0002,
    "212138_mass": [
        5.5,
        "kg"
    ]
}