{
    "232154_mass": [
        27.5,
        "kg"
    ],
    "232155_failureRate": 5.4994307858762684e-08,
    "232156_logFailureRate": -7.259682259477751,
    "232162_failureRate": 0.00015,
    "232163_mass": [
        3,
        "kg"
    ],
    "232169_failureRate": 0.0001,
    "232170_mass": [
        6,
        "kg"
    ],
    "232177_failureRate": 0.0001,
    "232178_mass": [
        3,
        "kg"
    ],
    "232185_failureRate": 4e-05,
    "232186_mass": [
        5,
        "kg"
    ],
    "232192_failureRate": 8e-05,
    "232193_mass": [
        3.5,
        "kg"
    ],
    "232199_failureRate": 8e-05,
    "232200_mass": [
        3.5,
        "kg"
    ],
    "232206_failureRate": 8e-05,
    "232207_mass": [
        3.5,
        "kg"
    ]
}