{
    "192944_mass": [
        26.5,
        "kg"
    ],
    "192945_failureRate": 2.730063984078642e-08,
    "192946_logFailureRate": -7.5638271743487495,
    "192952_failureRate": 0.00015,
    "192953_mass": [
        3,
        "kg"
    ],
    "192959_failureRate": 0.00015,
    "192960_mass": [
        3,
        "kg"
    ],
    "192967_failureRate": 4e-05,
    "192968_mass": [
        5,
        "kg"
    ],
    "192975_failureRate": 4e-05,
    "192976_mass": [
        5,
        "kg"
    ],
    "192982_failureRate": 8e-05,
    "192983_mass": [
        3.5,
        "kg"
    ],
    "192989_failureRate": 8e-05,
    "192990_mass": [
        3.5,
        "kg"
    ],
    "192996_failureRate": 8e-05,
    "192997_mass": [
        3.5,
        "kg"
    ]
}