{
    "247750_mass": [
        51,
        "kg"
    ],
    "247751_failureRate": 8.0021947225059e-09,
    "247752_logFailureRate": -8.096790884863934,
    "247758_failureRate": 5e-05,
    "247759_mass": [
        9,
        "kg"
    ],
    "247765_failureRate": 5e-05,
    "247766_mass": [
        9,
        "kg"
    ],
    "247772_failureRate": 5e-05,
    "247773_mass": [
        9,
        "kg"
    ],
    "247780_failureRate": 0.0001,
    "247781_mass": [
        3,
        "kg"
    ],
    "247788_failureRate": 0.0001,
    "247789_mass": [
        3,
        "kg"
    ],
    "247796_failureRate": 4e-05,
    "247797_mass": [
        5,
        "kg"
    ],
    "247803_failureRate": 8e-05,
    "247804_mass": [
        3.5,
        "kg"
    ],
    "247810_failureRate": 0.0001,
    "247811_mass": [
        9.5,
        "kg"
    ]
}