{
    "247419_mass": [
        29,
        "kg"
    ],
    "247420_failureRate": 6.029280224199807e-08,
    "247421_logFailureRate": -7.219734530864206,
    "247427_failureRate": 0.00015,
    "247428_mass": [
        3,
        "kg"
    ],
    "247434_failureRate": 0.00015,
    "247435_mass": [
        3,
        "kg"
    ],
    "247442_failureRate": 4e-05,
    "247443_mass": [
        5,
        "kg"
    ],
    "247450_failureRate": 4e-05,
    "247451_mass": [
        5,
        "kg"
    ],
    "247457_failureRate": 8e-05,
    "247458_mass": [
        3.5,
        "kg"
    ],
    "247464_failureRate": 0.0001,
    "247465_mass": [
        9.5,
        "kg"
    ]
}