{
    "119617_mass": [
        41.5,
        "kg"
    ],
    "119618_failureRate": 8.000000159181347e-05,
    "119619_logFailureRate": -4.096910004366609,
    "119625_failureRate": 0.0001,
    "119626_mass": [
        6,
        "kg"
    ],
    "119632_failureRate": 0.0001,
    "119633_mass": [
        6,
        "kg"
    ],
    "119639_failureRate": 0.0001,
    "119640_mass": [
        6,
        "kg"
    ],
    "119647_failureRate": 4e-05,
    "119648_mass": [
        5,
        "kg"
    ],
    "119655_failureRate": 4e-05,
    "119656_mass": [
        5,
        "kg"
    ],
    "119663_failureRate": 2e-05,
    "119664_mass": [
        10,
        "kg"
    ],
    "119670_failureRate": 8e-05,
    "119671_mass": [
        3.5,
        "kg"
    ]
}