{
    "268289_mass": [
        37.5,
        "kg"
    ],
    "268290_failureRate": 0.00023999200012496998,
    "268291_logFailureRate": -3.619803234786256,
    "268297_failureRate": 5e-05,
    "268298_mass": [
        9,
        "kg"
    ],
    "268304_failureRate": 5e-05,
    "268305_mass": [
        9,
        "kg"
    ],
    "268311_failureRate": 5e-05,
    "268312_mass": [
        9,
        "kg"
    ],
    "268319_failureRate": 4e-05,
    "268320_mass": [
        5,
        "kg"
    ],
    "268326_failureRate": 0.0002,
    "268327_mass": [
        5.5,
        "kg"
    ]
}