{
    "41550_mass": [
        24,
        "kg"
    ],
    "41551_failureRate": 4.001639934393601e-05,
    "41552_logFailureRate": -4.3977619915471395,
    "41558_failureRate": 0.0001,
    "41559_mass": [
        6,
        "kg"
    ],
    "41565_failureRate": 0.0001,
    "41566_mass": [
        6,
        "kg"
    ],
    "41573_failureRate": 4e-05,
    "41574_mass": [
        5,
        "kg"
    ],
    "41580_failureRate": 8e-05,
    "41581_mass": [
        3.5,
        "kg"
    ],
    "41587_failureRate": 8e-05,
    "41588_mass": [
        3.5,
        "kg"
    ]
}