{
    "155133_mass": [
        54.5,
        "kg"
    ],
    "155134_failureRate": 1.1307963167383924e-11,
    "155135_logFailureRate": -10.94661561477643,
    "155141_failureRate": 0.00015,
    "155142_mass": [
        3,
        "kg"
    ],
    "155148_failureRate": 0.00015,
    "155149_mass": [
        3,
        "kg"
    ],
    "155155_failureRate": 5e-05,
    "155156_mass": [
        9,
        "kg"
    ],
    "155163_failureRate": 4e-05,
    "155164_mass": [
        5,
        "kg"
    ],
    "155171_failureRate": 4e-05,
    "155172_mass": [
        5,
        "kg"
    ],
    "155179_failureRate": 4e-05,
    "155180_mass": [
        5,
        "kg"
    ],
    "155186_failureRate": 0.0002,
    "155187_mass": [
        5.5,
        "kg"
    ],
    "155193_failureRate": 0.0001,
    "155194_mass": [
        9.5,
        "kg"
    ],
    "155200_failureRate": 0.0001,
    "155201_mass": [
        9.5,
        "kg"
    ]
}