{
    "361885_mass": [
        15.5,
        "kg"
    ],
    "361886_failureRate": 0.0003499600015,
    "361887_logFailureRate": -3.455981590279749,
    "361893_failureRate": 0.00015,
    "361894_mass": [
        3,
        "kg"
    ],
    "361901_failureRate": 0.0001,
    "361902_mass": [
        3,
        "kg"
    ],
    "361908_failureRate": 0.0001,
    "361909_mass": [
        9.5,
        "kg"
    ]
}