{
    "23510_mass": [
        18.5,
        "kg"
    ],
    "23511_failureRate": 0.00024999499750015,
    "23512_logFailureRate": -3.6020686816472316,
    "23518_failureRate": 0.00015,
    "23519_mass": [
        3,
        "kg"
    ],
    "23526_failureRate": 0.0001,
    "23527_mass": [
        3,
        "kg"
    ],
    "23534_failureRate": 0.0001,
    "23535_mass": [
        3,
        "kg"
    ],
    "23541_failureRate": 0.0001,
    "23542_mass": [
        9.5,
        "kg"
    ]
}