{
    "136512_mass": [
        18,
        "kg"
    ],
    "136513_failureRate": 4.002889884385601e-05,
    "136514_logFailureRate": -4.397626356750123,
    "136520_failureRate": 0.00015,
    "136521_mass": [
        3,
        "kg"
    ],
    "136527_failureRate": 0.00015,
    "136528_mass": [
        3,
        "kg"
    ],
    "136535_failureRate": 4e-05,
    "136536_mass": [
        5,
        "kg"
    ],
    "136542_failureRate": 8e-05,
    "136543_mass": [
        3.5,
        "kg"
    ],
    "136549_failureRate": 8e-05,
    "136550_mass": [
        3.5,
        "kg"
    ]
}