{
    "119020_mass": [
        56.5,
        "kg"
    ],
    "119021_failureRate": 2.5000784747502398e-08,
    "119022_logFailureRate": -7.60204635908152,
    "119028_failureRate": 0.00015,
    "119029_mass": [
        3,
        "kg"
    ],
    "119035_failureRate": 0.00015,
    "119036_mass": [
        3,
        "kg"
    ],
    "119042_failureRate": 5e-05,
    "119043_mass": [
        9,
        "kg"
    ],
    "119050_failureRate": 0.0001,
    "119051_mass": [
        3,
        "kg"
    ],
    "119058_failureRate": 4e-05,
    "119059_mass": [
        5,
        "kg"
    ],
    "119066_failureRate": 4e-05,
    "119067_mass": [
        5,
        "kg"
    ],
    "119073_failureRate": 0.0001,
    "119074_mass": [
        9.5,
        "kg"
    ],
    "119080_failureRate": 0.0001,
    "119081_mass": [
        9.5,
        "kg"
    ],
    "119087_failureRate": 0.0001,
    "119088_mass": [
        9.5,
        "kg"
    ]
}