{
    "230812_mass": [
        28,
        "kg"
    ],
    "230813_failureRate": 8.2498497715186e-08,
    "230814_logFailureRate": -7.083553959813048,
    "230820_failureRate": 0.00015,
    "230821_mass": [
        3,
        "kg"
    ],
    "230827_failureRate": 0.00015,
    "230828_mass": [
        3,
        "kg"
    ],
    "230835_failureRate": 0.0001,
    "230836_mass": [
        3,
        "kg"
    ],
    "230843_failureRate": 0.0001,
    "230844_mass": [
        3,
        "kg"
    ],
    "230851_failureRate": 4e-05,
    "230852_mass": [
        5,
        "kg"
    ],
    "230858_failureRate": 0.0002,
    "230859_mass": [
        5.5,
        "kg"
    ],
    "230865_failureRate": 0.0002,
    "230866_mass": [
        5.5,
        "kg"
    ]
}