{
    "39172_mass": [
        27.5,
        "kg"
    ],
    "39173_failureRate": 3.750402840211119e-08,
    "39174_logFailureRate": -7.425922081103091,
    "39180_failureRate": 0.00015,
    "39181_mass": [
        3,
        "kg"
    ],
    "39187_failureRate": 0.00015,
    "39188_mass": [
        3,
        "kg"
    ],
    "39195_failureRate": 0.0001,
    "39196_mass": [
        3,
        "kg"
    ],
    "39203_failureRate": 0.0001,
    "39204_mass": [
        3,
        "kg"
    ],
    "39211_failureRate": 0.0001,
    "39212_mass": [
        3,
        "kg"
    ],
    "39218_failureRate": 8e-05,
    "39219_mass": [
        3.5,
        "kg"
    ],
    "39225_failureRate": 8e-05,
    "39226_mass": [
        3.5,
        "kg"
    ],
    "39232_failureRate": 0.0002,
    "39233_mass": [
        5.5,
        "kg"
    ]
}