{
    "232359_mass": [
        50.5,
        "kg"
    ],
    "232360_failureRate": 8.007448989010503e-09,
    "232361_logFailureRate": -8.096505819303143,
    "232367_failureRate": 0.00015,
    "232368_mass": [
        3,
        "kg"
    ],
    "232374_failureRate": 0.00015,
    "232375_mass": [
        3,
        "kg"
    ],
    "232381_failureRate": 0.0001,
    "232382_mass": [
        6,
        "kg"
    ],
    "232389_failureRate": 0.0001,
    "232390_mass": [
        3,
        "kg"
    ],
    "232397_failureRate": 0.0001,
    "232398_mass": [
        3,
        "kg"
    ],
    "232405_failureRate": 2e-05,
    "232406_mass": [
        10,
        "kg"
    ],
    "232412_failureRate": 8e-05,
    "232413_mass": [
        3.5,
        "kg"
    ],
    "232419_failureRate": 0.0001,
    "232420_mass": [
        9.5,
        "kg"
    ],
    "232426_failureRate": 0.0001,
    "232427_mass": [
        9.5,
        "kg"
    ]
}