{
    "323439_mass": [
        33,
        "kg"
    ],
    "323440_failureRate": 5.1497149585028497e-08,
    "323441_logFailureRate": -7.288216808895753,
    "323447_failureRate": 0.00015,
    "323448_mass": [
        3,
        "kg"
    ],
    "323454_failureRate": 0.00015,
    "323455_mass": [
        3,
        "kg"
    ],
    "323462_failureRate": 0.0001,
    "323463_mass": [
        3,
        "kg"
    ],
    "323470_failureRate": 4e-05,
    "323471_mass": [
        5,
        "kg"
    ],
    "323477_failureRate": 0.0001,
    "323478_mass": [
        9.5,
        "kg"
    ],
    "323484_failureRate": 0.0001,
    "323485_mass": [
        9.5,
        "kg"
    ]
}