{
    "115001_mass": [
        33.5,
        "kg"
    ],
    "115002_failureRate": 0.000100000003849615,
    "115003_logFailureRate": -3.999999983281335,
    "115009_failureRate": 0.00015,
    "115010_mass": [
        3,
        "kg"
    ],
    "115016_failureRate": 0.00015,
    "115017_mass": [
        3,
        "kg"
    ],
    "115023_failureRate": 0.0001,
    "115024_mass": [
        6,
        "kg"
    ],
    "115031_failureRate": 0.0001,
    "115032_mass": [
        3,
        "kg"
    ],
    "115038_failureRate": 8e-05,
    "115039_mass": [
        3.5,
        "kg"
    ],
    "115045_failureRate": 0.0002,
    "115046_mass": [
        5.5,
        "kg"
    ],
    "115052_failureRate": 0.0001,
    "115053_mass": [
        9.5,
        "kg"
    ]
}