{
    "138471_mass": [
        34,
        "kg"
    ],
    "138472_failureRate": 3.609679008400001e-08,
    "138473_logFailureRate": -7.442531416121694,
    "138479_failureRate": 0.00015,
    "138480_mass": [
        3,
        "kg"
    ],
    "138486_failureRate": 5e-05,
    "138487_mass": [
        9,
        "kg"
    ],
    "138494_failureRate": 0.0001,
    "138495_mass": [
        3,
        "kg"
    ],
    "138502_failureRate": 2e-05,
    "138503_mass": [
        10,
        "kg"
    ],
    "138509_failureRate": 8e-05,
    "138510_mass": [
        3.5,
        "kg"
    ],
    "138516_failureRate": 0.0002,
    "138517_mass": [
        5.5,
        "kg"
    ]
}