{
    "250614_mass": [
        51.5,
        "kg"
    ],
    "250615_failureRate": 3.743681602451428e-12,
    "250616_logFailureRate": -11.42670109481066,
    "250622_failureRate": 0.0001,
    "250623_mass": [
        6,
        "kg"
    ],
    "250629_failureRate": 0.0001,
    "250630_mass": [
        6,
        "kg"
    ],
    "250636_failureRate": 0.0001,
    "250637_mass": [
        6,
        "kg"
    ],
    "250644_failureRate": 0.0001,
    "250645_mass": [
        3,
        "kg"
    ],
    "250652_failureRate": 2e-05,
    "250653_mass": [
        10,
        "kg"
    ],
    "250660_failureRate": 2e-05,
    "250661_mass": [
        10,
        "kg"
    ],
    "250667_failureRate": 8e-05,
    "250668_mass": [
        3.5,
        "kg"
    ],
    "250674_failureRate": 8e-05,
    "250675_mass": [
        3.5,
        "kg"
    ],
    "250681_failureRate": 8e-05,
    "250682_mass": [
        3.5,
        "kg"
    ]
}