{
    "191377_mass": [
        31.5,
        "kg"
    ],
    "191378_failureRate": 2.250457494950542e-08,
    "191379_logFailureRate": -7.647729185295046,
    "191385_failureRate": 0.00015,
    "191386_mass": [
        3,
        "kg"
    ],
    "191392_failureRate": 0.00015,
    "191393_mass": [
        3,
        "kg"
    ],
    "191400_failureRate": 4e-05,
    "191401_mass": [
        5,
        "kg"
    ],
    "191408_failureRate": 4e-05,
    "191409_mass": [
        5,
        "kg"
    ],
    "191416_failureRate": 4e-05,
    "191417_mass": [
        5,
        "kg"
    ],
    "191423_failureRate": 8e-05,
    "191424_mass": [
        3.5,
        "kg"
    ],
    "191430_failureRate": 8e-05,
    "191431_mass": [
        3.5,
        "kg"
    ],
    "191437_failureRate": 8e-05,
    "191438_mass": [
        3.5,
        "kg"
    ]
}