{
    "40071_mass": [
        27,
        "kg"
    ],
    "40072_failureRate": 0.0001000499910004,
    "40073_logFailureRate": -3.999782946093005,
    "40079_failureRate": 0.0001,
    "40080_mass": [
        6,
        "kg"
    ],
    "40087_failureRate": 0.0001,
    "40088_mass": [
        3,
        "kg"
    ],
    "40095_failureRate": 0.0001,
    "40096_mass": [
        3,
        "kg"
    ],
    "40102_failureRate": 0.0002,
    "40103_mass": [
        5.5,
        "kg"
    ],
    "40109_failureRate": 0.0001,
    "40110_mass": [
        9.5,
        "kg"
    ]
}