{
    "137337_mass": [
        20.5,
        "kg"
    ],
    "137338_failureRate": 0.00014001849685009,
    "137339_logFailureRate": -3.853814588969571,
    "137345_failureRate": 0.00015,
    "137346_mass": [
        3,
        "kg"
    ],
    "137352_failureRate": 0.00015,
    "137353_mass": [
        3,
        "kg"
    ],
    "137360_failureRate": 4e-05,
    "137361_mass": [
        5,
        "kg"
    ],
    "137367_failureRate": 0.0001,
    "137368_mass": [
        9.5,
        "kg"
    ]
}