{
    "155985_mass": [
        60.5,
        "kg"
    ],
    "155986_failureRate": 2.2679111982792487e-12,
    "155987_logFailureRate": -11.644373954564113,
    "155993_failureRate": 0.0001,
    "155994_mass": [
        6,
        "kg"
    ],
    "156000_failureRate": 0.0001,
    "156001_mass": [
        6,
        "kg"
    ],
    "156007_failureRate": 5e-05,
    "156008_mass": [
        9,
        "kg"
    ],
    "156015_failureRate": 0.0001,
    "156016_mass": [
        3,
        "kg"
    ],
    "156023_failureRate": 2e-05,
    "156024_mass": [
        10,
        "kg"
    ],
    "156031_failureRate": 2e-05,
    "156032_mass": [
        10,
        "kg"
    ],
    "156038_failureRate": 8e-05,
    "156039_mass": [
        3.5,
        "kg"
    ],
    "156045_failureRate": 8e-05,
    "156046_mass": [
        3.5,
        "kg"
    ],
    "156052_failureRate": 0.0001,
    "156053_mass": [
        9.5,
        "kg"
    ]
}