{
    "21245_mass": [
        39.5,
        "kg"
    ],
    "21246_failureRate": 0.00015000440805835606,
    "21247_logFailureRate": -3.82389597849571,
    "21253_failureRate": 0.00015,
    "21254_mass": [
        3,
        "kg"
    ],
    "21261_failureRate": 2e-05,
    "21262_mass": [
        10,
        "kg"
    ],
    "21269_failureRate": 2e-05,
    "21270_mass": [
        10,
        "kg"
    ],
    "21276_failureRate": 0.0002,
    "21277_mass": [
        5.5,
        "kg"
    ],
    "21283_failureRate": 0.0002,
    "21284_mass": [
        5.5,
        "kg"
    ],
    "21290_failureRate": 0.0002,
    "21291_mass": [
        5.5,
        "kg"
    ]
}