{
    "230266_mass": [
        52.5,
        "kg"
    ],
    "230267_failureRate": 3.5007123512552514e-08,
    "230268_logFailureRate": -7.455843573152379,
    "230274_failureRate": 5e-05,
    "230275_mass": [
        9,
        "kg"
    ],
    "230281_failureRate": 5e-05,
    "230282_mass": [
        9,
        "kg"
    ],
    "230288_failureRate": 5e-05,
    "230289_mass": [
        9,
        "kg"
    ],
    "230296_failureRate": 0.0001,
    "230297_mass": [
        3,
        "kg"
    ],
    "230304_failureRate": 0.0001,
    "230305_mass": [
        3,
        "kg"
    ],
    "230312_failureRate": 0.0001,
    "230313_mass": [
        3,
        "kg"
    ],
    "230319_failureRate": 0.0002,
    "230320_mass": [
        5.5,
        "kg"
    ],
    "230326_failureRate": 0.0002,
    "230327_mass": [
        5.5,
        "kg"
    ],
    "230333_failureRate": 0.0002,
    "230334_mass": [
        5.5,
        "kg"
    ]
}