{
    "211820_mass": [
        24.5,
        "kg"
    ],
    "211821_failureRate": 0.00017999449955002,
    "211822_logFailureRate": -3.7447407662943264,
    "211828_failureRate": 5e-05,
    "211829_mass": [
        9,
        "kg"
    ],
    "211835_failureRate": 5e-05,
    "211836_mass": [
        9,
        "kg"
    ],
    "211843_failureRate": 0.0001,
    "211844_mass": [
        3,
        "kg"
    ],
    "211850_failureRate": 8e-05,
    "211851_mass": [
        3.5,
        "kg"
    ]
}