{
    "344768_mass": [
        42.5,
        "kg"
    ],
    "344769_failureRate": 1.977072534923725e-11,
    "344770_logFailureRate": -10.70397739697907,
    "344776_failureRate": 0.00015,
    "344777_mass": [
        3,
        "kg"
    ],
    "344783_failureRate": 0.00015,
    "344784_mass": [
        3,
        "kg"
    ],
    "344790_failureRate": 0.00015,
    "344791_mass": [
        3,
        "kg"
    ],
    "344798_failureRate": 0.0001,
    "344799_mass": [
        3,
        "kg"
    ],
    "344806_failureRate": 0.0001,
    "344807_mass": [
        3,
        "kg"
    ],
    "344814_failureRate": 4e-05,
    "344815_mass": [
        5,
        "kg"
    ],
    "344821_failureRate": 8e-05,
    "344822_mass": [
        3.5,
        "kg"
    ],
    "344828_failureRate": 0.0001,
    "344829_mass": [
        9.5,
        "kg"
    ],
    "344835_failureRate": 0.0001,
    "344836_mass": [
        9.5,
        "kg"
    ]
}