{
    "307730_mass": [
        64.5,
        "kg"
    ],
    "307731_failureRate": 7.873837556249126e-12,
    "307732_logFailureRate": -11.103813549306057,
    "307738_failureRate": 5e-05,
    "307739_mass": [
        9,
        "kg"
    ],
    "307745_failureRate": 5e-05,
    "307746_mass": [
        9,
        "kg"
    ],
    "307752_failureRate": 5e-05,
    "307753_mass": [
        9,
        "kg"
    ],
    "307760_failureRate": 0.0001,
    "307761_mass": [
        3,
        "kg"
    ],
    "307768_failureRate": 0.0001,
    "307769_mass": [
        3,
        "kg"
    ],
    "307776_failureRate": 0.0001,
    "307777_mass": [
        3,
        "kg"
    ],
    "307783_failureRate": 0.0001,
    "307784_mass": [
        9.5,
        "kg"
    ],
    "307790_failureRate": 0.0001,
    "307791_mass": [
        9.5,
        "kg"
    ],
    "307797_failureRate": 0.0001,
    "307798_mass": [
        9.5,
        "kg"
    ]
}