{
    "361492_mass": [
        41,
        "kg"
    ],
    "361493_failureRate": 1.600464380749565e-08,
    "361494_logFailureRate": -7.795753986884454,
    "361500_failureRate": 0.00015,
    "361501_mass": [
        3,
        "kg"
    ],
    "361507_failureRate": 0.00015,
    "361508_mass": [
        3,
        "kg"
    ],
    "361514_failureRate": 5e-05,
    "361515_mass": [
        9,
        "kg"
    ],
    "361522_failureRate": 0.0001,
    "361523_mass": [
        3,
        "kg"
    ],
    "361530_failureRate": 4e-05,
    "361531_mass": [
        5,
        "kg"
    ],
    "361538_failureRate": 4e-05,
    "361539_mass": [
        5,
        "kg"
    ],
    "361545_failureRate": 8e-05,
    "361546_mass": [
        3.5,
        "kg"
    ],
    "361552_failureRate": 0.0001,
    "361553_mass": [
        9.5,
        "kg"
    ]
}