{
    "303047_mass": [
        37.5,
        "kg"
    ],
    "303048_failureRate": 4.9499839202013e-12,
    "303049_logFailureRate": -11.305396211850105,
    "303055_failureRate": 0.00015,
    "303056_mass": [
        3,
        "kg"
    ],
    "303062_failureRate": 0.00015,
    "303063_mass": [
        3,
        "kg"
    ],
    "303069_failureRate": 0.0001,
    "303070_mass": [
        6,
        "kg"
    ],
    "303077_failureRate": 4e-05,
    "303078_mass": [
        5,
        "kg"
    ],
    "303085_failureRate": 4e-05,
    "303086_mass": [
        5,
        "kg"
    ],
    "303093_failureRate": 4e-05,
    "303094_mass": [
        5,
        "kg"
    ],
    "303100_failureRate": 8e-05,
    "303101_mass": [
        3.5,
        "kg"
    ],
    "303107_failureRate": 8e-05,
    "303108_mass": [
        3.5,
        "kg"
    ],
    "303114_failureRate": 8e-05,
    "303115_mass": [
        3.5,
        "kg"
    ]
}