{
    "213480_mass": [
        60.5,
        "kg"
    ],
    "213481_failureRate": 1.205016699072881e-12,
    "213482_logFailureRate": -11.919006934611973,
    "213488_failureRate": 0.00015,
    "213489_mass": [
        3,
        "kg"
    ],
    "213495_failureRate": 5e-05,
    "213496_mass": [
        9,
        "kg"
    ],
    "213502_failureRate": 5e-05,
    "213503_mass": [
        9,
        "kg"
    ],
    "213510_failureRate": 0.0001,
    "213511_mass": [
        3,
        "kg"
    ],
    "213518_failureRate": 2e-05,
    "213519_mass": [
        10,
        "kg"
    ],
    "213526_failureRate": 2e-05,
    "213527_mass": [
        10,
        "kg"
    ],
    "213533_failureRate": 8e-05,
    "213534_mass": [
        3.5,
        "kg"
    ],
    "213540_failureRate": 8e-05,
    "213541_mass": [
        3.5,
        "kg"
    ],
    "213547_failureRate": 0.0001,
    "213548_mass": [
        9.5,
        "kg"
    ]
}