{
    "228254_mass": [
        53,
        "kg"
    ],
    "228255_failureRate": 7.599220811760017e-08,
    "228256_logFailureRate": -7.119230935943054,
    "228262_failureRate": 0.0001,
    "228263_mass": [
        6,
        "kg"
    ],
    "228269_failureRate": 0.0001,
    "228270_mass": [
        6,
        "kg"
    ],
    "228277_failureRate": 2e-05,
    "228278_mass": [
        10,
        "kg"
    ],
    "228285_failureRate": 2e-05,
    "228286_mass": [
        10,
        "kg"
    ],
    "228293_failureRate": 2e-05,
    "228294_mass": [
        10,
        "kg"
    ],
    "228300_failureRate": 0.0002,
    "228301_mass": [
        5.5,
        "kg"
    ],
    "228307_failureRate": 0.0002,
    "228308_mass": [
        5.5,
        "kg"
    ]
}