{
    "80869_mass": [
        20.5,
        "kg"
    ],
    "80870_failureRate": 0.00012000429910002399,
    "80871_logFailureRate": -3.920803195269262,
    "80877_failureRate": 0.00015,
    "80878_mass": [
        3,
        "kg"
    ],
    "80884_failureRate": 5e-05,
    "80885_mass": [
        9,
        "kg"
    ],
    "80892_failureRate": 4e-05,
    "80893_mass": [
        5,
        "kg"
    ],
    "80899_failureRate": 8e-05,
    "80900_mass": [
        3.5,
        "kg"
    ]
}