{
    "249065_mass": [
        33,
        "kg"
    ],
    "249066_failureRate": 3.309653412239872e-08,
    "249067_logFailureRate": -7.48021748327345,
    "249073_failureRate": 5e-05,
    "249074_mass": [
        9,
        "kg"
    ],
    "249080_failureRate": 5e-05,
    "249081_mass": [
        9,
        "kg"
    ],
    "249088_failureRate": 0.0001,
    "249089_mass": [
        3,
        "kg"
    ],
    "249096_failureRate": 4e-05,
    "249097_mass": [
        5,
        "kg"
    ],
    "249103_failureRate": 8e-05,
    "249104_mass": [
        3.5,
        "kg"
    ],
    "249110_failureRate": 8e-05,
    "249111_mass": [
        3.5,
        "kg"
    ]
}