{
    "341576_mass": [
        64.5,
        "kg"
    ],
    "341577_failureRate": 7.0044244175165006e-09,
    "341578_logFailureRate": -8.154627546683248,
    "341584_failureRate": 5e-05,
    "341585_mass": [
        9,
        "kg"
    ],
    "341591_failureRate": 5e-05,
    "341592_mass": [
        9,
        "kg"
    ],
    "341598_failureRate": 5e-05,
    "341599_mass": [
        9,
        "kg"
    ],
    "341606_failureRate": 0.0001,
    "341607_mass": [
        3,
        "kg"
    ],
    "341614_failureRate": 2e-05,
    "341615_mass": [
        10,
        "kg"
    ],
    "341621_failureRate": 0.0002,
    "341622_mass": [
        5.5,
        "kg"
    ],
    "341628_failureRate": 0.0001,
    "341629_mass": [
        9.5,
        "kg"
    ],
    "341635_failureRate": 0.0001,
    "341636_mass": [
        9.5,
        "kg"
    ]
}