{
    "340470_mass": [
        35.5,
        "kg"
    ],
    "340471_failureRate": 0.00010000000623878407,
    "340472_logFailureRate": -3.999999972905306,
    "340478_failureRate": 0.0001,
    "340479_mass": [
        6,
        "kg"
    ],
    "340486_failureRate": 0.0001,
    "340487_mass": [
        3,
        "kg"
    ],
    "340494_failureRate": 0.0001,
    "340495_mass": [
        3,
        "kg"
    ],
    "340502_failureRate": 4e-05,
    "340503_mass": [
        5,
        "kg"
    ],
    "340509_failureRate": 8e-05,
    "340510_mass": [
        3.5,
        "kg"
    ],
    "340516_failureRate": 0.0002,
    "340517_mass": [
        5.5,
        "kg"
    ],
    "340523_failureRate": 0.0001,
    "340524_mass": [
        9.5,
        "kg"
    ]
}