{
    "326386_mass": [
        25.5,
        "kg"
    ],
    "326387_failureRate": 0.000100008399000016,
    "326388_logFailureRate": -3.999963525138136,
    "326394_failureRate": 0.0001,
    "326395_mass": [
        6,
        "kg"
    ],
    "326401_failureRate": 0.0001,
    "326402_mass": [
        6,
        "kg"
    ],
    "326409_failureRate": 2e-05,
    "326410_mass": [
        10,
        "kg"
    ],
    "326416_failureRate": 8e-05,
    "326417_mass": [
        3.5,
        "kg"
    ]
}