{
    "98801_mass": [
        25,
        "kg"
    ],
    "98802_failureRate": 0.00010002559648009601,
    "98803_logFailureRate": -3.9998888501240026,
    "98809_failureRate": 0.0001,
    "98810_mass": [
        6,
        "kg"
    ],
    "98817_failureRate": 4e-05,
    "98818_mass": [
        5,
        "kg"
    ],
    "98825_failureRate": 4e-05,
    "98826_mass": [
        5,
        "kg"
    ],
    "98832_failureRate": 8e-05,
    "98833_mass": [
        3.5,
        "kg"
    ],
    "98839_failureRate": 0.0002,
    "98840_mass": [
        5.5,
        "kg"
    ]
}