{
    "269024_mass": [
        28,
        "kg"
    ],
    "269025_failureRate": 4.7895630083999995e-08,
    "269026_logFailureRate": -7.31970410906936,
    "269032_failureRate": 0.00015,
    "269033_mass": [
        3,
        "kg"
    ],
    "269039_failureRate": 0.00015,
    "269040_mass": [
        3,
        "kg"
    ],
    "269047_failureRate": 4e-05,
    "269048_mass": [
        5,
        "kg"
    ],
    "269055_failureRate": 2e-05,
    "269056_mass": [
        10,
        "kg"
    ],
    "269062_failureRate": 8e-05,
    "269063_mass": [
        3.5,
        "kg"
    ],
    "269069_failureRate": 8e-05,
    "269070_mass": [
        3.5,
        "kg"
    ]
}