{
    "246349_mass": [
        48.5,
        "kg"
    ],
    "246350_failureRate": 5.6004572795125246e-08,
    "246351_logFailureRate": -7.251776511232886,
    "246357_failureRate": 0.00015,
    "246358_mass": [
        3,
        "kg"
    ],
    "246364_failureRate": 5e-05,
    "246365_mass": [
        9,
        "kg"
    ],
    "246371_failureRate": 5e-05,
    "246372_mass": [
        9,
        "kg"
    ],
    "246379_failureRate": 0.0001,
    "246380_mass": [
        3,
        "kg"
    ],
    "246387_failureRate": 0.0001,
    "246388_mass": [
        3,
        "kg"
    ],
    "246395_failureRate": 4e-05,
    "246396_mass": [
        5,
        "kg"
    ],
    "246402_failureRate": 0.0002,
    "246403_mass": [
        5.5,
        "kg"
    ],
    "246409_failureRate": 0.0002,
    "246410_mass": [
        5.5,
        "kg"
    ],
    "246416_failureRate": 0.0002,
    "246417_mass": [
        5.5,
        "kg"
    ]
}