{
    "118367_mass": [
        27.5,
        "kg"
    ],
    "118368_failureRate": 0.00010000800147956403,
    "118369_logFailureRate": -3.999965251405965,
    "118375_failureRate": 0.0001,
    "118376_mass": [
        6,
        "kg"
    ],
    "118383_failureRate": 0.0001,
    "118384_mass": [
        3,
        "kg"
    ],
    "118391_failureRate": 0.0001,
    "118392_mass": [
        3,
        "kg"
    ],
    "118399_failureRate": 0.0001,
    "118400_mass": [
        3,
        "kg"
    ],
    "118406_failureRate": 8e-05,
    "118407_mass": [
        3.5,
        "kg"
    ],
    "118413_failureRate": 8e-05,
    "118414_mass": [
        3.5,
        "kg"
    ],
    "118420_failureRate": 0.0002,
    "118421_mass": [
        5.5,
        "kg"
    ]
}