{
    "323980_mass": [
        35.5,
        "kg"
    ],
    "323981_failureRate": 8.007836229258035e-09,
    "323982_logFailureRate": -8.09648481732904,
    "323988_failureRate": 0.00015,
    "323989_mass": [
        3,
        "kg"
    ],
    "323995_failureRate": 0.00015,
    "323996_mass": [
        3,
        "kg"
    ],
    "324002_failureRate": 0.00015,
    "324003_mass": [
        3,
        "kg"
    ],
    "324010_failureRate": 0.0001,
    "324011_mass": [
        3,
        "kg"
    ],
    "324018_failureRate": 0.0001,
    "324019_mass": [
        3,
        "kg"
    ],
    "324026_failureRate": 2e-05,
    "324027_mass": [
        10,
        "kg"
    ],
    "324033_failureRate": 8e-05,
    "324034_mass": [
        3.5,
        "kg"
    ],
    "324040_failureRate": 8e-05,
    "324041_mass": [
        3.5,
        "kg"
    ],
    "324047_failureRate": 8e-05,
    "324048_mass": [
        3.5,
        "kg"
    ]
}