{
    "175497_mass": [
        38.5,
        "kg"
    ],
    "175498_failureRate": 5.602503770560564e-09,
    "175499_logFailureRate": -8.251617842506763,
    "175505_failureRate": 0.0001,
    "175506_mass": [
        6,
        "kg"
    ],
    "175512_failureRate": 0.0001,
    "175513_mass": [
        6,
        "kg"
    ],
    "175519_failureRate": 0.0001,
    "175520_mass": [
        6,
        "kg"
    ],
    "175527_failureRate": 4e-05,
    "175528_mass": [
        5,
        "kg"
    ],
    "175535_failureRate": 4e-05,
    "175536_mass": [
        5,
        "kg"
    ],
    "175542_failureRate": 8e-05,
    "175543_mass": [
        3.5,
        "kg"
    ],
    "175549_failureRate": 8e-05,
    "175550_mass": [
        3.5,
        "kg"
    ],
    "175556_failureRate": 8e-05,
    "175557_mass": [
        3.5,
        "kg"
    ]
}