{
    "57860_mass": [
        38.5,
        "kg"
    ],
    "57861_failureRate": 5.002200649882004e-05,
    "57862_logFailureRate": -4.300838891696118,
    "57868_failureRate": 5e-05,
    "57869_mass": [
        9,
        "kg"
    ],
    "57876_failureRate": 0.0001,
    "57877_mass": [
        3,
        "kg"
    ],
    "57884_failureRate": 2e-05,
    "57885_mass": [
        10,
        "kg"
    ],
    "57891_failureRate": 0.0002,
    "57892_mass": [
        5.5,
        "kg"
    ],
    "57898_failureRate": 0.0002,
    "57899_mass": [
        5.5,
        "kg"
    ],
    "57905_failureRate": 0.0002,
    "57906_mass": [
        5.5,
        "kg"
    ]
}