{
    "21067_mass": [
        35.5,
        "kg"
    ],
    "21068_failureRate": 5.000960879883205e-05,
    "21069_logFailureRate": -4.300946542716341,
    "21075_failureRate": 5e-05,
    "21076_mass": [
        9,
        "kg"
    ],
    "21083_failureRate": 4e-05,
    "21084_mass": [
        5,
        "kg"
    ],
    "21091_failureRate": 4e-05,
    "21092_mass": [
        5,
        "kg"
    ],
    "21098_failureRate": 0.0002,
    "21099_mass": [
        5.5,
        "kg"
    ],
    "21105_failureRate": 0.0002,
    "21106_mass": [
        5.5,
        "kg"
    ],
    "21112_failureRate": 0.0002,
    "21113_mass": [
        5.5,
        "kg"
    ]
}