{
    "345001_mass": [
        27,
        "kg"
    ],
    "345002_failureRate": 6.549175026999999e-08,
    "345003_logFailureRate": -7.1838134028763525,
    "345009_failureRate": 0.00015,
    "345010_mass": [
        3,
        "kg"
    ],
    "345016_failureRate": 0.00015,
    "345017_mass": [
        3,
        "kg"
    ],
    "345024_failureRate": 0.0001,
    "345025_mass": [
        3,
        "kg"
    ],
    "345032_failureRate": 4e-05,
    "345033_mass": [
        5,
        "kg"
    ],
    "345039_failureRate": 8e-05,
    "345040_mass": [
        3.5,
        "kg"
    ],
    "345046_failureRate": 0.0001,
    "345047_mass": [
        9.5,
        "kg"
    ]
}