{
    "23587_mass": [
        23,
        "kg"
    ],
    "23588_failureRate": 0.00015003499400020003,
    "23589_logFailureRate": -3.8238074347529785,
    "23595_failureRate": 5e-05,
    "23596_mass": [
        9,
        "kg"
    ],
    "23603_failureRate": 0.0001,
    "23604_mass": [
        3,
        "kg"
    ],
    "23610_failureRate": 0.0002,
    "23611_mass": [
        5.5,
        "kg"
    ],
    "23617_failureRate": 0.0002,
    "23618_mass": [
        5.5,
        "kg"
    ]
}