{
    "359397_mass": [
        44,
        "kg"
    ],
    "359398_failureRate": 6.049644379602208e-08,
    "359399_logFailureRate": -7.218270154027815,
    "359405_failureRate": 5e-05,
    "359406_mass": [
        9,
        "kg"
    ],
    "359412_failureRate": 5e-05,
    "359413_mass": [
        9,
        "kg"
    ],
    "359420_failureRate": 4e-05,
    "359421_mass": [
        5,
        "kg"
    ],
    "359428_failureRate": 4e-05,
    "359429_mass": [
        5,
        "kg"
    ],
    "359436_failureRate": 4e-05,
    "359437_mass": [
        5,
        "kg"
    ],
    "359443_failureRate": 0.0002,
    "359444_mass": [
        5.5,
        "kg"
    ],
    "359450_failureRate": 0.0002,
    "359451_mass": [
        5.5,
        "kg"
    ]
}