{
    "156758_mass": [
        18.5,
        "kg"
    ],
    "156759_failureRate": 8.00225021989301e-05,
    "156760_logFailureRate": -4.096787872924554,
    "156766_failureRate": 0.00015,
    "156767_mass": [
        3,
        "kg"
    ],
    "156773_failureRate": 0.00015,
    "156774_mass": [
        3,
        "kg"
    ],
    "156781_failureRate": 0.0001,
    "156782_mass": [
        3,
        "kg"
    ],
    "156789_failureRate": 0.0001,
    "156790_mass": [
        3,
        "kg"
    ],
    "156797_failureRate": 0.0001,
    "156798_mass": [
        3,
        "kg"
    ],
    "156804_failureRate": 8e-05,
    "156805_mass": [
        3.5,
        "kg"
    ]
}