{
    "246910_mass": [
        24.5,
        "kg"
    ],
    "246911_failureRate": 0.00022998800007998157,
    "246912_logFailureRate": -3.63829482326503,
    "246918_failureRate": 0.00015,
    "246919_mass": [
        3,
        "kg"
    ],
    "246926_failureRate": 0.0001,
    "246927_mass": [
        3,
        "kg"
    ],
    "246934_failureRate": 4e-05,
    "246935_mass": [
        5,
        "kg"
    ],
    "246942_failureRate": 2e-05,
    "246943_mass": [
        10,
        "kg"
    ],
    "246949_failureRate": 8e-05,
    "246950_mass": [
        3.5,
        "kg"
    ]
}