{
    "341459_mass": [
        36.5,
        "kg"
    ],
    "341460_failureRate": 1.2383691412466303e-11,
    "341461_logFailureRate": -10.907149878651884,
    "341467_failureRate": 0.00015,
    "341468_mass": [
        3,
        "kg"
    ],
    "341474_failureRate": 0.00015,
    "341475_mass": [
        3,
        "kg"
    ],
    "341481_failureRate": 0.00015,
    "341482_mass": [
        3,
        "kg"
    ],
    "341489_failureRate": 0.0001,
    "341490_mass": [
        3,
        "kg"
    ],
    "341497_failureRate": 0.0001,
    "341498_mass": [
        3,
        "kg"
    ],
    "341505_failureRate": 4e-05,
    "341506_mass": [
        5,
        "kg"
    ],
    "341512_failureRate": 8e-05,
    "341513_mass": [
        3.5,
        "kg"
    ],
    "341519_failureRate": 8e-05,
    "341520_mass": [
        3.5,
        "kg"
    ],
    "341526_failureRate": 0.0001,
    "341527_mass": [
        9.5,
        "kg"
    ]
}