{
    "77766_mass": [
        25,
        "kg"
    ],
    "77767_failureRate": 2.9402858954068603e-08,
    "77768_logFailureRate": -7.53161043939703,
    "77774_failureRate": 0.00015,
    "77775_mass": [
        3,
        "kg"
    ],
    "77781_failureRate": 0.0001,
    "77782_mass": [
        6,
        "kg"
    ],
    "77789_failureRate": 0.0001,
    "77790_mass": [
        3,
        "kg"
    ],
    "77797_failureRate": 0.0001,
    "77798_mass": [
        3,
        "kg"
    ],
    "77805_failureRate": 0.0001,
    "77806_mass": [
        3,
        "kg"
    ],
    "77812_failureRate": 8e-05,
    "77813_mass": [
        3.5,
        "kg"
    ],
    "77819_failureRate": 8e-05,
    "77820_mass": [
        3.5,
        "kg"
    ]
}