{
    "97868_mass": [
        24.5,
        "kg"
    ],
    "97869_failureRate": 0.0001000000046545345,
    "97870_logFailureRate": -3.999999979785614,
    "97876_failureRate": 0.00015,
    "97877_mass": [
        3,
        "kg"
    ],
    "97883_failureRate": 0.00015,
    "97884_mass": [
        3,
        "kg"
    ],
    "97890_failureRate": 0.00015,
    "97891_mass": [
        3,
        "kg"
    ],
    "97898_failureRate": 0.0001,
    "97899_mass": [
        3,
        "kg"
    ],
    "97905_failureRate": 8e-05,
    "97906_mass": [
        3.5,
        "kg"
    ],
    "97912_failureRate": 8e-05,
    "97913_mass": [
        3.5,
        "kg"
    ],
    "97919_failureRate": 0.0002,
    "97920_mass": [
        5.5,
        "kg"
    ]
}