{
    "95503_mass": [
        38.5,
        "kg"
    ],
    "95504_failureRate": 0.00010000000189979501,
    "95505_logFailureRate": -3.999999991749295,
    "95511_failureRate": 0.00015,
    "95512_mass": [
        3,
        "kg"
    ],
    "95518_failureRate": 0.0001,
    "95519_mass": [
        6,
        "kg"
    ],
    "95525_failureRate": 5e-05,
    "95526_mass": [
        9,
        "kg"
    ],
    "95533_failureRate": 0.0001,
    "95534_mass": [
        3,
        "kg"
    ],
    "95541_failureRate": 0.0001,
    "95542_mass": [
        3,
        "kg"
    ],
    "95549_failureRate": 4e-05,
    "95550_mass": [
        5,
        "kg"
    ],
    "95556_failureRate": 0.0001,
    "95557_mass": [
        9.5,
        "kg"
    ]
}