{
    "172236_mass": [
        45.5,
        "kg"
    ],
    "172237_failureRate": 8.000000276772936e-05,
    "172238_logFailureRate": -4.096909997982936,
    "172244_failureRate": 0.00015,
    "172245_mass": [
        3,
        "kg"
    ],
    "172251_failureRate": 0.00015,
    "172252_mass": [
        3,
        "kg"
    ],
    "172258_failureRate": 0.0001,
    "172259_mass": [
        6,
        "kg"
    ],
    "172266_failureRate": 2e-05,
    "172267_mass": [
        10,
        "kg"
    ],
    "172274_failureRate": 2e-05,
    "172275_mass": [
        10,
        "kg"
    ],
    "172282_failureRate": 2e-05,
    "172283_mass": [
        10,
        "kg"
    ],
    "172289_failureRate": 8e-05,
    "172290_mass": [
        3.5,
        "kg"
    ]
}