{
    "342538_mass": [
        35,
        "kg"
    ],
    "342539_failureRate": 2.2898052056639493e-08,
    "342540_logFailureRate": -7.640201461635458,
    "342546_failureRate": 5e-05,
    "342547_mass": [
        9,
        "kg"
    ],
    "342553_failureRate": 5e-05,
    "342554_mass": [
        9,
        "kg"
    ],
    "342561_failureRate": 4e-05,
    "342562_mass": [
        5,
        "kg"
    ],
    "342569_failureRate": 4e-05,
    "342570_mass": [
        5,
        "kg"
    ],
    "342576_failureRate": 8e-05,
    "342577_mass": [
        3.5,
        "kg"
    ],
    "342583_failureRate": 8e-05,
    "342584_mass": [
        3.5,
        "kg"
    ]
}