{
    "95417_mass": [
        22,
        "kg"
    ],
    "95418_failureRate": 0.00010001639835993602,
    "95419_logFailureRate": -3.999928788666261,
    "95425_failureRate": 0.0001,
    "95426_mass": [
        6,
        "kg"
    ],
    "95432_failureRate": 0.0001,
    "95433_mass": [
        6,
        "kg"
    ],
    "95440_failureRate": 0.0001,
    "95441_mass": [
        3,
        "kg"
    ],
    "95447_failureRate": 8e-05,
    "95448_mass": [
        3.5,
        "kg"
    ],
    "95454_failureRate": 8e-05,
    "95455_mass": [
        3.5,
        "kg"
    ]
}