{
    "265895_mass": [
        48.5,
        "kg"
    ],
    "265896_failureRate": 1.9129829019210307e-12,
    "265897_logFailureRate": -11.718288911642611,
    "265903_failureRate": 5e-05,
    "265904_mass": [
        9,
        "kg"
    ],
    "265910_failureRate": 5e-05,
    "265911_mass": [
        9,
        "kg"
    ],
    "265917_failureRate": 5e-05,
    "265918_mass": [
        9,
        "kg"
    ],
    "265925_failureRate": 0.0001,
    "265926_mass": [
        3,
        "kg"
    ],
    "265933_failureRate": 0.0001,
    "265934_mass": [
        3,
        "kg"
    ],
    "265941_failureRate": 4e-05,
    "265942_mass": [
        5,
        "kg"
    ],
    "265948_failureRate": 8e-05,
    "265949_mass": [
        3.5,
        "kg"
    ],
    "265955_failureRate": 8e-05,
    "265956_mass": [
        3.5,
        "kg"
    ],
    "265962_failureRate": 8e-05,
    "265963_mass": [
        3.5,
        "kg"
    ]
}