{
    "341686_mass": [
        64.5,
        "kg"
    ],
    "341687_failureRate": 2.4802799431988806e-12,
    "341688_logFailureRate": -11.605499298639442,
    "341694_failureRate": 0.0001,
    "341695_mass": [
        6,
        "kg"
    ],
    "341701_failureRate": 0.0001,
    "341702_mass": [
        6,
        "kg"
    ],
    "341708_failureRate": 0.0001,
    "341709_mass": [
        6,
        "kg"
    ],
    "341716_failureRate": 0.0001,
    "341717_mass": [
        3,
        "kg"
    ],
    "341724_failureRate": 4e-05,
    "341725_mass": [
        5,
        "kg"
    ],
    "341732_failureRate": 2e-05,
    "341733_mass": [
        10,
        "kg"
    ],
    "341739_failureRate": 0.0001,
    "341740_mass": [
        9.5,
        "kg"
    ],
    "341746_failureRate": 0.0001,
    "341747_mass": [
        9.5,
        "kg"
    ],
    "341753_failureRate": 0.0001,
    "341754_mass": [
        9.5,
        "kg"
    ]
}