{
    "134739_mass": [
        29,
        "kg"
    ],
    "134740_failureRate": 1.1998249965016e-07,
    "134741_logFailureRate": -6.920882094449215,
    "134747_failureRate": 0.00015,
    "134748_mass": [
        3,
        "kg"
    ],
    "134754_failureRate": 0.0001,
    "134755_mass": [
        6,
        "kg"
    ],
    "134762_failureRate": 0.0001,
    "134763_mass": [
        3,
        "kg"
    ],
    "134770_failureRate": 0.0001,
    "134771_mass": [
        3,
        "kg"
    ],
    "134778_failureRate": 0.0001,
    "134779_mass": [
        3,
        "kg"
    ],
    "134785_failureRate": 0.0002,
    "134786_mass": [
        5.5,
        "kg"
    ],
    "134792_failureRate": 0.0002,
    "134793_mass": [
        5.5,
        "kg"
    ]
}