{
    "189735_mass": [
        20.5,
        "kg"
    ],
    "189736_failureRate": 8.003399518016801e-05,
    "189737_logFailureRate": -4.0967255032185745,
    "189743_failureRate": 0.00015,
    "189744_mass": [
        3,
        "kg"
    ],
    "189750_failureRate": 0.0001,
    "189751_mass": [
        6,
        "kg"
    ],
    "189758_failureRate": 0.0001,
    "189759_mass": [
        3,
        "kg"
    ],
    "189766_failureRate": 4e-05,
    "189767_mass": [
        5,
        "kg"
    ],
    "189773_failureRate": 8e-05,
    "189774_mass": [
        3.5,
        "kg"
    ]
}