{
    "284173_mass": [
        22,
        "kg"
    ],
    "284174_failureRate": 0.00010003049694982003,
    "284175_logFailureRate": -3.9998675736217595,
    "284181_failureRate": 0.00015,
    "284182_mass": [
        3,
        "kg"
    ],
    "284188_failureRate": 0.00015,
    "284189_mass": [
        3,
        "kg"
    ],
    "284196_failureRate": 0.0001,
    "284197_mass": [
        3,
        "kg"
    ],
    "284203_failureRate": 8e-05,
    "284204_mass": [
        3.5,
        "kg"
    ],
    "284210_failureRate": 0.0001,
    "284211_mass": [
        9.5,
        "kg"
    ]
}