{
    "211440_mass": [
        26.5,
        "kg"
    ],
    "211441_failureRate": 0.00020002929312020398,
    "211442_logFailureRate": -3.6989063997915324,
    "211448_failureRate": 0.00015,
    "211449_mass": [
        3,
        "kg"
    ],
    "211455_failureRate": 0.00015,
    "211456_mass": [
        3,
        "kg"
    ],
    "211463_failureRate": 4e-05,
    "211464_mass": [
        5,
        "kg"
    ],
    "211471_failureRate": 2e-05,
    "211472_mass": [
        10,
        "kg"
    ],
    "211478_failureRate": 0.0002,
    "211479_mass": [
        5.5,
        "kg"
    ]
}