{
    "99467_mass": [
        25.5,
        "kg"
    ],
    "99468_failureRate": 0.00023999699880004,
    "99469_logFailureRate": -3.6197941891747747,
    "99475_failureRate": 0.0001,
    "99476_mass": [
        6,
        "kg"
    ],
    "99482_failureRate": 5e-05,
    "99483_mass": [
        9,
        "kg"
    ],
    "99490_failureRate": 4e-05,
    "99491_mass": [
        5,
        "kg"
    ],
    "99497_failureRate": 0.0002,
    "99498_mass": [
        5.5,
        "kg"
    ]
}