{
    "135754_mass": [
        39,
        "kg"
    ],
    "135755_failureRate": 1.0007274704805274e-08,
    "135756_logFailureRate": -7.999684178446065,
    "135762_failureRate": 0.00015,
    "135763_mass": [
        3,
        "kg"
    ],
    "135769_failureRate": 0.00015,
    "135770_mass": [
        3,
        "kg"
    ],
    "135776_failureRate": 0.00015,
    "135777_mass": [
        3,
        "kg"
    ],
    "135784_failureRate": 0.0001,
    "135785_mass": [
        3,
        "kg"
    ],
    "135792_failureRate": 0.0001,
    "135793_mass": [
        3,
        "kg"
    ],
    "135800_failureRate": 4e-05,
    "135801_mass": [
        5,
        "kg"
    ],
    "135807_failureRate": 0.0001,
    "135808_mass": [
        9.5,
        "kg"
    ],
    "135814_failureRate": 0.0001,
    "135815_mass": [
        9.5,
        "kg"
    ]
}