{
    "43428_mass": [
        21,
        "kg"
    ],
    "43429_failureRate": 0.00010003399420024,
    "43430_logFailureRate": -3.9998523901521628,
    "43436_failureRate": 0.0001,
    "43437_mass": [
        6,
        "kg"
    ],
    "43444_failureRate": 0.0001,
    "43445_mass": [
        3,
        "kg"
    ],
    "43452_failureRate": 0.0001,
    "43453_mass": [
        3,
        "kg"
    ],
    "43459_failureRate": 8e-05,
    "43460_mass": [
        3.5,
        "kg"
    ],
    "43466_failureRate": 0.0002,
    "43467_mass": [
        5.5,
        "kg"
    ]
}