{
    "304490_mass": [
        27.5,
        "kg"
    ],
    "304491_failureRate": 4.000000276188952e-05,
    "304492_logFailureRate": -4.397939978685204,
    "304498_failureRate": 0.00015,
    "304499_mass": [
        3,
        "kg"
    ],
    "304505_failureRate": 0.00015,
    "304506_mass": [
        3,
        "kg"
    ],
    "304512_failureRate": 0.0001,
    "304513_mass": [
        6,
        "kg"
    ],
    "304520_failureRate": 4e-05,
    "304521_mass": [
        5,
        "kg"
    ],
    "304527_failureRate": 8e-05,
    "304528_mass": [
        3.5,
        "kg"
    ],
    "304534_failureRate": 8e-05,
    "304535_mass": [
        3.5,
        "kg"
    ],
    "304541_failureRate": 8e-05,
    "304542_mass": [
        3.5,
        "kg"
    ]
}