{
    "59076_mass": [
        12.5,
        "kg"
    ],
    "59077_failureRate": 0.00018001449595018,
    "59078_logFailureRate": -3.74469252124287,
    "59084_failureRate": 0.00015,
    "59085_mass": [
        3,
        "kg"
    ],
    "59091_failureRate": 0.00015,
    "59092_mass": [
        3,
        "kg"
    ],
    "59099_failureRate": 0.0001,
    "59100_mass": [
        3,
        "kg"
    ],
    "59106_failureRate": 8e-05,
    "59107_mass": [
        3.5,
        "kg"
    ]
}