{
    "324097_mass": [
        39.5,
        "kg"
    ],
    "324098_failureRate": 2.509378503075399e-09,
    "324099_logFailureRate": -8.600433826768645,
    "324105_failureRate": 5e-05,
    "324106_mass": [
        9,
        "kg"
    ],
    "324112_failureRate": 5e-05,
    "324113_mass": [
        9,
        "kg"
    ],
    "324120_failureRate": 0.0001,
    "324121_mass": [
        3,
        "kg"
    ],
    "324128_failureRate": 0.0001,
    "324129_mass": [
        3,
        "kg"
    ],
    "324136_failureRate": 0.0001,
    "324137_mass": [
        3,
        "kg"
    ],
    "324143_failureRate": 8e-05,
    "324144_mass": [
        3.5,
        "kg"
    ],
    "324150_failureRate": 8e-05,
    "324151_mass": [
        3.5,
        "kg"
    ],
    "324157_failureRate": 0.0002,
    "324158_mass": [
        5.5,
        "kg"
    ]
}