{
    "248861_mass": [
        27.5,
        "kg"
    ],
    "248862_failureRate": 8.001749785006001e-05,
    "248863_logFailureRate": -4.096815033148246,
    "248869_failureRate": 5e-05,
    "248870_mass": [
        9,
        "kg"
    ],
    "248876_failureRate": 5e-05,
    "248877_mass": [
        9,
        "kg"
    ],
    "248884_failureRate": 0.0001,
    "248885_mass": [
        3,
        "kg"
    ],
    "248892_failureRate": 0.0001,
    "248893_mass": [
        3,
        "kg"
    ],
    "248899_failureRate": 8e-05,
    "248900_mass": [
        3.5,
        "kg"
    ]
}