{
    "41736_mass": [
        30,
        "kg"
    ],
    "41737_failureRate": 5.0057593280255996e-05,
    "41738_logFailureRate": -4.300530034676469,
    "41744_failureRate": 5e-05,
    "41745_mass": [
        9,
        "kg"
    ],
    "41752_failureRate": 4e-05,
    "41753_mass": [
        5,
        "kg"
    ],
    "41760_failureRate": 4e-05,
    "41761_mass": [
        5,
        "kg"
    ],
    "41767_failureRate": 0.0002,
    "41768_mass": [
        5.5,
        "kg"
    ],
    "41774_failureRate": 0.0002,
    "41775_mass": [
        5.5,
        "kg"
    ]
}