{
    "194027_mass": [
        42.5,
        "kg"
    ],
    "194028_failureRate": 1.2543908314330132e-11,
    "194029_logFailureRate": -10.901567128984096,
    "194035_failureRate": 0.00015,
    "194036_mass": [
        3,
        "kg"
    ],
    "194042_failureRate": 0.00015,
    "194043_mass": [
        3,
        "kg"
    ],
    "194049_failureRate": 0.00015,
    "194050_mass": [
        3,
        "kg"
    ],
    "194057_failureRate": 0.0001,
    "194058_mass": [
        3,
        "kg"
    ],
    "194065_failureRate": 0.0001,
    "194066_mass": [
        3,
        "kg"
    ],
    "194073_failureRate": 4e-05,
    "194074_mass": [
        5,
        "kg"
    ],
    "194080_failureRate": 8e-05,
    "194081_mass": [
        3.5,
        "kg"
    ],
    "194087_failureRate": 0.0001,
    "194088_mass": [
        9.5,
        "kg"
    ],
    "194094_failureRate": 0.0001,
    "194095_mass": [
        9.5,
        "kg"
    ]
}