{
    "231818_mass": [
        52.5,
        "kg"
    ],
    "231819_failureRate": 5.7143115229498754e-12,
    "231820_logFailureRate": -11.243036087192648,
    "231826_failureRate": 5e-05,
    "231827_mass": [
        9,
        "kg"
    ],
    "231833_failureRate": 5e-05,
    "231834_mass": [
        9,
        "kg"
    ],
    "231840_failureRate": 5e-05,
    "231841_mass": [
        9,
        "kg"
    ],
    "231848_failureRate": 0.0001,
    "231849_mass": [
        3,
        "kg"
    ],
    "231856_failureRate": 0.0001,
    "231857_mass": [
        3,
        "kg"
    ],
    "231864_failureRate": 0.0001,
    "231865_mass": [
        3,
        "kg"
    ],
    "231871_failureRate": 8e-05,
    "231872_mass": [
        3.5,
        "kg"
    ],
    "231878_failureRate": 8e-05,
    "231879_mass": [
        3.5,
        "kg"
    ],
    "231885_failureRate": 0.0001,
    "231886_mass": [
        9.5,
        "kg"
    ]
}