{
    "305139_mass": [
        33.5,
        "kg"
    ],
    "305140_failureRate": 2.25054390519798e-08,
    "305141_logFailureRate": -7.647712510119764,
    "305147_failureRate": 0.00015,
    "305148_mass": [
        3,
        "kg"
    ],
    "305154_failureRate": 0.00015,
    "305155_mass": [
        3,
        "kg"
    ],
    "305162_failureRate": 0.0001,
    "305163_mass": [
        3,
        "kg"
    ],
    "305170_failureRate": 0.0001,
    "305171_mass": [
        3,
        "kg"
    ],
    "305178_failureRate": 4e-05,
    "305179_mass": [
        5,
        "kg"
    ],
    "305185_failureRate": 8e-05,
    "305186_mass": [
        3.5,
        "kg"
    ],
    "305192_failureRate": 8e-05,
    "305193_mass": [
        3.5,
        "kg"
    ],
    "305199_failureRate": 0.0001,
    "305200_mass": [
        9.5,
        "kg"
    ]
}