{
    "210919_mass": [
        29,
        "kg"
    ],
    "210920_failureRate": 5.999419992001601e-08,
    "210921_logFailureRate": -7.221890734024524,
    "210927_failureRate": 0.0001,
    "210928_mass": [
        6,
        "kg"
    ],
    "210934_failureRate": 0.0001,
    "210935_mass": [
        6,
        "kg"
    ],
    "210942_failureRate": 0.0001,
    "210943_mass": [
        3,
        "kg"
    ],
    "210950_failureRate": 4e-05,
    "210951_mass": [
        5,
        "kg"
    ],
    "210957_failureRate": 8e-05,
    "210958_mass": [
        3.5,
        "kg"
    ],
    "210964_failureRate": 0.0002,
    "210965_mass": [
        5.5,
        "kg"
    ]
}