{
    "269600_mass": [
        34,
        "kg"
    ],
    "269601_failureRate": 1.9898939977281947e-08,
    "269602_logFailureRate": -7.701170057976159,
    "269608_failureRate": 0.00015,
    "269609_mass": [
        3,
        "kg"
    ],
    "269615_failureRate": 5e-05,
    "269616_mass": [
        9,
        "kg"
    ],
    "269623_failureRate": 4e-05,
    "269624_mass": [
        5,
        "kg"
    ],
    "269631_failureRate": 4e-05,
    "269632_mass": [
        5,
        "kg"
    ],
    "269639_failureRate": 4e-05,
    "269640_mass": [
        5,
        "kg"
    ],
    "269646_failureRate": 8e-05,
    "269647_mass": [
        3.5,
        "kg"
    ],
    "269653_failureRate": 8e-05,
    "269654_mass": [
        3.5,
        "kg"
    ]
}