{
    "40375_mass": [
        15,
        "kg"
    ],
    "40376_failureRate": 0.00025000099600023997,
    "40377_logFailureRate": -3.602058261101776,
    "40383_failureRate": 0.00015,
    "40384_mass": [
        3,
        "kg"
    ],
    "40391_failureRate": 0.0001,
    "40392_mass": [
        3,
        "kg"
    ],
    "40398_failureRate": 8e-05,
    "40399_mass": [
        3.5,
        "kg"
    ],
    "40405_failureRate": 0.0002,
    "40406_mass": [
        5.5,
        "kg"
    ]
}