{
    "61576_mass": [
        43,
        "kg"
    ],
    "61577_failureRate": 7.839144017999921e-08,
    "61578_logFailureRate": -7.105731356774071,
    "61584_failureRate": 0.0001,
    "61585_mass": [
        6,
        "kg"
    ],
    "61591_failureRate": 0.0001,
    "61592_mass": [
        6,
        "kg"
    ],
    "61599_failureRate": 2e-05,
    "61600_mass": [
        10,
        "kg"
    ],
    "61607_failureRate": 2e-05,
    "61608_mass": [
        10,
        "kg"
    ],
    "61614_failureRate": 0.0002,
    "61615_mass": [
        5.5,
        "kg"
    ],
    "61621_failureRate": 0.0002,
    "61622_mass": [
        5.5,
        "kg"
    ]
}