{
    "61207_mass": [
        39.5,
        "kg"
    ],
    "61208_failureRate": 4.0000001639934414e-05,
    "61209_logFailureRate": -4.397939990866676,
    "61215_failureRate": 0.0001,
    "61216_mass": [
        6,
        "kg"
    ],
    "61222_failureRate": 0.0001,
    "61223_mass": [
        6,
        "kg"
    ],
    "61229_failureRate": 0.0001,
    "61230_mass": [
        6,
        "kg"
    ],
    "61237_failureRate": 4e-05,
    "61238_mass": [
        5,
        "kg"
    ],
    "61244_failureRate": 8e-05,
    "61245_mass": [
        3.5,
        "kg"
    ],
    "61251_failureRate": 8e-05,
    "61252_mass": [
        3.5,
        "kg"
    ],
    "61258_failureRate": 0.0001,
    "61259_mass": [
        9.5,
        "kg"
    ]
}