{
    "153364_mass": [
        17,
        "kg"
    ],
    "153365_failureRate": 0.0002500249900006,
    "153366_logFailureRate": -3.6020165814201,
    "153372_failureRate": 0.00015,
    "153373_mass": [
        3,
        "kg"
    ],
    "153380_failureRate": 0.0001,
    "153381_mass": [
        3,
        "kg"
    ],
    "153387_failureRate": 0.0002,
    "153388_mass": [
        5.5,
        "kg"
    ],
    "153394_failureRate": 0.0002,
    "153395_mass": [
        5.5,
        "kg"
    ]
}