{
    "248950_mass": [
        36.5,
        "kg"
    ],
    "248951_failureRate": 9.295009164539797e-12,
    "248952_logFailureRate": -11.031750177693363,
    "248958_failureRate": 0.00015,
    "248959_mass": [
        3,
        "kg"
    ],
    "248965_failureRate": 0.00015,
    "248966_mass": [
        3,
        "kg"
    ],
    "248972_failureRate": 5e-05,
    "248973_mass": [
        9,
        "kg"
    ],
    "248980_failureRate": 0.0001,
    "248981_mass": [
        3,
        "kg"
    ],
    "248988_failureRate": 0.0001,
    "248989_mass": [
        3,
        "kg"
    ],
    "248996_failureRate": 0.0001,
    "248997_mass": [
        3,
        "kg"
    ],
    "249003_failureRate": 8e-05,
    "249004_mass": [
        3.5,
        "kg"
    ],
    "249010_failureRate": 8e-05,
    "249011_mass": [
        3.5,
        "kg"
    ],
    "249017_failureRate": 0.0002,
    "249018_mass": [
        5.5,
        "kg"
    ]
}