{
    "228472_mass": [
        35,
        "kg"
    ],
    "228473_failureRate": 2.0008899821984002e-05,
    "228474_logFailureRate": -4.698776790143251,
    "228480_failureRate": 5e-05,
    "228481_mass": [
        9,
        "kg"
    ],
    "228487_failureRate": 5e-05,
    "228488_mass": [
        9,
        "kg"
    ],
    "228495_failureRate": 2e-05,
    "228496_mass": [
        10,
        "kg"
    ],
    "228502_failureRate": 8e-05,
    "228503_mass": [
        3.5,
        "kg"
    ],
    "228509_failureRate": 8e-05,
    "228510_mass": [
        3.5,
        "kg"
    ]
}