{
    "209839_mass": [
        25,
        "kg"
    ],
    "209840_failureRate": 4.43957600160064e-08,
    "209841_logFailureRate": -7.352658504875917,
    "209847_failureRate": 0.0001,
    "209848_mass": [
        6,
        "kg"
    ],
    "209854_failureRate": 0.0001,
    "209855_mass": [
        6,
        "kg"
    ],
    "209862_failureRate": 0.0001,
    "209863_mass": [
        3,
        "kg"
    ],
    "209870_failureRate": 0.0001,
    "209871_mass": [
        3,
        "kg"
    ],
    "209877_failureRate": 8e-05,
    "209878_mass": [
        3.5,
        "kg"
    ],
    "209884_failureRate": 8e-05,
    "209885_mass": [
        3.5,
        "kg"
    ]
}