{
    "284261_mass": [
        33.5,
        "kg"
    ],
    "284262_failureRate": 5.170406942272813e-12,
    "284263_logFailureRate": -11.286475273960528,
    "284269_failureRate": 0.00015,
    "284270_mass": [
        3,
        "kg"
    ],
    "284276_failureRate": 0.00015,
    "284277_mass": [
        3,
        "kg"
    ],
    "284283_failureRate": 0.0001,
    "284284_mass": [
        6,
        "kg"
    ],
    "284291_failureRate": 0.0001,
    "284292_mass": [
        3,
        "kg"
    ],
    "284299_failureRate": 0.0001,
    "284300_mass": [
        3,
        "kg"
    ],
    "284307_failureRate": 0.0001,
    "284308_mass": [
        3,
        "kg"
    ],
    "284314_failureRate": 8e-05,
    "284315_mass": [
        3.5,
        "kg"
    ],
    "284321_failureRate": 8e-05,
    "284322_mass": [
        3.5,
        "kg"
    ],
    "284328_failureRate": 0.0002,
    "284329_mass": [
        5.5,
        "kg"
    ]
}