{
    "342336_mass": [
        49,
        "kg"
    ],
    "342337_failureRate": 1.239983696404049e-08,
    "342338_logFailureRate": -7.906584025005753,
    "342344_failureRate": 5e-05,
    "342345_mass": [
        9,
        "kg"
    ],
    "342351_failureRate": 5e-05,
    "342352_mass": [
        9,
        "kg"
    ],
    "342358_failureRate": 5e-05,
    "342359_mass": [
        9,
        "kg"
    ],
    "342366_failureRate": 4e-05,
    "342367_mass": [
        5,
        "kg"
    ],
    "342374_failureRate": 4e-05,
    "342375_mass": [
        5,
        "kg"
    ],
    "342382_failureRate": 4e-05,
    "342383_mass": [
        5,
        "kg"
    ],
    "342389_failureRate": 8e-05,
    "342390_mass": [
        3.5,
        "kg"
    ],
    "342396_failureRate": 8e-05,
    "342397_mass": [
        3.5,
        "kg"
    ]
}