{
    "266115_mass": [
        31.5,
        "kg"
    ],
    "266116_failureRate": 8.0055620336265e-09,
    "266117_logFailureRate": -8.0966081728597,
    "266123_failureRate": 0.00015,
    "266124_mass": [
        3,
        "kg"
    ],
    "266130_failureRate": 0.00015,
    "266131_mass": [
        3,
        "kg"
    ],
    "266137_failureRate": 0.0001,
    "266138_mass": [
        6,
        "kg"
    ],
    "266145_failureRate": 0.0001,
    "266146_mass": [
        3,
        "kg"
    ],
    "266153_failureRate": 0.0001,
    "266154_mass": [
        3,
        "kg"
    ],
    "266161_failureRate": 0.0001,
    "266162_mass": [
        3,
        "kg"
    ],
    "266168_failureRate": 8e-05,
    "266169_mass": [
        3.5,
        "kg"
    ],
    "266175_failureRate": 8e-05,
    "266176_mass": [
        3.5,
        "kg"
    ],
    "266182_failureRate": 8e-05,
    "266183_mass": [
        3.5,
        "kg"
    ]
}