{
    "231293_mass": [
        24.5,
        "kg"
    ],
    "231294_failureRate": 8.001000107466252e-05,
    "231295_logFailureRate": -4.096855723757191,
    "231301_failureRate": 0.00015,
    "231302_mass": [
        3,
        "kg"
    ],
    "231308_failureRate": 0.00015,
    "231309_mass": [
        3,
        "kg"
    ],
    "231315_failureRate": 5e-05,
    "231316_mass": [
        9,
        "kg"
    ],
    "231323_failureRate": 0.0001,
    "231324_mass": [
        3,
        "kg"
    ],
    "231331_failureRate": 0.0001,
    "231332_mass": [
        3,
        "kg"
    ],
    "231338_failureRate": 8e-05,
    "231339_mass": [
        3.5,
        "kg"
    ]
}