{
    "79062_mass": [
        11.5,
        "kg"
    ],
    "79063_failureRate": 0.00044993500300000004,
    "79064_logFailureRate": -3.3468502192851446,
    "79070_failureRate": 0.00015,
    "79071_mass": [
        3,
        "kg"
    ],
    "79078_failureRate": 0.0001,
    "79079_mass": [
        3,
        "kg"
    ],
    "79085_failureRate": 0.0002,
    "79086_mass": [
        5.5,
        "kg"
    ]
}