{
    "265338_mass": [
        49.5,
        "kg"
    ],
    "265339_failureRate": 6.599799876009802e-12,
    "265340_logFailureRate": -11.180469233255456,
    "265346_failureRate": 0.0001,
    "265347_mass": [
        6,
        "kg"
    ],
    "265353_failureRate": 0.0001,
    "265354_mass": [
        6,
        "kg"
    ],
    "265360_failureRate": 0.0001,
    "265361_mass": [
        6,
        "kg"
    ],
    "265368_failureRate": 0.0001,
    "265369_mass": [
        3,
        "kg"
    ],
    "265376_failureRate": 0.0001,
    "265377_mass": [
        3,
        "kg"
    ],
    "265384_failureRate": 0.0001,
    "265385_mass": [
        3,
        "kg"
    ],
    "265391_failureRate": 8e-05,
    "265392_mass": [
        3.5,
        "kg"
    ],
    "265398_failureRate": 0.0001,
    "265399_mass": [
        9.5,
        "kg"
    ],
    "265405_failureRate": 0.0001,
    "265406_mass": [
        9.5,
        "kg"
    ]
}