{
    "171663_mass": [
        46,
        "kg"
    ],
    "171664_failureRate": 2.0005145943819276e-08,
    "171665_logFailureRate": -7.698858275958856,
    "171671_failureRate": 0.00015,
    "171672_mass": [
        3,
        "kg"
    ],
    "171678_failureRate": 0.00015,
    "171679_mass": [
        3,
        "kg"
    ],
    "171685_failureRate": 0.00015,
    "171686_mass": [
        3,
        "kg"
    ],
    "171693_failureRate": 2e-05,
    "171694_mass": [
        10,
        "kg"
    ],
    "171701_failureRate": 2e-05,
    "171702_mass": [
        10,
        "kg"
    ],
    "171709_failureRate": 2e-05,
    "171710_mass": [
        10,
        "kg"
    ],
    "171716_failureRate": 8e-05,
    "171717_mass": [
        3.5,
        "kg"
    ],
    "171723_failureRate": 8e-05,
    "171724_mass": [
        3.5,
        "kg"
    ]
}