{
    "77467_mass": [
        30,
        "kg"
    ],
    "77468_failureRate": 0.00015000999818005054,
    "77469_logFailureRate": -3.8238797942128566,
    "77475_failureRate": 0.00015,
    "77476_mass": [
        3,
        "kg"
    ],
    "77483_failureRate": 2e-05,
    "77484_mass": [
        10,
        "kg"
    ],
    "77491_failureRate": 2e-05,
    "77492_mass": [
        10,
        "kg"
    ],
    "77498_failureRate": 8e-05,
    "77499_mass": [
        3.5,
        "kg"
    ],
    "77505_failureRate": 8e-05,
    "77506_mass": [
        3.5,
        "kg"
    ]
}