{
    "363055_mass": [
        45.5,
        "kg"
    ],
    "363056_failureRate": 3.750474812013749e-08,
    "363057_logFailureRate": -7.425913746889901,
    "363063_failureRate": 0.00015,
    "363064_mass": [
        3,
        "kg"
    ],
    "363070_failureRate": 0.00015,
    "363071_mass": [
        3,
        "kg"
    ],
    "363078_failureRate": 0.0001,
    "363079_mass": [
        3,
        "kg"
    ],
    "363086_failureRate": 0.0001,
    "363087_mass": [
        3,
        "kg"
    ],
    "363094_failureRate": 4e-05,
    "363095_mass": [
        5,
        "kg"
    ],
    "363101_failureRate": 0.0001,
    "363102_mass": [
        9.5,
        "kg"
    ],
    "363108_failureRate": 0.0001,
    "363109_mass": [
        9.5,
        "kg"
    ],
    "363115_failureRate": 0.0001,
    "363116_mass": [
        9.5,
        "kg"
    ]
}