{
    "307376_mass": [
        50.5,
        "kg"
    ],
    "307377_failureRate": 6.05460068391982e-12,
    "307378_logFailureRate": -11.217914494385305,
    "307384_failureRate": 0.00015,
    "307385_mass": [
        3,
        "kg"
    ],
    "307391_failureRate": 0.00015,
    "307392_mass": [
        3,
        "kg"
    ],
    "307398_failureRate": 5e-05,
    "307399_mass": [
        9,
        "kg"
    ],
    "307406_failureRate": 0.0001,
    "307407_mass": [
        3,
        "kg"
    ],
    "307414_failureRate": 4e-05,
    "307415_mass": [
        5,
        "kg"
    ],
    "307422_failureRate": 4e-05,
    "307423_mass": [
        5,
        "kg"
    ],
    "307429_failureRate": 8e-05,
    "307430_mass": [
        3.5,
        "kg"
    ],
    "307436_failureRate": 0.0001,
    "307437_mass": [
        9.5,
        "kg"
    ],
    "307443_failureRate": 0.0001,
    "307444_mass": [
        9.5,
        "kg"
    ]
}