{
    "58497_mass": [
        51.5,
        "kg"
    ],
    "58498_failureRate": 6.550144822509701e-12,
    "58499_logFailureRate": -11.183749097730123,
    "58505_failureRate": 0.00015,
    "58506_mass": [
        3,
        "kg"
    ],
    "58512_failureRate": 0.00015,
    "58513_mass": [
        3,
        "kg"
    ],
    "58519_failureRate": 0.0001,
    "58520_mass": [
        6,
        "kg"
    ],
    "58527_failureRate": 0.0001,
    "58528_mass": [
        3,
        "kg"
    ],
    "58535_failureRate": 0.0001,
    "58536_mass": [
        3,
        "kg"
    ],
    "58543_failureRate": 4e-05,
    "58544_mass": [
        5,
        "kg"
    ],
    "58550_failureRate": 0.0001,
    "58551_mass": [
        9.5,
        "kg"
    ],
    "58557_failureRate": 0.0001,
    "58558_mass": [
        9.5,
        "kg"
    ],
    "58564_failureRate": 0.0001,
    "58565_mass": [
        9.5,
        "kg"
    ]
}