{
    "61003_mass": [
        19,
        "kg"
    ],
    "61004_failureRate": 0.00010002139785990402,
    "61005_logFailureRate": -3.9999070802162593,
    "61011_failureRate": 0.00015,
    "61012_mass": [
        3,
        "kg"
    ],
    "61018_failureRate": 0.0001,
    "61019_mass": [
        6,
        "kg"
    ],
    "61026_failureRate": 0.0001,
    "61027_mass": [
        3,
        "kg"
    ],
    "61033_failureRate": 8e-05,
    "61034_mass": [
        3.5,
        "kg"
    ],
    "61040_failureRate": 8e-05,
    "61041_mass": [
        3.5,
        "kg"
    ]
}