{
    "22249_mass": [
        26.5,
        "kg"
    ],
    "22250_failureRate": 0.00014000599860004002,
    "22251_logFailureRate": -3.853853356442574,
    "22257_failureRate": 0.0001,
    "22258_mass": [
        6,
        "kg"
    ],
    "22264_failureRate": 0.0001,
    "22265_mass": [
        6,
        "kg"
    ],
    "22272_failureRate": 4e-05,
    "22273_mass": [
        5,
        "kg"
    ],
    "22279_failureRate": 0.0001,
    "22280_mass": [
        9.5,
        "kg"
    ]
}