{
    "41358_mass": [
        40.5,
        "kg"
    ],
    "41359_failureRate": 7.2491999775055e-08,
    "41360_logFailureRate": -7.139709919570539,
    "41366_failureRate": 0.00015,
    "41367_mass": [
        3,
        "kg"
    ],
    "41373_failureRate": 0.00015,
    "41374_mass": [
        3,
        "kg"
    ],
    "41381_failureRate": 0.0001,
    "41382_mass": [
        3,
        "kg"
    ],
    "41389_failureRate": 0.0001,
    "41390_mass": [
        3,
        "kg"
    ],
    "41396_failureRate": 0.0001,
    "41397_mass": [
        9.5,
        "kg"
    ],
    "41403_failureRate": 0.0001,
    "41404_mass": [
        9.5,
        "kg"
    ],
    "41410_failureRate": 0.0001,
    "41411_mass": [
        9.5,
        "kg"
    ]
}