{
    "306224_mass": [
        27.5,
        "kg"
    ],
    "306225_failureRate": 0.00010002499849950007,
    "306226_logFailureRate": -3.999891446463925,
    "306232_failureRate": 0.00015,
    "306233_mass": [
        3,
        "kg"
    ],
    "306239_failureRate": 0.0001,
    "306240_mass": [
        6,
        "kg"
    ],
    "306247_failureRate": 0.0001,
    "306248_mass": [
        3,
        "kg"
    ],
    "306255_failureRate": 0.0001,
    "306256_mass": [
        3,
        "kg"
    ],
    "306263_failureRate": 0.0001,
    "306264_mass": [
        3,
        "kg"
    ],
    "306270_failureRate": 0.0001,
    "306271_mass": [
        9.5,
        "kg"
    ]
}