{
    "152218_mass": [
        34.5,
        "kg"
    ],
    "152219_failureRate": 1.0333596219159223e-11,
    "152220_logFailureRate": -10.985748512329456,
    "152226_failureRate": 0.00015,
    "152227_mass": [
        3,
        "kg"
    ],
    "152233_failureRate": 0.00015,
    "152234_mass": [
        3,
        "kg"
    ],
    "152240_failureRate": 0.00015,
    "152241_mass": [
        3,
        "kg"
    ],
    "152248_failureRate": 4e-05,
    "152249_mass": [
        5,
        "kg"
    ],
    "152256_failureRate": 4e-05,
    "152257_mass": [
        5,
        "kg"
    ],
    "152264_failureRate": 4e-05,
    "152265_mass": [
        5,
        "kg"
    ],
    "152271_failureRate": 8e-05,
    "152272_mass": [
        3.5,
        "kg"
    ],
    "152278_failureRate": 8e-05,
    "152279_mass": [
        3.5,
        "kg"
    ],
    "152285_failureRate": 8e-05,
    "152286_mass": [
        3.5,
        "kg"
    ]
}