{
    "344540_mass": [
        41.5,
        "kg"
    ],
    "344541_failureRate": 8.003711801569017e-09,
    "344542_logFailureRate": -8.096708557872118,
    "344548_failureRate": 0.00015,
    "344549_mass": [
        3,
        "kg"
    ],
    "344555_failureRate": 0.0001,
    "344556_mass": [
        6,
        "kg"
    ],
    "344562_failureRate": 0.0001,
    "344563_mass": [
        6,
        "kg"
    ],
    "344570_failureRate": 0.0001,
    "344571_mass": [
        3,
        "kg"
    ],
    "344578_failureRate": 0.0001,
    "344579_mass": [
        3,
        "kg"
    ],
    "344586_failureRate": 2e-05,
    "344587_mass": [
        10,
        "kg"
    ],
    "344593_failureRate": 8e-05,
    "344594_mass": [
        3.5,
        "kg"
    ],
    "344600_failureRate": 8e-05,
    "344601_mass": [
        3.5,
        "kg"
    ],
    "344607_failureRate": 8e-05,
    "344608_mass": [
        3.5,
        "kg"
    ]
}