{
    "250005_mass": [
        62.5,
        "kg"
    ],
    "250006_failureRate": 1.0510195976696901e-12,
    "250007_logFailureRate": -11.978389185893306,
    "250013_failureRate": 0.00015,
    "250014_mass": [
        3,
        "kg"
    ],
    "250020_failureRate": 5e-05,
    "250021_mass": [
        9,
        "kg"
    ],
    "250027_failureRate": 5e-05,
    "250028_mass": [
        9,
        "kg"
    ],
    "250035_failureRate": 4e-05,
    "250036_mass": [
        5,
        "kg"
    ],
    "250043_failureRate": 2e-05,
    "250044_mass": [
        10,
        "kg"
    ],
    "250051_failureRate": 2e-05,
    "250052_mass": [
        10,
        "kg"
    ],
    "250058_failureRate": 8e-05,
    "250059_mass": [
        3.5,
        "kg"
    ],
    "250065_failureRate": 8e-05,
    "250066_mass": [
        3.5,
        "kg"
    ],
    "250072_failureRate": 0.0001,
    "250073_mass": [
        9.5,
        "kg"
    ]
}