{
    "118468_mass": [
        21,
        "kg"
    ],
    "118469_failureRate": 5.58949899040144e-08,
    "118470_logFailureRate": -7.25262711795531,
    "118476_failureRate": 0.00015,
    "118477_mass": [
        3,
        "kg"
    ],
    "118483_failureRate": 0.00015,
    "118484_mass": [
        3,
        "kg"
    ],
    "118491_failureRate": 0.0001,
    "118492_mass": [
        3,
        "kg"
    ],
    "118499_failureRate": 4e-05,
    "118500_mass": [
        5,
        "kg"
    ],
    "118506_failureRate": 8e-05,
    "118507_mass": [
        3.5,
        "kg"
    ],
    "118513_failureRate": 8e-05,
    "118514_mass": [
        3.5,
        "kg"
    ]
}