{
    "135337_mass": [
        47.5,
        "kg"
    ],
    "135338_failureRate": 0.00010001199979976002,
    "135339_logFailureRate": -3.999947888658369,
    "135345_failureRate": 0.0001,
    "135346_mass": [
        6,
        "kg"
    ],
    "135353_failureRate": 0.0001,
    "135354_mass": [
        3,
        "kg"
    ],
    "135361_failureRate": 2e-05,
    "135362_mass": [
        10,
        "kg"
    ],
    "135368_failureRate": 0.0001,
    "135369_mass": [
        9.5,
        "kg"
    ],
    "135375_failureRate": 0.0001,
    "135376_mass": [
        9.5,
        "kg"
    ],
    "135382_failureRate": 0.0001,
    "135383_mass": [
        9.5,
        "kg"
    ]
}