{
    "362828_mass": [
        50.5,
        "kg"
    ],
    "362829_failureRate": 7.469946512620454e-12,
    "362830_logFailureRate": -11.12668250787094,
    "362836_failureRate": 0.00015,
    "362837_mass": [
        3,
        "kg"
    ],
    "362843_failureRate": 0.00015,
    "362844_mass": [
        3,
        "kg"
    ],
    "362850_failureRate": 5e-05,
    "362851_mass": [
        9,
        "kg"
    ],
    "362858_failureRate": 4e-05,
    "362859_mass": [
        5,
        "kg"
    ],
    "362866_failureRate": 2e-05,
    "362867_mass": [
        10,
        "kg"
    ],
    "362874_failureRate": 2e-05,
    "362875_mass": [
        10,
        "kg"
    ],
    "362881_failureRate": 8e-05,
    "362882_mass": [
        3.5,
        "kg"
    ],
    "362888_failureRate": 8e-05,
    "362889_mass": [
        3.5,
        "kg"
    ],
    "362895_failureRate": 8e-05,
    "362896_mass": [
        3.5,
        "kg"
    ]
}