{
    "97453_mass": [
        37.5,
        "kg"
    ],
    "97454_failureRate": 0.00010000880775862406,
    "97455_logFailureRate": -3.999961750074772,
    "97461_failureRate": 0.0001,
    "97462_mass": [
        6,
        "kg"
    ],
    "97469_failureRate": 4e-05,
    "97470_mass": [
        5,
        "kg"
    ],
    "97477_failureRate": 2e-05,
    "97478_mass": [
        10,
        "kg"
    ],
    "97484_failureRate": 0.0002,
    "97485_mass": [
        5.5,
        "kg"
    ],
    "97491_failureRate": 0.0002,
    "97492_mass": [
        5.5,
        "kg"
    ],
    "97498_failureRate": 0.0002,
    "97499_mass": [
        5.5,
        "kg"
    ]
}