{
    "287131_mass": [
        34.5,
        "kg"
    ],
    "287132_failureRate": 8.57615377093451e-12,
    "287133_logFailureRate": -11.066707440656245,
    "287139_failureRate": 0.00015,
    "287140_mass": [
        3,
        "kg"
    ],
    "287146_failureRate": 0.00015,
    "287147_mass": [
        3,
        "kg"
    ],
    "287153_failureRate": 5e-05,
    "287154_mass": [
        9,
        "kg"
    ],
    "287161_failureRate": 0.0001,
    "287162_mass": [
        3,
        "kg"
    ],
    "287169_failureRate": 0.0001,
    "287170_mass": [
        3,
        "kg"
    ],
    "287177_failureRate": 0.0001,
    "287178_mass": [
        3,
        "kg"
    ],
    "287184_failureRate": 8e-05,
    "287185_mass": [
        3.5,
        "kg"
    ],
    "287191_failureRate": 8e-05,
    "287192_mass": [
        3.5,
        "kg"
    ],
    "287198_failureRate": 8e-05,
    "287199_mass": [
        3.5,
        "kg"
    ]
}