{
    "230482_mass": [
        29,
        "kg"
    ],
    "230483_failureRate": 4.0496729896012e-08,
    "230484_logFailureRate": -7.39258004457436,
    "230490_failureRate": 0.00015,
    "230491_mass": [
        3,
        "kg"
    ],
    "230497_failureRate": 5e-05,
    "230498_mass": [
        9,
        "kg"
    ],
    "230505_failureRate": 0.0001,
    "230506_mass": [
        3,
        "kg"
    ],
    "230513_failureRate": 4e-05,
    "230514_mass": [
        5,
        "kg"
    ],
    "230520_failureRate": 8e-05,
    "230521_mass": [
        3.5,
        "kg"
    ],
    "230527_failureRate": 0.0002,
    "230528_mass": [
        5.5,
        "kg"
    ]
}