{
    "97032_mass": [
        43,
        "kg"
    ],
    "97033_failureRate": 2.999999970000001e-08,
    "97034_logFailureRate": -7.522878749623282,
    "97040_failureRate": 0.0001,
    "97041_mass": [
        6,
        "kg"
    ],
    "97047_failureRate": 0.0001,
    "97048_mass": [
        6,
        "kg"
    ],
    "97054_failureRate": 0.0001,
    "97055_mass": [
        6,
        "kg"
    ],
    "97062_failureRate": 0.0001,
    "97063_mass": [
        3,
        "kg"
    ],
    "97070_failureRate": 0.0001,
    "97071_mass": [
        3,
        "kg"
    ],
    "97077_failureRate": 0.0001,
    "97078_mass": [
        9.5,
        "kg"
    ],
    "97084_failureRate": 0.0001,
    "97085_mass": [
        9.5,
        "kg"
    ]
}