{
    "212294_mass": [
        26,
        "kg"
    ],
    "212295_failureRate": 5.000799959998976e-05,
    "212296_logFailureRate": -4.300960517579142,
    "212302_failureRate": 5e-05,
    "212303_mass": [
        9,
        "kg"
    ],
    "212310_failureRate": 4e-05,
    "212311_mass": [
        5,
        "kg"
    ],
    "212318_failureRate": 4e-05,
    "212319_mass": [
        5,
        "kg"
    ],
    "212325_failureRate": 8e-05,
    "212326_mass": [
        3.5,
        "kg"
    ],
    "212332_failureRate": 8e-05,
    "212333_mass": [
        3.5,
        "kg"
    ]
}