{
    "20232_mass": [
        44.5,
        "kg"
    ],
    "20233_failureRate": 8.8010319472e-09,
    "20234_logFailureRate": -8.05546640254313,
    "20240_failureRate": 0.0001,
    "20241_mass": [
        6,
        "kg"
    ],
    "20247_failureRate": 0.0001,
    "20248_mass": [
        6,
        "kg"
    ],
    "20254_failureRate": 0.0001,
    "20255_mass": [
        6,
        "kg"
    ],
    "20262_failureRate": 4e-05,
    "20263_mass": [
        5,
        "kg"
    ],
    "20270_failureRate": 4e-05,
    "20271_mass": [
        5,
        "kg"
    ],
    "20277_failureRate": 8e-05,
    "20278_mass": [
        3.5,
        "kg"
    ],
    "20284_failureRate": 8e-05,
    "20285_mass": [
        3.5,
        "kg"
    ],
    "20291_failureRate": 0.0001,
    "20292_mass": [
        9.5,
        "kg"
    ]
}