{
    "360732_mass": [
        44.5,
        "kg"
    ],
    "360733_failureRate": 1.6372912465012e-11,
    "360734_logFailureRate": -10.785874060051865,
    "360740_failureRate": 0.00015,
    "360741_mass": [
        3,
        "kg"
    ],
    "360747_failureRate": 0.00015,
    "360748_mass": [
        3,
        "kg"
    ],
    "360754_failureRate": 5e-05,
    "360755_mass": [
        9,
        "kg"
    ],
    "360762_failureRate": 0.0001,
    "360763_mass": [
        3,
        "kg"
    ],
    "360770_failureRate": 0.0001,
    "360771_mass": [
        3,
        "kg"
    ],
    "360778_failureRate": 0.0001,
    "360779_mass": [
        3,
        "kg"
    ],
    "360785_failureRate": 0.0002,
    "360786_mass": [
        5.5,
        "kg"
    ],
    "360792_failureRate": 0.0002,
    "360793_mass": [
        5.5,
        "kg"
    ],
    "360799_failureRate": 0.0001,
    "360800_mass": [
        9.5,
        "kg"
    ]
}