{
    "230915_mass": [
        27,
        "kg"
    ],
    "230916_failureRate": 1.600717592934558e-08,
    "230917_logFailureRate": -7.795685281852483,
    "230923_failureRate": 0.00015,
    "230924_mass": [
        3,
        "kg"
    ],
    "230930_failureRate": 0.00015,
    "230931_mass": [
        3,
        "kg"
    ],
    "230937_failureRate": 0.00015,
    "230938_mass": [
        3,
        "kg"
    ],
    "230945_failureRate": 0.0001,
    "230946_mass": [
        3,
        "kg"
    ],
    "230953_failureRate": 0.0001,
    "230954_mass": [
        3,
        "kg"
    ],
    "230961_failureRate": 0.0001,
    "230962_mass": [
        3,
        "kg"
    ],
    "230968_failureRate": 8e-05,
    "230969_mass": [
        3.5,
        "kg"
    ],
    "230975_failureRate": 0.0002,
    "230976_mass": [
        5.5,
        "kg"
    ]
}