{
    "60218_mass": [
        31.5,
        "kg"
    ],
    "60219_failureRate": 5.003000449890004e-05,
    "60220_logFailureRate": -4.300769458063075,
    "60226_failureRate": 5e-05,
    "60227_mass": [
        9,
        "kg"
    ],
    "60234_failureRate": 0.0001,
    "60235_mass": [
        3,
        "kg"
    ],
    "60242_failureRate": 0.0001,
    "60243_mass": [
        3,
        "kg"
    ],
    "60249_failureRate": 0.0002,
    "60250_mass": [
        5.5,
        "kg"
    ],
    "60256_failureRate": 0.0002,
    "60257_mass": [
        5.5,
        "kg"
    ],
    "60263_failureRate": 0.0002,
    "60264_mass": [
        5.5,
        "kg"
    ]
}