{
    "171506_mass": [
        21.5,
        "kg"
    ],
    "171507_failureRate": 0.0002499800005,
    "171508_logFailureRate": -3.6020947354076727,
    "171514_failureRate": 5e-05,
    "171515_mass": [
        9,
        "kg"
    ],
    "171522_failureRate": 0.0001,
    "171523_mass": [
        3,
        "kg"
    ],
    "171529_failureRate": 0.0001,
    "171530_mass": [
        9.5,
        "kg"
    ]
}