{
    "322627_mass": [
        22.5,
        "kg"
    ],
    "322628_failureRate": 0.0002499850079980001,
    "322629_logFailureRate": -3.6020860358838553,
    "322635_failureRate": 0.00015,
    "322636_mass": [
        3,
        "kg"
    ],
    "322643_failureRate": 0.0001,
    "322644_mass": [
        3,
        "kg"
    ],
    "322650_failureRate": 0.0002,
    "322651_mass": [
        5.5,
        "kg"
    ],
    "322657_failureRate": 0.0002,
    "322658_mass": [
        5.5,
        "kg"
    ],
    "322664_failureRate": 0.0002,
    "322665_mass": [
        5.5,
        "kg"
    ]
}