{
    "249581_mass": [
        31.5,
        "kg"
    ],
    "249582_failureRate": 2.800115136564032e-08,
    "249583_logFailureRate": -7.552824110748358,
    "249589_failureRate": 0.0001,
    "249590_mass": [
        6,
        "kg"
    ],
    "249596_failureRate": 0.0001,
    "249597_mass": [
        6,
        "kg"
    ],
    "249604_failureRate": 0.0001,
    "249605_mass": [
        3,
        "kg"
    ],
    "249612_failureRate": 0.0001,
    "249613_mass": [
        3,
        "kg"
    ],
    "249620_failureRate": 0.0001,
    "249621_mass": [
        3,
        "kg"
    ],
    "249627_failureRate": 8e-05,
    "249628_mass": [
        3.5,
        "kg"
    ],
    "249634_failureRate": 8e-05,
    "249635_mass": [
        3.5,
        "kg"
    ],
    "249641_failureRate": 8e-05,
    "249642_mass": [
        3.5,
        "kg"
    ]
}