{
    "229847_mass": [
        39.5,
        "kg"
    ],
    "229848_failureRate": 8.002249832796936e-05,
    "229849_logFailureRate": -4.096787893932857,
    "229855_failureRate": 0.00015,
    "229856_mass": [
        3,
        "kg"
    ],
    "229862_failureRate": 0.00015,
    "229863_mass": [
        3,
        "kg"
    ],
    "229870_failureRate": 2e-05,
    "229871_mass": [
        10,
        "kg"
    ],
    "229878_failureRate": 2e-05,
    "229879_mass": [
        10,
        "kg"
    ],
    "229886_failureRate": 2e-05,
    "229887_mass": [
        10,
        "kg"
    ],
    "229893_failureRate": 8e-05,
    "229894_mass": [
        3.5,
        "kg"
    ]
}