{
    "98708_mass": [
        27.5,
        "kg"
    ],
    "98709_failureRate": 0.00010002999749955008,
    "98710_logFailureRate": -3.9998697420508322,
    "98716_failureRate": 0.00015,
    "98717_mass": [
        3,
        "kg"
    ],
    "98723_failureRate": 0.0001,
    "98724_mass": [
        6,
        "kg"
    ],
    "98731_failureRate": 0.0001,
    "98732_mass": [
        3,
        "kg"
    ],
    "98739_failureRate": 0.0001,
    "98740_mass": [
        3,
        "kg"
    ],
    "98747_failureRate": 0.0001,
    "98748_mass": [
        3,
        "kg"
    ],
    "98754_failureRate": 0.0001,
    "98755_mass": [
        9.5,
        "kg"
    ]
}