{
    "288538_mass": [
        51,
        "kg"
    ],
    "288539_failureRate": 3.4397120044e-08,
    "288540_logFailureRate": -7.463477917933062,
    "288546_failureRate": 0.0001,
    "288547_mass": [
        6,
        "kg"
    ],
    "288553_failureRate": 0.0001,
    "288554_mass": [
        6,
        "kg"
    ],
    "288561_failureRate": 2e-05,
    "288562_mass": [
        10,
        "kg"
    ],
    "288569_failureRate": 2e-05,
    "288570_mass": [
        10,
        "kg"
    ],
    "288576_failureRate": 0.0001,
    "288577_mass": [
        9.5,
        "kg"
    ],
    "288583_failureRate": 0.0001,
    "288584_mass": [
        9.5,
        "kg"
    ]
}