{
    "284601_mass": [
        16.5,
        "kg"
    ],
    "284602_failureRate": 0.00024998340024,
    "284603_logFailureRate": -3.6020888290220463,
    "284609_failureRate": 0.00015,
    "284610_mass": [
        3,
        "kg"
    ],
    "284617_failureRate": 2e-05,
    "284618_mass": [
        10,
        "kg"
    ],
    "284624_failureRate": 8e-05,
    "284625_mass": [
        3.5,
        "kg"
    ]
}