{
    "306629_mass": [
        29,
        "kg"
    ],
    "306630_failureRate": 2.519873594880256e-08,
    "306631_logFailureRate": -7.598621244306898,
    "306637_failureRate": 0.0001,
    "306638_mass": [
        6,
        "kg"
    ],
    "306644_failureRate": 0.0001,
    "306645_mass": [
        6,
        "kg"
    ],
    "306652_failureRate": 4e-05,
    "306653_mass": [
        5,
        "kg"
    ],
    "306660_failureRate": 4e-05,
    "306661_mass": [
        5,
        "kg"
    ],
    "306667_failureRate": 8e-05,
    "306668_mass": [
        3.5,
        "kg"
    ],
    "306674_failureRate": 8e-05,
    "306675_mass": [
        3.5,
        "kg"
    ]
}