{
    "285310_mass": [
        50.5,
        "kg"
    ],
    "285311_failureRate": 9.624612347513501e-12,
    "285312_logFailureRate": -11.01661675363517,
    "285318_failureRate": 0.00015,
    "285319_mass": [
        3,
        "kg"
    ],
    "285325_failureRate": 5e-05,
    "285326_mass": [
        9,
        "kg"
    ],
    "285332_failureRate": 5e-05,
    "285333_mass": [
        9,
        "kg"
    ],
    "285340_failureRate": 0.0001,
    "285341_mass": [
        3,
        "kg"
    ],
    "285348_failureRate": 0.0001,
    "285349_mass": [
        3,
        "kg"
    ],
    "285356_failureRate": 0.0001,
    "285357_mass": [
        3,
        "kg"
    ],
    "285363_failureRate": 0.0002,
    "285364_mass": [
        5.5,
        "kg"
    ],
    "285370_failureRate": 0.0002,
    "285371_mass": [
        5.5,
        "kg"
    ],
    "285377_failureRate": 0.0001,
    "285378_mass": [
        9.5,
        "kg"
    ]
}