{
    "80949_mass": [
        25.5,
        "kg"
    ],
    "80950_failureRate": 4.9505438492273426e-08,
    "80951_logFailureRate": -7.305347088390793,
    "80957_failureRate": 0.00015,
    "80958_mass": [
        3,
        "kg"
    ],
    "80964_failureRate": 0.00015,
    "80965_mass": [
        3,
        "kg"
    ],
    "80972_failureRate": 0.0001,
    "80973_mass": [
        3,
        "kg"
    ],
    "80980_failureRate": 0.0001,
    "80981_mass": [
        3,
        "kg"
    ],
    "80988_failureRate": 0.0001,
    "80989_mass": [
        3,
        "kg"
    ],
    "80995_failureRate": 8e-05,
    "80996_mass": [
        3.5,
        "kg"
    ],
    "81002_failureRate": 8e-05,
    "81003_mass": [
        3.5,
        "kg"
    ],
    "81009_failureRate": 8e-05,
    "81010_mass": [
        3.5,
        "kg"
    ]
}