{
    "269303_mass": [
        33.5,
        "kg"
    ],
    "269304_failureRate": 0.000100017497500075,
    "269305_logFailureRate": -3.999924015970162,
    "269311_failureRate": 5e-05,
    "269312_mass": [
        9,
        "kg"
    ],
    "269318_failureRate": 5e-05,
    "269319_mass": [
        9,
        "kg"
    ],
    "269326_failureRate": 0.0001,
    "269327_mass": [
        3,
        "kg"
    ],
    "269334_failureRate": 0.0001,
    "269335_mass": [
        3,
        "kg"
    ],
    "269341_failureRate": 0.0001,
    "269342_mass": [
        9.5,
        "kg"
    ]
}