{
    "287984_mass": [
        34.5,
        "kg"
    ],
    "287985_failureRate": 2.700367603051574e-08,
    "287986_logFailureRate": -7.568577110985517,
    "287992_failureRate": 0.00015,
    "287993_mass": [
        3,
        "kg"
    ],
    "287999_failureRate": 0.00015,
    "288000_mass": [
        3,
        "kg"
    ],
    "288006_failureRate": 5e-05,
    "288007_mass": [
        9,
        "kg"
    ],
    "288014_failureRate": 0.0001,
    "288015_mass": [
        3,
        "kg"
    ],
    "288022_failureRate": 0.0001,
    "288023_mass": [
        3,
        "kg"
    ],
    "288030_failureRate": 0.0001,
    "288031_mass": [
        3,
        "kg"
    ],
    "288037_failureRate": 8e-05,
    "288038_mass": [
        3.5,
        "kg"
    ],
    "288044_failureRate": 8e-05,
    "288045_mass": [
        3.5,
        "kg"
    ],
    "288051_failureRate": 8e-05,
    "288052_mass": [
        3.5,
        "kg"
    ]
}