{
    "98616_mass": [
        39.5,
        "kg"
    ],
    "98617_failureRate": 4.002250009995998e-05,
    "98618_logFailureRate": -4.397695785622266,
    "98624_failureRate": 0.00015,
    "98625_mass": [
        3,
        "kg"
    ],
    "98631_failureRate": 0.00015,
    "98632_mass": [
        3,
        "kg"
    ],
    "98639_failureRate": 4e-05,
    "98640_mass": [
        5,
        "kg"
    ],
    "98646_failureRate": 0.0001,
    "98647_mass": [
        9.5,
        "kg"
    ],
    "98653_failureRate": 0.0001,
    "98654_mass": [
        9.5,
        "kg"
    ],
    "98660_failureRate": 0.0001,
    "98661_mass": [
        9.5,
        "kg"
    ]
}