{
    "193046_mass": [
        31.5,
        "kg"
    ],
    "193047_failureRate": 1.0008790089744714e-08,
    "193048_logFailureRate": -7.999618418934875,
    "193054_failureRate": 0.0001,
    "193055_mass": [
        6,
        "kg"
    ],
    "193061_failureRate": 0.0001,
    "193062_mass": [
        6,
        "kg"
    ],
    "193069_failureRate": 0.0001,
    "193070_mass": [
        3,
        "kg"
    ],
    "193077_failureRate": 0.0001,
    "193078_mass": [
        3,
        "kg"
    ],
    "193085_failureRate": 0.0001,
    "193086_mass": [
        3,
        "kg"
    ],
    "193092_failureRate": 8e-05,
    "193093_mass": [
        3.5,
        "kg"
    ],
    "193099_failureRate": 8e-05,
    "193100_mass": [
        3.5,
        "kg"
    ],
    "193106_failureRate": 8e-05,
    "193107_mass": [
        3.5,
        "kg"
    ]
}