{
    "41934_mass": [
        38.5,
        "kg"
    ],
    "41935_failureRate": 4.802039924785461e-09,
    "41936_logFailureRate": -8.318574233483087,
    "41942_failureRate": 0.0001,
    "41943_mass": [
        6,
        "kg"
    ],
    "41949_failureRate": 0.0001,
    "41950_mass": [
        6,
        "kg"
    ],
    "41956_failureRate": 0.0001,
    "41957_mass": [
        6,
        "kg"
    ],
    "41964_failureRate": 4e-05,
    "41965_mass": [
        5,
        "kg"
    ],
    "41972_failureRate": 4e-05,
    "41973_mass": [
        5,
        "kg"
    ],
    "41979_failureRate": 8e-05,
    "41980_mass": [
        3.5,
        "kg"
    ],
    "41986_failureRate": 8e-05,
    "41987_mass": [
        3.5,
        "kg"
    ],
    "41993_failureRate": 8e-05,
    "41994_mass": [
        3.5,
        "kg"
    ]
}