{
    "248350_mass": [
        28.5,
        "kg"
    ],
    "248351_failureRate": 9.276605165837645e-12,
    "248352_logFailureRate": -11.032610927605083,
    "248358_failureRate": 0.00015,
    "248359_mass": [
        3,
        "kg"
    ],
    "248365_failureRate": 0.00015,
    "248366_mass": [
        3,
        "kg"
    ],
    "248372_failureRate": 0.00015,
    "248373_mass": [
        3,
        "kg"
    ],
    "248380_failureRate": 0.0001,
    "248381_mass": [
        3,
        "kg"
    ],
    "248388_failureRate": 0.0001,
    "248389_mass": [
        3,
        "kg"
    ],
    "248396_failureRate": 0.0001,
    "248397_mass": [
        3,
        "kg"
    ],
    "248403_failureRate": 8e-05,
    "248404_mass": [
        3.5,
        "kg"
    ],
    "248410_failureRate": 8e-05,
    "248411_mass": [
        3.5,
        "kg"
    ],
    "248417_failureRate": 8e-05,
    "248418_mass": [
        3.5,
        "kg"
    ]
}