{
    "285199_mass": [
        46.5,
        "kg"
    ],
    "285200_failureRate": 3.0004998650020015e-08,
    "285201_logFailureRate": -7.522806388437591,
    "285207_failureRate": 0.00015,
    "285208_mass": [
        3,
        "kg"
    ],
    "285214_failureRate": 0.0001,
    "285215_mass": [
        6,
        "kg"
    ],
    "285222_failureRate": 0.0001,
    "285223_mass": [
        3,
        "kg"
    ],
    "285230_failureRate": 0.0001,
    "285231_mass": [
        3,
        "kg"
    ],
    "285238_failureRate": 0.0001,
    "285239_mass": [
        3,
        "kg"
    ],
    "285245_failureRate": 0.0001,
    "285246_mass": [
        9.5,
        "kg"
    ],
    "285252_failureRate": 0.0001,
    "285253_mass": [
        9.5,
        "kg"
    ],
    "285259_failureRate": 0.0001,
    "285260_mass": [
        9.5,
        "kg"
    ]
}