{
    "231201_mass": [
        19.5,
        "kg"
    ],
    "231202_failureRate": 0.0001000224982619488,
    "231203_logFailureRate": -3.9999023022795646,
    "231209_failureRate": 0.00015,
    "231210_mass": [
        3,
        "kg"
    ],
    "231216_failureRate": 0.00015,
    "231217_mass": [
        3,
        "kg"
    ],
    "231224_failureRate": 0.0001,
    "231225_mass": [
        3,
        "kg"
    ],
    "231231_failureRate": 8e-05,
    "231232_mass": [
        3.5,
        "kg"
    ],
    "231238_failureRate": 8e-05,
    "231239_mass": [
        3.5,
        "kg"
    ],
    "231245_failureRate": 8e-05,
    "231246_mass": [
        3.5,
        "kg"
    ]
}