{
    "4485_mass": [
        48.5,
        "kg"
    ],
    "4486_failureRate": 8.000699936800256e-05,
    "4487_logFailureRate": -4.096872017333939,
    "4493_failureRate": 0.0001,
    "4494_mass": [
        6,
        "kg"
    ],
    "4500_failureRate": 5e-05,
    "4501_mass": [
        9,
        "kg"
    ],
    "4508_failureRate": 2e-05,
    "4509_mass": [
        10,
        "kg"
    ],
    "4516_failureRate": 2e-05,
    "4517_mass": [
        10,
        "kg"
    ],
    "4524_failureRate": 2e-05,
    "4525_mass": [
        10,
        "kg"
    ],
    "4531_failureRate": 8e-05,
    "4532_mass": [
        3.5,
        "kg"
    ]
}