{
    "344322_mass": [
        50.5,
        "kg"
    ],
    "344323_failureRate": 1.1451317515901023e-11,
    "344324_logFailureRate": -10.94114454328321,
    "344330_failureRate": 0.00015,
    "344331_mass": [
        3,
        "kg"
    ],
    "344337_failureRate": 0.00015,
    "344338_mass": [
        3,
        "kg"
    ],
    "344344_failureRate": 0.00015,
    "344345_mass": [
        3,
        "kg"
    ],
    "344352_failureRate": 4e-05,
    "344353_mass": [
        5,
        "kg"
    ],
    "344360_failureRate": 2e-05,
    "344361_mass": [
        10,
        "kg"
    ],
    "344368_failureRate": 2e-05,
    "344369_mass": [
        10,
        "kg"
    ],
    "344375_failureRate": 0.0002,
    "344376_mass": [
        5.5,
        "kg"
    ],
    "344382_failureRate": 0.0002,
    "344383_mass": [
        5.5,
        "kg"
    ],
    "344389_failureRate": 0.0002,
    "344390_mass": [
        5.5,
        "kg"
    ]
}