{
    "307036_mass": [
        37.5,
        "kg"
    ],
    "307037_failureRate": 8.000000394943904e-05,
    "307038_logFailureRate": -4.096909991567812,
    "307044_failureRate": 0.00015,
    "307045_mass": [
        3,
        "kg"
    ],
    "307051_failureRate": 0.0001,
    "307052_mass": [
        6,
        "kg"
    ],
    "307058_failureRate": 5e-05,
    "307059_mass": [
        9,
        "kg"
    ],
    "307066_failureRate": 0.0001,
    "307067_mass": [
        3,
        "kg"
    ],
    "307074_failureRate": 0.0001,
    "307075_mass": [
        3,
        "kg"
    ],
    "307082_failureRate": 2e-05,
    "307083_mass": [
        10,
        "kg"
    ],
    "307089_failureRate": 8e-05,
    "307090_mass": [
        3.5,
        "kg"
    ]
}