{
    "80020_mass": [
        49.5,
        "kg"
    ],
    "80021_failureRate": 2.2005399040018008e-08,
    "80022_logFailureRate": -7.657470751649703,
    "80028_failureRate": 0.0001,
    "80029_mass": [
        6,
        "kg"
    ],
    "80035_failureRate": 0.0001,
    "80036_mass": [
        6,
        "kg"
    ],
    "80042_failureRate": 0.0001,
    "80043_mass": [
        6,
        "kg"
    ],
    "80050_failureRate": 0.0001,
    "80051_mass": [
        3,
        "kg"
    ],
    "80058_failureRate": 2e-05,
    "80059_mass": [
        10,
        "kg"
    ],
    "80065_failureRate": 8e-05,
    "80066_mass": [
        3.5,
        "kg"
    ],
    "80072_failureRate": 0.0002,
    "80073_mass": [
        5.5,
        "kg"
    ],
    "80079_failureRate": 0.0001,
    "80080_mass": [
        9.5,
        "kg"
    ]
}