{
    "96297_mass": [
        39.5,
        "kg"
    ],
    "96298_failureRate": 0.00015001399849981002,
    "96299_logFailureRate": -3.82386821302724,
    "96305_failureRate": 0.00015,
    "96306_mass": [
        3,
        "kg"
    ],
    "96313_failureRate": 0.0001,
    "96314_mass": [
        3,
        "kg"
    ],
    "96321_failureRate": 4e-05,
    "96322_mass": [
        5,
        "kg"
    ],
    "96328_failureRate": 0.0001,
    "96329_mass": [
        9.5,
        "kg"
    ],
    "96335_failureRate": 0.0001,
    "96336_mass": [
        9.5,
        "kg"
    ],
    "96342_failureRate": 0.0001,
    "96343_mass": [
        9.5,
        "kg"
    ]
}