{
    "118188_mass": [
        40,
        "kg"
    ],
    "118189_failureRate": 1.989853003319984e-08,
    "118190_logFailureRate": -7.701179005100322,
    "118196_failureRate": 5e-05,
    "118197_mass": [
        9,
        "kg"
    ],
    "118203_failureRate": 5e-05,
    "118204_mass": [
        9,
        "kg"
    ],
    "118211_failureRate": 4e-05,
    "118212_mass": [
        5,
        "kg"
    ],
    "118219_failureRate": 2e-05,
    "118220_mass": [
        10,
        "kg"
    ],
    "118226_failureRate": 8e-05,
    "118227_mass": [
        3.5,
        "kg"
    ],
    "118233_failureRate": 8e-05,
    "118234_mass": [
        3.5,
        "kg"
    ]
}