{
    "80127_mass": [
        42,
        "kg"
    ],
    "80128_failureRate": 6.47922802399984e-08,
    "80129_logFailureRate": -7.188476735624627,
    "80135_failureRate": 0.0001,
    "80136_mass": [
        6,
        "kg"
    ],
    "80142_failureRate": 0.0001,
    "80143_mass": [
        6,
        "kg"
    ],
    "80150_failureRate": 4e-05,
    "80151_mass": [
        5,
        "kg"
    ],
    "80158_failureRate": 2e-05,
    "80159_mass": [
        10,
        "kg"
    ],
    "80165_failureRate": 0.0002,
    "80166_mass": [
        5.5,
        "kg"
    ],
    "80172_failureRate": 0.0001,
    "80173_mass": [
        9.5,
        "kg"
    ]
}