{
    "136074_mass": [
        43,
        "kg"
    ],
    "136075_failureRate": 4.249727191576753e-08,
    "136076_logFailureRate": -7.371638948301594,
    "136082_failureRate": 0.00015,
    "136083_mass": [
        3,
        "kg"
    ],
    "136089_failureRate": 0.00015,
    "136090_mass": [
        3,
        "kg"
    ],
    "136097_failureRate": 2e-05,
    "136098_mass": [
        10,
        "kg"
    ],
    "136105_failureRate": 2e-05,
    "136106_mass": [
        10,
        "kg"
    ],
    "136113_failureRate": 2e-05,
    "136114_mass": [
        10,
        "kg"
    ],
    "136120_failureRate": 8e-05,
    "136121_mass": [
        3.5,
        "kg"
    ],
    "136127_failureRate": 8e-05,
    "136128_mass": [
        3.5,
        "kg"
    ]
}