{
    "21592_mass": [
        29.5,
        "kg"
    ],
    "21593_failureRate": 0.0002000149991243126,
    "21594_logFailureRate": -3.6989374353726565,
    "21600_failureRate": 0.00015,
    "21601_mass": [
        3,
        "kg"
    ],
    "21607_failureRate": 0.00015,
    "21608_mass": [
        3,
        "kg"
    ],
    "21614_failureRate": 5e-05,
    "21615_mass": [
        9,
        "kg"
    ],
    "21622_failureRate": 0.0001,
    "21623_mass": [
        3,
        "kg"
    ],
    "21630_failureRate": 0.0001,
    "21631_mass": [
        3,
        "kg"
    ],
    "21638_failureRate": 0.0001,
    "21639_mass": [
        3,
        "kg"
    ],
    "21645_failureRate": 0.0002,
    "21646_mass": [
        5.5,
        "kg"
    ]
}