{
    "133775_mass": [
        20.5,
        "kg"
    ],
    "133776_failureRate": 0.00012000679880003201,
    "133777_logFailureRate": -3.9207941489715745,
    "133783_failureRate": 0.0001,
    "133784_mass": [
        6,
        "kg"
    ],
    "133790_failureRate": 0.0001,
    "133791_mass": [
        6,
        "kg"
    ],
    "133798_failureRate": 4e-05,
    "133799_mass": [
        5,
        "kg"
    ],
    "133805_failureRate": 8e-05,
    "133806_mass": [
        3.5,
        "kg"
    ]
}