{
    "116169_mass": [
        32,
        "kg"
    ],
    "116170_failureRate": 0.00010004249574990002,
    "116171_logFailureRate": -3.9998154825064107,
    "116177_failureRate": 5e-05,
    "116178_mass": [
        9,
        "kg"
    ],
    "116184_failureRate": 5e-05,
    "116185_mass": [
        9,
        "kg"
    ],
    "116192_failureRate": 0.0001,
    "116193_mass": [
        3,
        "kg"
    ],
    "116199_failureRate": 0.0002,
    "116200_mass": [
        5.5,
        "kg"
    ],
    "116206_failureRate": 0.0002,
    "116207_mass": [
        5.5,
        "kg"
    ]
}