{
    "211250_mass": [
        33.5,
        "kg"
    ],
    "211251_failureRate": 1.0007004546880463e-08,
    "211252_logFailureRate": -7.999695902884854,
    "211258_failureRate": 0.00015,
    "211259_mass": [
        3,
        "kg"
    ],
    "211265_failureRate": 0.00015,
    "211266_mass": [
        3,
        "kg"
    ],
    "211272_failureRate": 5e-05,
    "211273_mass": [
        9,
        "kg"
    ],
    "211280_failureRate": 0.0001,
    "211281_mass": [
        3,
        "kg"
    ],
    "211288_failureRate": 0.0001,
    "211289_mass": [
        3,
        "kg"
    ],
    "211295_failureRate": 8e-05,
    "211296_mass": [
        3.5,
        "kg"
    ],
    "211302_failureRate": 8e-05,
    "211303_mass": [
        3.5,
        "kg"
    ],
    "211309_failureRate": 0.0002,
    "211310_mass": [
        5.5,
        "kg"
    ]
}