{
    "362945_mass": [
        40,
        "kg"
    ],
    "362946_failureRate": 1.760152757090554e-08,
    "362947_logFailureRate": -7.7544496397525275,
    "362953_failureRate": 0.0001,
    "362954_mass": [
        6,
        "kg"
    ],
    "362960_failureRate": 0.0001,
    "362961_mass": [
        6,
        "kg"
    ],
    "362967_failureRate": 0.0001,
    "362968_mass": [
        6,
        "kg"
    ],
    "362975_failureRate": 4e-05,
    "362976_mass": [
        5,
        "kg"
    ],
    "362983_failureRate": 4e-05,
    "362984_mass": [
        5,
        "kg"
    ],
    "362991_failureRate": 4e-05,
    "362992_mass": [
        5,
        "kg"
    ],
    "362998_failureRate": 8e-05,
    "362999_mass": [
        3.5,
        "kg"
    ],
    "363005_failureRate": 8e-05,
    "363006_mass": [
        3.5,
        "kg"
    ]
}