{
    "306319_mass": [
        40,
        "kg"
    ],
    "306320_failureRate": 3.0000999400030005e-08,
    "306321_logFailureRate": -7.522864277724043,
    "306327_failureRate": 0.0001,
    "306328_mass": [
        6,
        "kg"
    ],
    "306334_failureRate": 0.0001,
    "306335_mass": [
        6,
        "kg"
    ],
    "306342_failureRate": 0.0001,
    "306343_mass": [
        3,
        "kg"
    ],
    "306350_failureRate": 0.0001,
    "306351_mass": [
        3,
        "kg"
    ],
    "306358_failureRate": 0.0001,
    "306359_mass": [
        3,
        "kg"
    ],
    "306365_failureRate": 0.0001,
    "306366_mass": [
        9.5,
        "kg"
    ],
    "306372_failureRate": 0.0001,
    "306373_mass": [
        9.5,
        "kg"
    ]
}