{
    "24079_mass": [
        47.5,
        "kg"
    ],
    "24080_failureRate": 0.00015000999969970002,
    "24081_logFailureRate": -3.823879789813314,
    "24087_failureRate": 0.00015,
    "24088_mass": [
        3,
        "kg"
    ],
    "24095_failureRate": 0.0001,
    "24096_mass": [
        3,
        "kg"
    ],
    "24103_failureRate": 0.0001,
    "24104_mass": [
        3,
        "kg"
    ],
    "24111_failureRate": 2e-05,
    "24112_mass": [
        10,
        "kg"
    ],
    "24118_failureRate": 0.0001,
    "24119_mass": [
        9.5,
        "kg"
    ],
    "24125_failureRate": 0.0001,
    "24126_mass": [
        9.5,
        "kg"
    ],
    "24132_failureRate": 0.0001,
    "24133_mass": [
        9.5,
        "kg"
    ]
}