{
    "306109_mass": [
        68.5,
        "kg"
    ],
    "306110_failureRate": 5.004014704486902e-09,
    "306111_logFailureRate": -8.300681422785944,
    "306117_failureRate": 0.00015,
    "306118_mass": [
        3,
        "kg"
    ],
    "306124_failureRate": 5e-05,
    "306125_mass": [
        9,
        "kg"
    ],
    "306131_failureRate": 5e-05,
    "306132_mass": [
        9,
        "kg"
    ],
    "306139_failureRate": 0.0001,
    "306140_mass": [
        3,
        "kg"
    ],
    "306147_failureRate": 2e-05,
    "306148_mass": [
        10,
        "kg"
    ],
    "306155_failureRate": 2e-05,
    "306156_mass": [
        10,
        "kg"
    ],
    "306162_failureRate": 0.0002,
    "306163_mass": [
        5.5,
        "kg"
    ],
    "306169_failureRate": 0.0001,
    "306170_mass": [
        9.5,
        "kg"
    ],
    "306176_failureRate": 0.0001,
    "306177_mass": [
        9.5,
        "kg"
    ]
}