{
    "286174_mass": [
        11.5,
        "kg"
    ],
    "286175_failureRate": 0.00026997880048000003,
    "286176_logFailureRate": -3.56867033656701,
    "286182_failureRate": 0.00015,
    "286183_mass": [
        3,
        "kg"
    ],
    "286190_failureRate": 4e-05,
    "286191_mass": [
        5,
        "kg"
    ],
    "286197_failureRate": 8e-05,
    "286198_mass": [
        3.5,
        "kg"
    ]
}