{
    "232038_mass": [
        63.5,
        "kg"
    ],
    "232039_failureRate": 1.95511060571139e-12,
    "232040_logFailureRate": -11.708828668400415,
    "232046_failureRate": 0.00015,
    "232047_mass": [
        3,
        "kg"
    ],
    "232053_failureRate": 5e-05,
    "232054_mass": [
        9,
        "kg"
    ],
    "232060_failureRate": 5e-05,
    "232061_mass": [
        9,
        "kg"
    ],
    "232068_failureRate": 4e-05,
    "232069_mass": [
        5,
        "kg"
    ],
    "232076_failureRate": 4e-05,
    "232077_mass": [
        5,
        "kg"
    ],
    "232084_failureRate": 2e-05,
    "232085_mass": [
        10,
        "kg"
    ],
    "232091_failureRate": 8e-05,
    "232092_mass": [
        3.5,
        "kg"
    ],
    "232098_failureRate": 0.0001,
    "232099_mass": [
        9.5,
        "kg"
    ],
    "232105_failureRate": 0.0001,
    "232106_mass": [
        9.5,
        "kg"
    ]
}