{
    "171069_mass": [
        18.5,
        "kg"
    ],
    "171070_failureRate": 8.003749724945508e-05,
    "171071_logFailureRate": -4.096706500092611,
    "171077_failureRate": 0.00015,
    "171078_mass": [
        3,
        "kg"
    ],
    "171084_failureRate": 0.00015,
    "171085_mass": [
        3,
        "kg"
    ],
    "171092_failureRate": 0.0001,
    "171093_mass": [
        3,
        "kg"
    ],
    "171100_failureRate": 0.0001,
    "171101_mass": [
        3,
        "kg"
    ],
    "171108_failureRate": 0.0001,
    "171109_mass": [
        3,
        "kg"
    ],
    "171115_failureRate": 8e-05,
    "171116_mass": [
        3.5,
        "kg"
    ]
}