{
    "154727_mass": [
        46.5,
        "kg"
    ],
    "154728_failureRate": 1.620014387808371e-08,
    "154729_logFailureRate": -7.790481128347471,
    "154735_failureRate": 0.0001,
    "154736_mass": [
        6,
        "kg"
    ],
    "154742_failureRate": 5e-05,
    "154743_mass": [
        9,
        "kg"
    ],
    "154750_failureRate": 4e-05,
    "154751_mass": [
        5,
        "kg"
    ],
    "154758_failureRate": 4e-05,
    "154759_mass": [
        5,
        "kg"
    ],
    "154766_failureRate": 4e-05,
    "154767_mass": [
        5,
        "kg"
    ],
    "154773_failureRate": 8e-05,
    "154774_mass": [
        3.5,
        "kg"
    ],
    "154780_failureRate": 8e-05,
    "154781_mass": [
        3.5,
        "kg"
    ],
    "154787_failureRate": 0.0001,
    "154788_mass": [
        9.5,
        "kg"
    ]
}