{
    "42498_mass": [
        38.5,
        "kg"
    ],
    "42499_failureRate": 1.5609039455926403e-08,
    "42500_logFailureRate": -7.806623821590114,
    "42506_failureRate": 0.0001,
    "42507_mass": [
        6,
        "kg"
    ],
    "42513_failureRate": 0.0001,
    "42514_mass": [
        6,
        "kg"
    ],
    "42521_failureRate": 4e-05,
    "42522_mass": [
        5,
        "kg"
    ],
    "42529_failureRate": 4e-05,
    "42530_mass": [
        5,
        "kg"
    ],
    "42536_failureRate": 0.0002,
    "42537_mass": [
        5.5,
        "kg"
    ],
    "42543_failureRate": 0.0002,
    "42544_mass": [
        5.5,
        "kg"
    ],
    "42550_failureRate": 0.0002,
    "42551_mass": [
        5.5,
        "kg"
    ]
}