{
    "322513_mass": [
        52.5,
        "kg"
    ],
    "322514_failureRate": 2.7267888797442977e-12,
    "322515_logFailureRate": -11.56434848578827,
    "322521_failureRate": 0.00015,
    "322522_mass": [
        3,
        "kg"
    ],
    "322528_failureRate": 5e-05,
    "322529_mass": [
        9,
        "kg"
    ],
    "322535_failureRate": 5e-05,
    "322536_mass": [
        9,
        "kg"
    ],
    "322543_failureRate": 4e-05,
    "322544_mass": [
        5,
        "kg"
    ],
    "322551_failureRate": 4e-05,
    "322552_mass": [
        5,
        "kg"
    ],
    "322559_failureRate": 4e-05,
    "322560_mass": [
        5,
        "kg"
    ],
    "322566_failureRate": 8e-05,
    "322567_mass": [
        3.5,
        "kg"
    ],
    "322573_failureRate": 8e-05,
    "322574_mass": [
        3.5,
        "kg"
    ],
    "322580_failureRate": 0.0001,
    "322581_mass": [
        9.5,
        "kg"
    ]
}