{
    "191690_mass": [
        45.5,
        "kg"
    ],
    "191691_failureRate": 1.132346996236774e-11,
    "191692_logFailureRate": -10.946020467619043,
    "191698_failureRate": 0.00015,
    "191699_mass": [
        3,
        "kg"
    ],
    "191705_failureRate": 0.00015,
    "191706_mass": [
        3,
        "kg"
    ],
    "191712_failureRate": 5e-05,
    "191713_mass": [
        9,
        "kg"
    ],
    "191720_failureRate": 0.0001,
    "191721_mass": [
        3,
        "kg"
    ],
    "191728_failureRate": 0.0001,
    "191729_mass": [
        3,
        "kg"
    ],
    "191736_failureRate": 2e-05,
    "191737_mass": [
        10,
        "kg"
    ],
    "191743_failureRate": 8e-05,
    "191744_mass": [
        3.5,
        "kg"
    ],
    "191750_failureRate": 0.0002,
    "191751_mass": [
        5.5,
        "kg"
    ],
    "191757_failureRate": 0.0002,
    "191758_mass": [
        5.5,
        "kg"
    ]
}