{
    "227832_mass": [
        28,
        "kg"
    ],
    "227833_failureRate": 5.009531606112348e-08,
    "227834_logFailureRate": -7.300202879001107,
    "227840_failureRate": 0.00015,
    "227841_mass": [
        3,
        "kg"
    ],
    "227847_failureRate": 0.00015,
    "227848_mass": [
        3,
        "kg"
    ],
    "227855_failureRate": 4e-05,
    "227856_mass": [
        5,
        "kg"
    ],
    "227863_failureRate": 4e-05,
    "227864_mass": [
        5,
        "kg"
    ],
    "227871_failureRate": 4e-05,
    "227872_mass": [
        5,
        "kg"
    ],
    "227878_failureRate": 8e-05,
    "227879_mass": [
        3.5,
        "kg"
    ],
    "227885_failureRate": 8e-05,
    "227886_mass": [
        3.5,
        "kg"
    ]
}