{
    "135245_mass": [
        32.5,
        "kg"
    ],
    "135246_failureRate": 2.0010000311989756e-05,
    "135247_logFailureRate": -4.698752904592403,
    "135253_failureRate": 0.0001,
    "135254_mass": [
        6,
        "kg"
    ],
    "135260_failureRate": 0.0001,
    "135261_mass": [
        6,
        "kg"
    ],
    "135268_failureRate": 2e-05,
    "135269_mass": [
        10,
        "kg"
    ],
    "135275_failureRate": 8e-05,
    "135276_mass": [
        3.5,
        "kg"
    ],
    "135282_failureRate": 8e-05,
    "135283_mass": [
        3.5,
        "kg"
    ],
    "135289_failureRate": 8e-05,
    "135290_mass": [
        3.5,
        "kg"
    ]
}