{
    "251041_mass": [
        26,
        "kg"
    ],
    "251042_failureRate": 0.00010005999100010003,
    "251043_logFailureRate": -3.9997395405152427,
    "251049_failureRate": 0.0001,
    "251050_mass": [
        6,
        "kg"
    ],
    "251057_failureRate": 0.0001,
    "251058_mass": [
        3,
        "kg"
    ],
    "251065_failureRate": 0.0001,
    "251066_mass": [
        3,
        "kg"
    ],
    "251073_failureRate": 0.0001,
    "251074_mass": [
        3,
        "kg"
    ],
    "251080_failureRate": 0.0002,
    "251081_mass": [
        5.5,
        "kg"
    ],
    "251087_failureRate": 0.0002,
    "251088_mass": [
        5.5,
        "kg"
    ]
}