{
    "248769_mass": [
        42.5,
        "kg"
    ],
    "248770_failureRate": 0.000200003599324986,
    "248771_logFailureRate": -3.698962188571447,
    "248777_failureRate": 5e-05,
    "248778_mass": [
        9,
        "kg"
    ],
    "248784_failureRate": 5e-05,
    "248785_mass": [
        9,
        "kg"
    ],
    "248791_failureRate": 5e-05,
    "248792_mass": [
        9,
        "kg"
    ],
    "248799_failureRate": 4e-05,
    "248800_mass": [
        5,
        "kg"
    ],
    "248807_failureRate": 4e-05,
    "248808_mass": [
        5,
        "kg"
    ],
    "248814_failureRate": 0.0002,
    "248815_mass": [
        5.5,
        "kg"
    ]
}