{
    "360850_mass": [
        49.5,
        "kg"
    ],
    "360851_failureRate": 7.199519926005601e-12,
    "360852_logFailureRate": -11.142696461962876,
    "360858_failureRate": 0.0001,
    "360859_mass": [
        6,
        "kg"
    ],
    "360865_failureRate": 0.0001,
    "360866_mass": [
        6,
        "kg"
    ],
    "360872_failureRate": 0.0001,
    "360873_mass": [
        6,
        "kg"
    ],
    "360880_failureRate": 0.0001,
    "360881_mass": [
        3,
        "kg"
    ],
    "360888_failureRate": 0.0001,
    "360889_mass": [
        3,
        "kg"
    ],
    "360896_failureRate": 0.0001,
    "360897_mass": [
        3,
        "kg"
    ],
    "360903_failureRate": 8e-05,
    "360904_mass": [
        3.5,
        "kg"
    ],
    "360910_failureRate": 0.0001,
    "360911_mass": [
        9.5,
        "kg"
    ],
    "360917_failureRate": 0.0001,
    "360918_mass": [
        9.5,
        "kg"
    ]
}