{
    "210712_mass": [
        52.5,
        "kg"
    ],
    "210713_failureRate": 1.360288965132571e-08,
    "210714_logFailureRate": -7.86636882498854,
    "210720_failureRate": 0.00015,
    "210721_mass": [
        3,
        "kg"
    ],
    "210727_failureRate": 0.00015,
    "210728_mass": [
        3,
        "kg"
    ],
    "210734_failureRate": 0.0001,
    "210735_mass": [
        6,
        "kg"
    ],
    "210742_failureRate": 2e-05,
    "210743_mass": [
        10,
        "kg"
    ],
    "210750_failureRate": 2e-05,
    "210751_mass": [
        10,
        "kg"
    ],
    "210758_failureRate": 2e-05,
    "210759_mass": [
        10,
        "kg"
    ],
    "210765_failureRate": 8e-05,
    "210766_mass": [
        3.5,
        "kg"
    ],
    "210772_failureRate": 8e-05,
    "210773_mass": [
        3.5,
        "kg"
    ],
    "210779_failureRate": 8e-05,
    "210780_mass": [
        3.5,
        "kg"
    ]
}