{
    "58401_mass": [
        40,
        "kg"
    ],
    "58402_failureRate": 5.5294300116999994e-08,
    "58403_logFailureRate": -7.257319634614232,
    "58409_failureRate": 0.00015,
    "58410_mass": [
        3,
        "kg"
    ],
    "58416_failureRate": 0.00015,
    "58417_mass": [
        3,
        "kg"
    ],
    "58424_failureRate": 4e-05,
    "58425_mass": [
        5,
        "kg"
    ],
    "58432_failureRate": 2e-05,
    "58433_mass": [
        10,
        "kg"
    ],
    "58439_failureRate": 0.0001,
    "58440_mass": [
        9.5,
        "kg"
    ],
    "58446_failureRate": 0.0001,
    "58447_mass": [
        9.5,
        "kg"
    ]
}