{
    "361397_mass": [
        28,
        "kg"
    ],
    "361398_failureRate": 6.749021853670694e-08,
    "361399_logFailureRate": -7.170759165589057,
    "361405_failureRate": 0.00015,
    "361406_mass": [
        3,
        "kg"
    ],
    "361412_failureRate": 0.00015,
    "361413_mass": [
        3,
        "kg"
    ],
    "361420_failureRate": 4e-05,
    "361421_mass": [
        5,
        "kg"
    ],
    "361428_failureRate": 2e-05,
    "361429_mass": [
        10,
        "kg"
    ],
    "361435_failureRate": 8e-05,
    "361436_mass": [
        3.5,
        "kg"
    ],
    "361442_failureRate": 8e-05,
    "361443_mass": [
        3.5,
        "kg"
    ]
}