{
    "323236_mass": [
        28,
        "kg"
    ],
    "323237_failureRate": 3.2899679766007195e-08,
    "323238_logFailureRate": -7.482808329300264,
    "323244_failureRate": 0.00015,
    "323245_mass": [
        3,
        "kg"
    ],
    "323251_failureRate": 0.00015,
    "323252_mass": [
        3,
        "kg"
    ],
    "323259_failureRate": 4e-05,
    "323260_mass": [
        5,
        "kg"
    ],
    "323267_failureRate": 2e-05,
    "323268_mass": [
        10,
        "kg"
    ],
    "323274_failureRate": 8e-05,
    "323275_mass": [
        3.5,
        "kg"
    ],
    "323281_failureRate": 8e-05,
    "323282_mass": [
        3.5,
        "kg"
    ]
}