{
    "362634_mass": [
        65.5,
        "kg"
    ],
    "362635_failureRate": 8.373715055250648e-12,
    "362636_logFailureRate": -11.07708182157206,
    "362642_failureRate": 0.00015,
    "362643_mass": [
        3,
        "kg"
    ],
    "362649_failureRate": 5e-05,
    "362650_mass": [
        9,
        "kg"
    ],
    "362656_failureRate": 5e-05,
    "362657_mass": [
        9,
        "kg"
    ],
    "362664_failureRate": 0.0001,
    "362665_mass": [
        3,
        "kg"
    ],
    "362672_failureRate": 0.0001,
    "362673_mass": [
        3,
        "kg"
    ],
    "362680_failureRate": 2e-05,
    "362681_mass": [
        10,
        "kg"
    ],
    "362687_failureRate": 0.0001,
    "362688_mass": [
        9.5,
        "kg"
    ],
    "362694_failureRate": 0.0001,
    "362695_mass": [
        9.5,
        "kg"
    ],
    "362701_failureRate": 0.0001,
    "362702_mass": [
        9.5,
        "kg"
    ]
}