{
    "156330_mass": [
        41.5,
        "kg"
    ],
    "156331_failureRate": 1.64249920395232e-11,
    "156332_logFailureRate": -10.784494832251712,
    "156338_failureRate": 0.00015,
    "156339_mass": [
        3,
        "kg"
    ],
    "156345_failureRate": 0.00015,
    "156346_mass": [
        3,
        "kg"
    ],
    "156352_failureRate": 0.00015,
    "156353_mass": [
        3,
        "kg"
    ],
    "156360_failureRate": 0.0001,
    "156361_mass": [
        3,
        "kg"
    ],
    "156368_failureRate": 0.0001,
    "156369_mass": [
        3,
        "kg"
    ],
    "156376_failureRate": 2e-05,
    "156377_mass": [
        10,
        "kg"
    ],
    "156383_failureRate": 0.0002,
    "156384_mass": [
        5.5,
        "kg"
    ],
    "156390_failureRate": 0.0002,
    "156391_mass": [
        5.5,
        "kg"
    ],
    "156397_failureRate": 0.0002,
    "156398_mass": [
        5.5,
        "kg"
    ]
}