{
    "61934_mass": [
        55.5,
        "kg"
    ],
    "61935_failureRate": 6.440006283285482e-12,
    "61936_logFailureRate": -11.191113708914274,
    "61942_failureRate": 0.0001,
    "61943_mass": [
        6,
        "kg"
    ],
    "61949_failureRate": 0.0001,
    "61950_mass": [
        6,
        "kg"
    ],
    "61956_failureRate": 0.0001,
    "61957_mass": [
        6,
        "kg"
    ],
    "61964_failureRate": 0.0001,
    "61965_mass": [
        3,
        "kg"
    ],
    "61972_failureRate": 2e-05,
    "61973_mass": [
        10,
        "kg"
    ],
    "61980_failureRate": 2e-05,
    "61981_mass": [
        10,
        "kg"
    ],
    "61987_failureRate": 8e-05,
    "61988_mass": [
        3.5,
        "kg"
    ],
    "61994_failureRate": 0.0002,
    "61995_mass": [
        5.5,
        "kg"
    ],
    "62001_failureRate": 0.0002,
    "62002_mass": [
        5.5,
        "kg"
    ]
}