{
    "155444_mass": [
        42.5,
        "kg"
    ],
    "155445_failureRate": 1.1901667702213006e-08,
    "155446_logFailureRate": -7.924392179521559,
    "155452_failureRate": 0.00015,
    "155453_mass": [
        3,
        "kg"
    ],
    "155459_failureRate": 5e-05,
    "155460_mass": [
        9,
        "kg"
    ],
    "155467_failureRate": 2e-05,
    "155468_mass": [
        10,
        "kg"
    ],
    "155475_failureRate": 2e-05,
    "155476_mass": [
        10,
        "kg"
    ],
    "155482_failureRate": 8e-05,
    "155483_mass": [
        3.5,
        "kg"
    ],
    "155489_failureRate": 8e-05,
    "155490_mass": [
        3.5,
        "kg"
    ],
    "155496_failureRate": 8e-05,
    "155497_mass": [
        3.5,
        "kg"
    ]
}