{
    "287873_mass": [
        29,
        "kg"
    ],
    "287874_failureRate": 4.30024936485838e-08,
    "287875_logFailureRate": -7.3665063596199705,
    "287881_failureRate": 0.00015,
    "287882_mass": [
        3,
        "kg"
    ],
    "287888_failureRate": 0.00015,
    "287889_mass": [
        3,
        "kg"
    ],
    "287895_failureRate": 0.00015,
    "287896_mass": [
        3,
        "kg"
    ],
    "287903_failureRate": 0.0001,
    "287904_mass": [
        3,
        "kg"
    ],
    "287911_failureRate": 0.0001,
    "287912_mass": [
        3,
        "kg"
    ],
    "287919_failureRate": 4e-05,
    "287920_mass": [
        5,
        "kg"
    ],
    "287926_failureRate": 8e-05,
    "287927_mass": [
        3.5,
        "kg"
    ],
    "287933_failureRate": 0.0002,
    "287934_mass": [
        5.5,
        "kg"
    ]
}