{
    "341112_mass": [
        33.5,
        "kg"
    ],
    "341113_failureRate": 3.7500909320422837e-08,
    "341114_logFailureRate": -7.425958201390842,
    "341120_failureRate": 0.00015,
    "341121_mass": [
        3,
        "kg"
    ],
    "341127_failureRate": 0.00015,
    "341128_mass": [
        3,
        "kg"
    ],
    "341135_failureRate": 0.0001,
    "341136_mass": [
        3,
        "kg"
    ],
    "341143_failureRate": 0.0001,
    "341144_mass": [
        3,
        "kg"
    ],
    "341151_failureRate": 4e-05,
    "341152_mass": [
        5,
        "kg"
    ],
    "341158_failureRate": 8e-05,
    "341159_mass": [
        3.5,
        "kg"
    ],
    "341165_failureRate": 8e-05,
    "341166_mass": [
        3.5,
        "kg"
    ],
    "341172_failureRate": 0.0001,
    "341173_mass": [
        9.5,
        "kg"
    ]
}