{
    "324528_mass": [
        55,
        "kg"
    ],
    "324529_failureRate": 1.000387441252125e-08,
    "324530_logFailureRate": -7.999831768989853,
    "324536_failureRate": 5e-05,
    "324537_mass": [
        9,
        "kg"
    ],
    "324543_failureRate": 5e-05,
    "324544_mass": [
        9,
        "kg"
    ],
    "324550_failureRate": 5e-05,
    "324551_mass": [
        9,
        "kg"
    ],
    "324558_failureRate": 0.0001,
    "324559_mass": [
        3,
        "kg"
    ],
    "324566_failureRate": 0.0001,
    "324567_mass": [
        3,
        "kg"
    ],
    "324574_failureRate": 0.0001,
    "324575_mass": [
        3,
        "kg"
    ],
    "324581_failureRate": 0.0001,
    "324582_mass": [
        9.5,
        "kg"
    ],
    "324588_failureRate": 0.0001,
    "324589_mass": [
        9.5,
        "kg"
    ]
}