{
    "268490_mass": [
        18.5,
        "kg"
    ],
    "268491_failureRate": 0.00013000599870004,
    "268492_logFailureRate": -3.8860366081376188,
    "268498_failureRate": 5e-05,
    "268499_mass": [
        9,
        "kg"
    ],
    "268506_failureRate": 0.0001,
    "268507_mass": [
        3,
        "kg"
    ],
    "268514_failureRate": 0.0001,
    "268515_mass": [
        3,
        "kg"
    ],
    "268521_failureRate": 8e-05,
    "268522_mass": [
        3.5,
        "kg"
    ]
}