{
    "266858_mass": [
        41.5,
        "kg"
    ],
    "266859_failureRate": 9.000539610032802e-12,
    "266860_logFailureRate": -11.045731452490175,
    "266866_failureRate": 0.0001,
    "266867_mass": [
        6,
        "kg"
    ],
    "266873_failureRate": 0.0001,
    "266874_mass": [
        6,
        "kg"
    ],
    "266880_failureRate": 0.0001,
    "266881_mass": [
        6,
        "kg"
    ],
    "266888_failureRate": 0.0001,
    "266889_mass": [
        3,
        "kg"
    ],
    "266896_failureRate": 0.0001,
    "266897_mass": [
        3,
        "kg"
    ],
    "266904_failureRate": 0.0001,
    "266905_mass": [
        3,
        "kg"
    ],
    "266911_failureRate": 8e-05,
    "266912_mass": [
        3.5,
        "kg"
    ],
    "266918_failureRate": 0.0002,
    "266919_mass": [
        5.5,
        "kg"
    ],
    "266925_failureRate": 0.0002,
    "266926_mass": [
        5.5,
        "kg"
    ]
}