{
    "172803_mass": [
        46.5,
        "kg"
    ],
    "172804_failureRate": 1.2623987316273624e-11,
    "172805_logFailureRate": -10.89880345048408,
    "172811_failureRate": 0.00015,
    "172812_mass": [
        3,
        "kg"
    ],
    "172818_failureRate": 0.00015,
    "172819_mass": [
        3,
        "kg"
    ],
    "172825_failureRate": 0.00015,
    "172826_mass": [
        3,
        "kg"
    ],
    "172833_failureRate": 0.0001,
    "172834_mass": [
        3,
        "kg"
    ],
    "172841_failureRate": 0.0001,
    "172842_mass": [
        3,
        "kg"
    ],
    "172849_failureRate": 0.0001,
    "172850_mass": [
        3,
        "kg"
    ],
    "172856_failureRate": 0.0001,
    "172857_mass": [
        9.5,
        "kg"
    ],
    "172863_failureRate": 0.0001,
    "172864_mass": [
        9.5,
        "kg"
    ],
    "172870_failureRate": 0.0001,
    "172871_mass": [
        9.5,
        "kg"
    ]
}