{
    "265045_mass": [
        24.5,
        "kg"
    ],
    "265046_failureRate": 0.0002699850002,
    "265047_logFailureRate": -3.5686603636607446,
    "265053_failureRate": 5e-05,
    "265054_mass": [
        9,
        "kg"
    ],
    "265061_failureRate": 2e-05,
    "265062_mass": [
        10,
        "kg"
    ],
    "265068_failureRate": 0.0002,
    "265069_mass": [
        5.5,
        "kg"
    ]
}