{
    "78684_mass": [
        39,
        "kg"
    ],
    "78685_failureRate": 1.889938995680096e-08,
    "78686_logFailureRate": -7.723552213957492,
    "78692_failureRate": 0.00015,
    "78693_mass": [
        3,
        "kg"
    ],
    "78699_failureRate": 5e-05,
    "78700_mass": [
        9,
        "kg"
    ],
    "78707_failureRate": 2e-05,
    "78708_mass": [
        10,
        "kg"
    ],
    "78715_failureRate": 2e-05,
    "78716_mass": [
        10,
        "kg"
    ],
    "78722_failureRate": 8e-05,
    "78723_mass": [
        3.5,
        "kg"
    ],
    "78729_failureRate": 8e-05,
    "78730_mass": [
        3.5,
        "kg"
    ]
}