{
    "211356_mass": [
        23.5,
        "kg"
    ],
    "211357_failureRate": 0.00013999600337452752,
    "211358_logFailureRate": -3.8538843624443646,
    "211364_failureRate": 0.00015,
    "211365_mass": [
        3,
        "kg"
    ],
    "211371_failureRate": 0.00015,
    "211372_mass": [
        3,
        "kg"
    ],
    "211378_failureRate": 0.00015,
    "211379_mass": [
        3,
        "kg"
    ],
    "211386_failureRate": 4e-05,
    "211387_mass": [
        5,
        "kg"
    ],
    "211393_failureRate": 0.0001,
    "211394_mass": [
        9.5,
        "kg"
    ]
}