{
    "20777_mass": [
        31,
        "kg"
    ],
    "20778_failureRate": 0.0001000299950002,
    "20779_logFailureRate": -3.9998697529021165,
    "20785_failureRate": 0.0001,
    "20786_mass": [
        6,
        "kg"
    ],
    "20793_failureRate": 0.0001,
    "20794_mass": [
        3,
        "kg"
    ],
    "20801_failureRate": 0.0001,
    "20802_mass": [
        3,
        "kg"
    ],
    "20808_failureRate": 0.0001,
    "20809_mass": [
        9.5,
        "kg"
    ],
    "20815_failureRate": 0.0001,
    "20816_mass": [
        9.5,
        "kg"
    ]
}