{
    "134302_mass": [
        39.5,
        "kg"
    ],
    "134303_failureRate": 5.7514647888820336e-12,
    "134304_logFailureRate": -11.240221534664437,
    "134310_failureRate": 0.0001,
    "134311_mass": [
        6,
        "kg"
    ],
    "134317_failureRate": 0.0001,
    "134318_mass": [
        6,
        "kg"
    ],
    "134324_failureRate": 0.0001,
    "134325_mass": [
        6,
        "kg"
    ],
    "134332_failureRate": 0.0001,
    "134333_mass": [
        3,
        "kg"
    ],
    "134340_failureRate": 0.0001,
    "134341_mass": [
        3,
        "kg"
    ],
    "134348_failureRate": 4e-05,
    "134349_mass": [
        5,
        "kg"
    ],
    "134355_failureRate": 8e-05,
    "134356_mass": [
        3.5,
        "kg"
    ],
    "134362_failureRate": 8e-05,
    "134363_mass": [
        3.5,
        "kg"
    ],
    "134369_failureRate": 8e-05,
    "134370_mass": [
        3.5,
        "kg"
    ]
}