{
    "249161_mass": [
        42.5,
        "kg"
    ],
    "249162_failureRate": 1.65734724235078e-11,
    "249163_logFailureRate": -10.780586489988886,
    "249169_failureRate": 0.00015,
    "249170_mass": [
        3,
        "kg"
    ],
    "249176_failureRate": 0.00015,
    "249177_mass": [
        3,
        "kg"
    ],
    "249183_failureRate": 5e-05,
    "249184_mass": [
        9,
        "kg"
    ],
    "249191_failureRate": 0.0001,
    "249192_mass": [
        3,
        "kg"
    ],
    "249199_failureRate": 0.0001,
    "249200_mass": [
        3,
        "kg"
    ],
    "249207_failureRate": 4e-05,
    "249208_mass": [
        5,
        "kg"
    ],
    "249214_failureRate": 0.0002,
    "249215_mass": [
        5.5,
        "kg"
    ],
    "249221_failureRate": 0.0002,
    "249222_mass": [
        5.5,
        "kg"
    ],
    "249228_failureRate": 0.0002,
    "249229_mass": [
        5.5,
        "kg"
    ]
}