{
    "192413_mass": [
        30.5,
        "kg"
    ],
    "192414_failureRate": 4.151674502033799e-08,
    "192415_logFailureRate": -7.381776703211609,
    "192421_failureRate": 0.00015,
    "192422_mass": [
        3,
        "kg"
    ],
    "192428_failureRate": 0.00015,
    "192429_mass": [
        3,
        "kg"
    ],
    "192436_failureRate": 0.0001,
    "192437_mass": [
        3,
        "kg"
    ],
    "192444_failureRate": 4e-05,
    "192445_mass": [
        5,
        "kg"
    ],
    "192451_failureRate": 0.0002,
    "192452_mass": [
        5.5,
        "kg"
    ],
    "192458_failureRate": 0.0002,
    "192459_mass": [
        5.5,
        "kg"
    ],
    "192465_failureRate": 0.0002,
    "192466_mass": [
        5.5,
        "kg"
    ]
}