{
    "229621_mass": [
        34.5,
        "kg"
    ],
    "229622_failureRate": 6.749372974082423e-08,
    "229623_logFailureRate": -7.170736571842277,
    "229629_failureRate": 0.00015,
    "229630_mass": [
        3,
        "kg"
    ],
    "229636_failureRate": 0.00015,
    "229637_mass": [
        3,
        "kg"
    ],
    "229644_failureRate": 0.0001,
    "229645_mass": [
        3,
        "kg"
    ],
    "229652_failureRate": 0.0001,
    "229653_mass": [
        3,
        "kg"
    ],
    "229660_failureRate": 2e-05,
    "229661_mass": [
        10,
        "kg"
    ],
    "229667_failureRate": 8e-05,
    "229668_mass": [
        3.5,
        "kg"
    ],
    "229674_failureRate": 8e-05,
    "229675_mass": [
        3.5,
        "kg"
    ],
    "229681_failureRate": 0.0002,
    "229682_mass": [
        5.5,
        "kg"
    ]
}