{
    "302616_mass": [
        40.5,
        "kg"
    ],
    "302617_failureRate": 2.7006373362595002e-08,
    "302618_logFailureRate": -7.568533732523471,
    "302624_failureRate": 0.00015,
    "302625_mass": [
        3,
        "kg"
    ],
    "302631_failureRate": 0.00015,
    "302632_mass": [
        3,
        "kg"
    ],
    "302638_failureRate": 0.00015,
    "302639_mass": [
        3,
        "kg"
    ],
    "302646_failureRate": 0.0001,
    "302647_mass": [
        3,
        "kg"
    ],
    "302654_failureRate": 0.0001,
    "302655_mass": [
        3,
        "kg"
    ],
    "302662_failureRate": 0.0001,
    "302663_mass": [
        3,
        "kg"
    ],
    "302669_failureRate": 8e-05,
    "302670_mass": [
        3.5,
        "kg"
    ],
    "302676_failureRate": 0.0001,
    "302677_mass": [
        9.5,
        "kg"
    ],
    "302683_failureRate": 0.0001,
    "302684_mass": [
        9.5,
        "kg"
    ]
}