{
    "342129_mass": [
        38.5,
        "kg"
    ],
    "342130_failureRate": 0.0003499700000079972,
    "342131_logFailureRate": -3.455969182476565,
    "342137_failureRate": 0.00015,
    "342138_mass": [
        3,
        "kg"
    ],
    "342145_failureRate": 2e-05,
    "342146_mass": [
        10,
        "kg"
    ],
    "342153_failureRate": 2e-05,
    "342154_mass": [
        10,
        "kg"
    ],
    "342161_failureRate": 2e-05,
    "342162_mass": [
        10,
        "kg"
    ],
    "342168_failureRate": 0.0002,
    "342169_mass": [
        5.5,
        "kg"
    ]
}