{
    "248661_mass": [
        49,
        "kg"
    ],
    "248662_failureRate": 4.0001459232035206e-08,
    "248663_logFailureRate": -7.397924165550503,
    "248669_failureRate": 0.0001,
    "248670_mass": [
        6,
        "kg"
    ],
    "248676_failureRate": 0.0001,
    "248677_mass": [
        6,
        "kg"
    ],
    "248683_failureRate": 5e-05,
    "248684_mass": [
        9,
        "kg"
    ],
    "248691_failureRate": 0.0001,
    "248692_mass": [
        3,
        "kg"
    ],
    "248699_failureRate": 4e-05,
    "248700_mass": [
        5,
        "kg"
    ],
    "248707_failureRate": 4e-05,
    "248708_mass": [
        5,
        "kg"
    ],
    "248714_failureRate": 0.0002,
    "248715_mass": [
        5.5,
        "kg"
    ],
    "248721_failureRate": 0.0001,
    "248722_mass": [
        9.5,
        "kg"
    ]
}