{
    "136817_mass": [
        39,
        "kg"
    ],
    "136818_failureRate": 3.039744005519968e-08,
    "136819_logFailureRate": -7.517162989309461,
    "136825_failureRate": 0.0001,
    "136826_mass": [
        6,
        "kg"
    ],
    "136832_failureRate": 0.0001,
    "136833_mass": [
        6,
        "kg"
    ],
    "136840_failureRate": 2e-05,
    "136841_mass": [
        10,
        "kg"
    ],
    "136848_failureRate": 2e-05,
    "136849_mass": [
        10,
        "kg"
    ],
    "136855_failureRate": 8e-05,
    "136856_mass": [
        3.5,
        "kg"
    ],
    "136862_failureRate": 8e-05,
    "136863_mass": [
        3.5,
        "kg"
    ]
}