{
    "208539_mass": [
        31,
        "kg"
    ],
    "208540_failureRate": 4.599977915525248e-08,
    "208541_logFailureRate": -7.3372442533594135,
    "208547_failureRate": 0.00015,
    "208548_mass": [
        3,
        "kg"
    ],
    "208554_failureRate": 0.0001,
    "208555_mass": [
        6,
        "kg"
    ],
    "208562_failureRate": 0.0001,
    "208563_mass": [
        3,
        "kg"
    ],
    "208570_failureRate": 4e-05,
    "208571_mass": [
        5,
        "kg"
    ],
    "208578_failureRate": 4e-05,
    "208579_mass": [
        5,
        "kg"
    ],
    "208585_failureRate": 8e-05,
    "208586_mass": [
        3.5,
        "kg"
    ],
    "208592_failureRate": 0.0002,
    "208593_mass": [
        5.5,
        "kg"
    ]
}