{
    "269218_mass": [
        20,
        "kg"
    ],
    "269219_failureRate": 0.00015006998350089999,
    "269220_logFailureRate": -3.8237061652087414,
    "269226_failureRate": 0.00015,
    "269227_mass": [
        3,
        "kg"
    ],
    "269234_failureRate": 0.0001,
    "269235_mass": [
        3,
        "kg"
    ],
    "269242_failureRate": 0.0001,
    "269243_mass": [
        3,
        "kg"
    ],
    "269249_failureRate": 0.0002,
    "269250_mass": [
        5.5,
        "kg"
    ],
    "269256_failureRate": 0.0002,
    "269257_mass": [
        5.5,
        "kg"
    ]
}