{
    "306817_mass": [
        55.5,
        "kg"
    ],
    "306818_failureRate": 2.509998100134996e-09,
    "306819_logFailureRate": -8.60032660724454,
    "306825_failureRate": 5e-05,
    "306826_mass": [
        9,
        "kg"
    ],
    "306832_failureRate": 5e-05,
    "306833_mass": [
        9,
        "kg"
    ],
    "306840_failureRate": 0.0001,
    "306841_mass": [
        3,
        "kg"
    ],
    "306848_failureRate": 0.0001,
    "306849_mass": [
        3,
        "kg"
    ],
    "306856_failureRate": 0.0001,
    "306857_mass": [
        3,
        "kg"
    ],
    "306863_failureRate": 0.0001,
    "306864_mass": [
        9.5,
        "kg"
    ],
    "306870_failureRate": 0.0001,
    "306871_mass": [
        9.5,
        "kg"
    ],
    "306877_failureRate": 0.0001,
    "306878_mass": [
        9.5,
        "kg"
    ]
}