{
    "306522_mass": [
        58.5,
        "kg"
    ],
    "306523_failureRate": 1.500131479399785e-08,
    "306524_logFailureRate": -7.823870675427364,
    "306530_failureRate": 5e-05,
    "306531_mass": [
        9,
        "kg"
    ],
    "306537_failureRate": 5e-05,
    "306538_mass": [
        9,
        "kg"
    ],
    "306544_failureRate": 5e-05,
    "306545_mass": [
        9,
        "kg"
    ],
    "306552_failureRate": 0.0001,
    "306553_mass": [
        3,
        "kg"
    ],
    "306560_failureRate": 2e-05,
    "306561_mass": [
        10,
        "kg"
    ],
    "306567_failureRate": 8e-05,
    "306568_mass": [
        3.5,
        "kg"
    ],
    "306574_failureRate": 0.0002,
    "306575_mass": [
        5.5,
        "kg"
    ],
    "306581_failureRate": 0.0001,
    "306582_mass": [
        9.5,
        "kg"
    ]
}