{
    "60629_mass": [
        25,
        "kg"
    ],
    "60630_failureRate": 0.00015000299880004,
    "60631_logFailureRate": -3.823900058615709,
    "60637_failureRate": 5e-05,
    "60638_mass": [
        9,
        "kg"
    ],
    "60645_failureRate": 0.0001,
    "60646_mass": [
        3,
        "kg"
    ],
    "60652_failureRate": 8e-05,
    "60653_mass": [
        3.5,
        "kg"
    ],
    "60659_failureRate": 0.0001,
    "60660_mass": [
        9.5,
        "kg"
    ]
}