{
    "190050_mass": [
        21.5,
        "kg"
    ],
    "190051_failureRate": 8.001500317438748e-05,
    "190052_logFailureRate": -4.096828573196322,
    "190058_failureRate": 0.00015,
    "190059_mass": [
        3,
        "kg"
    ],
    "190065_failureRate": 0.00015,
    "190066_mass": [
        3,
        "kg"
    ],
    "190072_failureRate": 0.00015,
    "190073_mass": [
        3,
        "kg"
    ],
    "190080_failureRate": 0.0001,
    "190081_mass": [
        3,
        "kg"
    ],
    "190088_failureRate": 0.0001,
    "190089_mass": [
        3,
        "kg"
    ],
    "190096_failureRate": 0.0001,
    "190097_mass": [
        3,
        "kg"
    ],
    "190103_failureRate": 8e-05,
    "190104_mass": [
        3.5,
        "kg"
    ]
}