{
    "362420_mass": [
        19,
        "kg"
    ],
    "362421_failureRate": 5.3896249696024004e-08,
    "362422_logFailureRate": -7.268441453607097,
    "362428_failureRate": 0.00015,
    "362429_mass": [
        3,
        "kg"
    ],
    "362435_failureRate": 0.00015,
    "362436_mass": [
        3,
        "kg"
    ],
    "362443_failureRate": 0.0001,
    "362444_mass": [
        3,
        "kg"
    ],
    "362451_failureRate": 0.0001,
    "362452_mass": [
        3,
        "kg"
    ],
    "362458_failureRate": 8e-05,
    "362459_mass": [
        3.5,
        "kg"
    ],
    "362465_failureRate": 8e-05,
    "362466_mass": [
        3.5,
        "kg"
    ]
}