{
    "152853_mass": [
        48.5,
        "kg"
    ],
    "152854_failureRate": 5.554589478052045e-12,
    "152855_logFailureRate": -11.255348032853602,
    "152861_failureRate": 5e-05,
    "152862_mass": [
        9,
        "kg"
    ],
    "152868_failureRate": 5e-05,
    "152869_mass": [
        9,
        "kg"
    ],
    "152875_failureRate": 5e-05,
    "152876_mass": [
        9,
        "kg"
    ],
    "152883_failureRate": 0.0001,
    "152884_mass": [
        3,
        "kg"
    ],
    "152891_failureRate": 0.0001,
    "152892_mass": [
        3,
        "kg"
    ],
    "152899_failureRate": 0.0001,
    "152900_mass": [
        3,
        "kg"
    ],
    "152906_failureRate": 8e-05,
    "152907_mass": [
        3.5,
        "kg"
    ],
    "152913_failureRate": 8e-05,
    "152914_mass": [
        3.5,
        "kg"
    ],
    "152920_failureRate": 0.0002,
    "152921_mass": [
        5.5,
        "kg"
    ]
}