{
    "174111_mass": [
        19,
        "kg"
    ],
    "174112_failureRate": 4.68985594510324e-08,
    "174113_logFailureRate": -7.328840496988026,
    "174119_failureRate": 0.00015,
    "174120_mass": [
        3,
        "kg"
    ],
    "174126_failureRate": 0.00015,
    "174127_mass": [
        3,
        "kg"
    ],
    "174134_failureRate": 0.0001,
    "174135_mass": [
        3,
        "kg"
    ],
    "174142_failureRate": 0.0001,
    "174143_mass": [
        3,
        "kg"
    ],
    "174149_failureRate": 8e-05,
    "174150_mass": [
        3.5,
        "kg"
    ],
    "174156_failureRate": 8e-05,
    "174157_mass": [
        3.5,
        "kg"
    ]
}