{
    "115757_mass": [
        21,
        "kg"
    ],
    "115758_failureRate": 4.0899039586021594e-08,
    "115759_logFailureRate": -7.388286890217315,
    "115765_failureRate": 0.00015,
    "115766_mass": [
        3,
        "kg"
    ],
    "115772_failureRate": 0.00015,
    "115773_mass": [
        3,
        "kg"
    ],
    "115780_failureRate": 0.0001,
    "115781_mass": [
        3,
        "kg"
    ],
    "115788_failureRate": 4e-05,
    "115789_mass": [
        5,
        "kg"
    ],
    "115795_failureRate": 8e-05,
    "115796_mass": [
        3.5,
        "kg"
    ],
    "115802_failureRate": 8e-05,
    "115803_mass": [
        3.5,
        "kg"
    ]
}