{
    "190684_mass": [
        53,
        "kg"
    ],
    "190685_failureRate": 3.699767488750825e-08,
    "190686_logFailureRate": -7.431825568237171,
    "190692_failureRate": 0.00015,
    "190693_mass": [
        3,
        "kg"
    ],
    "190699_failureRate": 5e-05,
    "190700_mass": [
        9,
        "kg"
    ],
    "190706_failureRate": 5e-05,
    "190707_mass": [
        9,
        "kg"
    ],
    "190714_failureRate": 0.0001,
    "190715_mass": [
        3,
        "kg"
    ],
    "190722_failureRate": 2e-05,
    "190723_mass": [
        10,
        "kg"
    ],
    "190729_failureRate": 0.0001,
    "190730_mass": [
        9.5,
        "kg"
    ],
    "190736_failureRate": 0.0001,
    "190737_mass": [
        9.5,
        "kg"
    ]
}