{
    "284791_mass": [
        37.5,
        "kg"
    ],
    "284792_failureRate": 5.0000001639902e-05,
    "284793_logFailureRate": -4.3010299814199735,
    "284799_failureRate": 5e-05,
    "284800_mass": [
        9,
        "kg"
    ],
    "284807_failureRate": 0.0001,
    "284808_mass": [
        3,
        "kg"
    ],
    "284815_failureRate": 0.0001,
    "284816_mass": [
        3,
        "kg"
    ],
    "284823_failureRate": 2e-05,
    "284824_mass": [
        10,
        "kg"
    ],
    "284830_failureRate": 8e-05,
    "284831_mass": [
        3.5,
        "kg"
    ],
    "284837_failureRate": 8e-05,
    "284838_mass": [
        3.5,
        "kg"
    ],
    "284844_failureRate": 0.0002,
    "284845_mass": [
        5.5,
        "kg"
    ]
}