{
    "325468_mass": [
        30.5,
        "kg"
    ],
    "325469_failureRate": 2.5005228671070397e-08,
    "325470_logFailureRate": -7.601969169505438,
    "325476_failureRate": 0.00015,
    "325477_mass": [
        3,
        "kg"
    ],
    "325483_failureRate": 0.00015,
    "325484_mass": [
        3,
        "kg"
    ],
    "325490_failureRate": 0.0001,
    "325491_mass": [
        6,
        "kg"
    ],
    "325498_failureRate": 0.0001,
    "325499_mass": [
        3,
        "kg"
    ],
    "325506_failureRate": 0.0001,
    "325507_mass": [
        3,
        "kg"
    ],
    "325513_failureRate": 8e-05,
    "325514_mass": [
        3.5,
        "kg"
    ],
    "325520_failureRate": 8e-05,
    "325521_mass": [
        3.5,
        "kg"
    ],
    "325527_failureRate": 0.0002,
    "325528_mass": [
        5.5,
        "kg"
    ]
}