{
    "250834_mass": [
        48.5,
        "kg"
    ],
    "250835_failureRate": 1.5975304296830596e-11,
    "250836_logFailureRate": -10.796550860670298,
    "250842_failureRate": 0.00015,
    "250843_mass": [
        3,
        "kg"
    ],
    "250849_failureRate": 5e-05,
    "250850_mass": [
        9,
        "kg"
    ],
    "250856_failureRate": 5e-05,
    "250857_mass": [
        9,
        "kg"
    ],
    "250864_failureRate": 0.0001,
    "250865_mass": [
        3,
        "kg"
    ],
    "250872_failureRate": 0.0001,
    "250873_mass": [
        3,
        "kg"
    ],
    "250880_failureRate": 4e-05,
    "250881_mass": [
        5,
        "kg"
    ],
    "250887_failureRate": 0.0002,
    "250888_mass": [
        5.5,
        "kg"
    ],
    "250894_failureRate": 0.0002,
    "250895_mass": [
        5.5,
        "kg"
    ],
    "250901_failureRate": 0.0002,
    "250902_mass": [
        5.5,
        "kg"
    ]
}