{
    "231708_mass": [
        47.5,
        "kg"
    ],
    "231709_failureRate": 3.6134935770362e-09,
    "231710_logFailureRate": -8.442072712901203,
    "231716_failureRate": 0.00015,
    "231717_mass": [
        3,
        "kg"
    ],
    "231723_failureRate": 5e-05,
    "231724_mass": [
        9,
        "kg"
    ],
    "231730_failureRate": 5e-05,
    "231731_mass": [
        9,
        "kg"
    ],
    "231738_failureRate": 4e-05,
    "231739_mass": [
        5,
        "kg"
    ],
    "231746_failureRate": 4e-05,
    "231747_mass": [
        5,
        "kg"
    ],
    "231753_failureRate": 0.0002,
    "231754_mass": [
        5.5,
        "kg"
    ],
    "231760_failureRate": 0.0002,
    "231761_mass": [
        5.5,
        "kg"
    ],
    "231767_failureRate": 0.0002,
    "231768_mass": [
        5.5,
        "kg"
    ]
}