{
    "287660_mass": [
        24,
        "kg"
    ],
    "287661_failureRate": 9.098530066e-08,
    "287662_logFailureRate": -7.0410287654580275,
    "287668_failureRate": 0.00015,
    "287669_mass": [
        3,
        "kg"
    ],
    "287675_failureRate": 0.0001,
    "287676_mass": [
        6,
        "kg"
    ],
    "287683_failureRate": 0.0001,
    "287684_mass": [
        3,
        "kg"
    ],
    "287691_failureRate": 0.0001,
    "287692_mass": [
        3,
        "kg"
    ],
    "287698_failureRate": 8e-05,
    "287699_mass": [
        3.5,
        "kg"
    ],
    "287705_failureRate": 0.0002,
    "287706_mass": [
        5.5,
        "kg"
    ]
}