{
    "137414_mass": [
        22,
        "kg"
    ],
    "137415_failureRate": 5.0032395500207994e-05,
    "137416_logFailureRate": -4.30074870304072,
    "137422_failureRate": 5e-05,
    "137423_mass": [
        9,
        "kg"
    ],
    "137430_failureRate": 0.0001,
    "137431_mass": [
        3,
        "kg"
    ],
    "137438_failureRate": 0.0001,
    "137439_mass": [
        3,
        "kg"
    ],
    "137445_failureRate": 8e-05,
    "137446_mass": [
        3.5,
        "kg"
    ],
    "137452_failureRate": 8e-05,
    "137453_mass": [
        3.5,
        "kg"
    ]
}