{
    "175192_mass": [
        23,
        "kg"
    ],
    "175193_failureRate": 5.049807937004319e-08,
    "175194_logFailureRate": -7.296725139403203,
    "175200_failureRate": 0.00015,
    "175201_mass": [
        3,
        "kg"
    ],
    "175207_failureRate": 0.00015,
    "175208_mass": [
        3,
        "kg"
    ],
    "175215_failureRate": 0.0001,
    "175216_mass": [
        3,
        "kg"
    ],
    "175223_failureRate": 4e-05,
    "175224_mass": [
        5,
        "kg"
    ],
    "175230_failureRate": 8e-05,
    "175231_mass": [
        3.5,
        "kg"
    ],
    "175237_failureRate": 0.0002,
    "175238_mass": [
        5.5,
        "kg"
    ]
}