{
    "40535_mass": [
        26.5,
        "kg"
    ],
    "40536_failureRate": 0.00029998249925005,
    "40537_logFailureRate": -3.522904080949775,
    "40543_failureRate": 5e-05,
    "40544_mass": [
        9,
        "kg"
    ],
    "40550_failureRate": 5e-05,
    "40551_mass": [
        9,
        "kg"
    ],
    "40558_failureRate": 0.0001,
    "40559_mass": [
        3,
        "kg"
    ],
    "40565_failureRate": 0.0002,
    "40566_mass": [
        5.5,
        "kg"
    ]
}