{
    "359830_mass": [
        58.5,
        "kg"
    ],
    "359831_failureRate": 9.00111888489904e-09,
    "359832_logFailureRate": -8.045703502190145,
    "359838_failureRate": 0.00015,
    "359839_mass": [
        3,
        "kg"
    ],
    "359845_failureRate": 5e-05,
    "359846_mass": [
        9,
        "kg"
    ],
    "359852_failureRate": 5e-05,
    "359853_mass": [
        9,
        "kg"
    ],
    "359860_failureRate": 4e-05,
    "359861_mass": [
        5,
        "kg"
    ],
    "359868_failureRate": 4e-05,
    "359869_mass": [
        5,
        "kg"
    ],
    "359876_failureRate": 4e-05,
    "359877_mass": [
        5,
        "kg"
    ],
    "359883_failureRate": 8e-05,
    "359884_mass": [
        3.5,
        "kg"
    ],
    "359890_failureRate": 0.0001,
    "359891_mass": [
        9.5,
        "kg"
    ],
    "359897_failureRate": 0.0001,
    "359898_mass": [
        9.5,
        "kg"
    ]
}