{
    "79814_mass": [
        22,
        "kg"
    ],
    "79815_failureRate": 0.00015003599120058997,
    "79816_logFailureRate": -3.8238045482451315,
    "79822_failureRate": 0.00015,
    "79823_mass": [
        3,
        "kg"
    ],
    "79830_failureRate": 0.0001,
    "79831_mass": [
        3,
        "kg"
    ],
    "79838_failureRate": 0.0001,
    "79839_mass": [
        3,
        "kg"
    ],
    "79845_failureRate": 8e-05,
    "79846_mass": [
        3.5,
        "kg"
    ],
    "79852_failureRate": 0.0001,
    "79853_mass": [
        9.5,
        "kg"
    ]
}