{
    "136913_mass": [
        40.5,
        "kg"
    ],
    "136914_failureRate": 3.286786296999251e-11,
    "136915_logFailureRate": -10.483228532319691,
    "136921_failureRate": 0.00015,
    "136922_mass": [
        3,
        "kg"
    ],
    "136928_failureRate": 0.00015,
    "136929_mass": [
        3,
        "kg"
    ],
    "136935_failureRate": 5e-05,
    "136936_mass": [
        9,
        "kg"
    ],
    "136943_failureRate": 0.0001,
    "136944_mass": [
        3,
        "kg"
    ],
    "136951_failureRate": 0.0001,
    "136952_mass": [
        3,
        "kg"
    ],
    "136959_failureRate": 0.0001,
    "136960_mass": [
        3,
        "kg"
    ],
    "136966_failureRate": 0.0002,
    "136967_mass": [
        5.5,
        "kg"
    ],
    "136973_failureRate": 0.0002,
    "136974_mass": [
        5.5,
        "kg"
    ],
    "136980_failureRate": 0.0002,
    "136981_mass": [
        5.5,
        "kg"
    ]
}