{
    "325963_mass": [
        27.5,
        "kg"
    ],
    "325964_failureRate": 0.00012999600006399168,
    "325965_logFailureRate": -3.8860700105921007,
    "325971_failureRate": 5e-05,
    "325972_mass": [
        9,
        "kg"
    ],
    "325979_failureRate": 4e-05,
    "325980_mass": [
        5,
        "kg"
    ],
    "325987_failureRate": 4e-05,
    "325988_mass": [
        5,
        "kg"
    ],
    "325995_failureRate": 4e-05,
    "325996_mass": [
        5,
        "kg"
    ],
    "326002_failureRate": 8e-05,
    "326003_mass": [
        3.5,
        "kg"
    ]
}