{
    "20500_mass": [
        38.5,
        "kg"
    ],
    "20501_failureRate": 8.000999947994562e-05,
    "20502_logFailureRate": -4.096855732413318,
    "20508_failureRate": 0.0001,
    "20509_mass": [
        6,
        "kg"
    ],
    "20515_failureRate": 0.0001,
    "20516_mass": [
        6,
        "kg"
    ],
    "20523_failureRate": 0.0001,
    "20524_mass": [
        3,
        "kg"
    ],
    "20531_failureRate": 2e-05,
    "20532_mass": [
        10,
        "kg"
    ],
    "20539_failureRate": 2e-05,
    "20540_mass": [
        10,
        "kg"
    ],
    "20546_failureRate": 8e-05,
    "20547_mass": [
        3.5,
        "kg"
    ]
}