{
    "42860_mass": [
        41,
        "kg"
    ],
    "42861_failureRate": 4.6094870163998795e-08,
    "42862_logFailureRate": -7.336347403968953,
    "42868_failureRate": 0.00015,
    "42869_mass": [
        3,
        "kg"
    ],
    "42875_failureRate": 5e-05,
    "42876_mass": [
        9,
        "kg"
    ],
    "42883_failureRate": 4e-05,
    "42884_mass": [
        5,
        "kg"
    ],
    "42891_failureRate": 4e-05,
    "42892_mass": [
        5,
        "kg"
    ],
    "42898_failureRate": 0.0001,
    "42899_mass": [
        9.5,
        "kg"
    ],
    "42905_failureRate": 0.0001,
    "42906_mass": [
        9.5,
        "kg"
    ]
}