{
    "322947_mass": [
        31.5,
        "kg"
    ],
    "322948_failureRate": 0.00011999800224973,
    "322949_logFailureRate": -3.9208259841118798,
    "322955_failureRate": 0.00015,
    "322956_mass": [
        3,
        "kg"
    ],
    "322962_failureRate": 0.00015,
    "322963_mass": [
        3,
        "kg"
    ],
    "322969_failureRate": 0.0001,
    "322970_mass": [
        6,
        "kg"
    ],
    "322977_failureRate": 2e-05,
    "322978_mass": [
        10,
        "kg"
    ],
    "322984_failureRate": 0.0001,
    "322985_mass": [
        9.5,
        "kg"
    ]
}