{
    "23434_mass": [
        19,
        "kg"
    ],
    "23435_failureRate": 0.00019003399240024,
    "23436_logFailureRate": -3.721168707513332,
    "23442_failureRate": 0.00015,
    "23443_mass": [
        3,
        "kg"
    ],
    "23450_failureRate": 4e-05,
    "23451_mass": [
        5,
        "kg"
    ],
    "23457_failureRate": 0.0002,
    "23458_mass": [
        5.5,
        "kg"
    ],
    "23464_failureRate": 0.0002,
    "23465_mass": [
        5.5,
        "kg"
    ]
}