{
    "285881_mass": [
        33,
        "kg"
    ],
    "285882_failureRate": 7.019206411488756e-08,
    "285883_logFailureRate": -7.1537119862453595,
    "285889_failureRate": 0.00015,
    "285890_mass": [
        3,
        "kg"
    ],
    "285896_failureRate": 0.0001,
    "285897_mass": [
        6,
        "kg"
    ],
    "285904_failureRate": 4e-05,
    "285905_mass": [
        5,
        "kg"
    ],
    "285912_failureRate": 4e-05,
    "285913_mass": [
        5,
        "kg"
    ],
    "285920_failureRate": 4e-05,
    "285921_mass": [
        5,
        "kg"
    ],
    "285927_failureRate": 8e-05,
    "285928_mass": [
        3.5,
        "kg"
    ],
    "285934_failureRate": 0.0002,
    "285935_mass": [
        5.5,
        "kg"
    ]
}