{
    "135050_mass": [
        31.5,
        "kg"
    ],
    "135051_failureRate": 0.00010001509795005399,
    "135052_logFailureRate": -3.999934435385367,
    "135058_failureRate": 0.00015,
    "135059_mass": [
        3,
        "kg"
    ],
    "135065_failureRate": 5e-05,
    "135066_mass": [
        9,
        "kg"
    ],
    "135073_failureRate": 4e-05,
    "135074_mass": [
        5,
        "kg"
    ],
    "135081_failureRate": 4e-05,
    "135082_mass": [
        5,
        "kg"
    ],
    "135088_failureRate": 0.0001,
    "135089_mass": [
        9.5,
        "kg"
    ]
}