{
    "156555_mass": [
        31,
        "kg"
    ],
    "156556_failureRate": 6.74927499250225e-08,
    "156557_logFailureRate": -7.17074287660105,
    "156563_failureRate": 0.00015,
    "156564_mass": [
        3,
        "kg"
    ],
    "156570_failureRate": 0.00015,
    "156571_mass": [
        3,
        "kg"
    ],
    "156578_failureRate": 0.0001,
    "156579_mass": [
        3,
        "kg"
    ],
    "156586_failureRate": 0.0001,
    "156587_mass": [
        3,
        "kg"
    ],
    "156593_failureRate": 0.0001,
    "156594_mass": [
        9.5,
        "kg"
    ],
    "156600_failureRate": 0.0001,
    "156601_mass": [
        9.5,
        "kg"
    ]
}