{
    "228358_mass": [
        37.5,
        "kg"
    ],
    "228359_failureRate": 1.307793208719988e-11,
    "228360_logFailureRate": -10.883460922228716,
    "228366_failureRate": 0.00015,
    "228367_mass": [
        3,
        "kg"
    ],
    "228373_failureRate": 0.00015,
    "228374_mass": [
        3,
        "kg"
    ],
    "228380_failureRate": 0.0001,
    "228381_mass": [
        6,
        "kg"
    ],
    "228388_failureRate": 0.0001,
    "228389_mass": [
        3,
        "kg"
    ],
    "228396_failureRate": 0.0001,
    "228397_mass": [
        3,
        "kg"
    ],
    "228404_failureRate": 0.0001,
    "228405_mass": [
        3,
        "kg"
    ],
    "228411_failureRate": 8e-05,
    "228412_mass": [
        3.5,
        "kg"
    ],
    "228418_failureRate": 8e-05,
    "228419_mass": [
        3.5,
        "kg"
    ],
    "228425_failureRate": 0.0001,
    "228426_mass": [
        9.5,
        "kg"
    ]
}