{
    "363610_mass": [
        55.5,
        "kg"
    ],
    "363611_failureRate": 2.00000023749525e-05,
    "363612_logFailureRate": -4.698969952764584,
    "363618_failureRate": 0.00015,
    "363619_mass": [
        3,
        "kg"
    ],
    "363625_failureRate": 5e-05,
    "363626_mass": [
        9,
        "kg"
    ],
    "363632_failureRate": 5e-05,
    "363633_mass": [
        9,
        "kg"
    ],
    "363640_failureRate": 2e-05,
    "363641_mass": [
        10,
        "kg"
    ],
    "363647_failureRate": 0.0002,
    "363648_mass": [
        5.5,
        "kg"
    ],
    "363654_failureRate": 0.0001,
    "363655_mass": [
        9.5,
        "kg"
    ],
    "363661_failureRate": 0.0001,
    "363662_mass": [
        9.5,
        "kg"
    ]
}