{
    "154304_mass": [
        43.5,
        "kg"
    ],
    "154305_failureRate": 0.00010000750024989998,
    "154306_logFailureRate": -3.999967428050029,
    "154312_failureRate": 0.00015,
    "154313_mass": [
        3,
        "kg"
    ],
    "154319_failureRate": 5e-05,
    "154320_mass": [
        9,
        "kg"
    ],
    "154327_failureRate": 0.0001,
    "154328_mass": [
        3,
        "kg"
    ],
    "154334_failureRate": 0.0001,
    "154335_mass": [
        9.5,
        "kg"
    ],
    "154341_failureRate": 0.0001,
    "154342_mass": [
        9.5,
        "kg"
    ],
    "154348_failureRate": 0.0001,
    "154349_mass": [
        9.5,
        "kg"
    ]
}