{
    "43514_mass": [
        30.5,
        "kg"
    ],
    "43515_failureRate": 2.002250274993593e-05,
    "43516_logFailureRate": -4.698481638017915,
    "43522_failureRate": 0.00015,
    "43523_mass": [
        3,
        "kg"
    ],
    "43529_failureRate": 0.00015,
    "43530_mass": [
        3,
        "kg"
    ],
    "43537_failureRate": 2e-05,
    "43538_mass": [
        10,
        "kg"
    ],
    "43544_failureRate": 8e-05,
    "43545_mass": [
        3.5,
        "kg"
    ],
    "43551_failureRate": 0.0002,
    "43552_mass": [
        5.5,
        "kg"
    ],
    "43558_failureRate": 0.0002,
    "43559_mass": [
        5.5,
        "kg"
    ]
}