{
    "21879_mass": [
        30,
        "kg"
    ],
    "21880_failureRate": 4.0017999279920014e-05,
    "21881_logFailureRate": -4.3977446279289625,
    "21887_failureRate": 0.0001,
    "21888_mass": [
        6,
        "kg"
    ],
    "21894_failureRate": 0.0001,
    "21895_mass": [
        6,
        "kg"
    ],
    "21902_failureRate": 4e-05,
    "21903_mass": [
        5,
        "kg"
    ],
    "21909_failureRate": 8e-05,
    "21910_mass": [
        3.5,
        "kg"
    ],
    "21916_failureRate": 0.0001,
    "21917_mass": [
        9.5,
        "kg"
    ]
}