{
    "228973_mass": [
        42.5,
        "kg"
    ],
    "228974_failureRate": 1.3647778682706749e-11,
    "228975_logFailureRate": -10.864938028795144,
    "228981_failureRate": 0.00015,
    "228982_mass": [
        3,
        "kg"
    ],
    "228988_failureRate": 0.00015,
    "228989_mass": [
        3,
        "kg"
    ],
    "228995_failureRate": 0.0001,
    "228996_mass": [
        6,
        "kg"
    ],
    "229003_failureRate": 0.0001,
    "229004_mass": [
        3,
        "kg"
    ],
    "229011_failureRate": 4e-05,
    "229012_mass": [
        5,
        "kg"
    ],
    "229019_failureRate": 2e-05,
    "229020_mass": [
        10,
        "kg"
    ],
    "229026_failureRate": 8e-05,
    "229027_mass": [
        3.5,
        "kg"
    ],
    "229033_failureRate": 8e-05,
    "229034_mass": [
        3.5,
        "kg"
    ],
    "229040_failureRate": 0.0002,
    "229041_mass": [
        5.5,
        "kg"
    ]
}