{
    "193367_mass": [
        49,
        "kg"
    ],
    "193368_failureRate": 9.600492903683273e-09,
    "193369_logFailureRate": -8.017706469058927,
    "193375_failureRate": 5e-05,
    "193376_mass": [
        9,
        "kg"
    ],
    "193382_failureRate": 5e-05,
    "193383_mass": [
        9,
        "kg"
    ],
    "193389_failureRate": 5e-05,
    "193390_mass": [
        9,
        "kg"
    ],
    "193397_failureRate": 4e-05,
    "193398_mass": [
        5,
        "kg"
    ],
    "193405_failureRate": 4e-05,
    "193406_mass": [
        5,
        "kg"
    ],
    "193413_failureRate": 4e-05,
    "193414_mass": [
        5,
        "kg"
    ],
    "193420_failureRate": 8e-05,
    "193421_mass": [
        3.5,
        "kg"
    ],
    "193427_failureRate": 8e-05,
    "193428_mass": [
        3.5,
        "kg"
    ]
}