{
    "286464_mass": [
        40,
        "kg"
    ],
    "286465_failureRate": 1.2001865999973002e-08,
    "286466_logFailureRate": -7.9207512264115465,
    "286472_failureRate": 0.00015,
    "286473_mass": [
        3,
        "kg"
    ],
    "286479_failureRate": 0.00015,
    "286480_mass": [
        3,
        "kg"
    ],
    "286486_failureRate": 0.0001,
    "286487_mass": [
        6,
        "kg"
    ],
    "286494_failureRate": 4e-05,
    "286495_mass": [
        5,
        "kg"
    ],
    "286502_failureRate": 2e-05,
    "286503_mass": [
        10,
        "kg"
    ],
    "286509_failureRate": 8e-05,
    "286510_mass": [
        3.5,
        "kg"
    ],
    "286516_failureRate": 0.0001,
    "286517_mass": [
        9.5,
        "kg"
    ]
}