{
    "134840_mass": [
        31,
        "kg"
    ],
    "134841_failureRate": 8.2487500525e-08,
    "134842_logFailureRate": -7.08361185586571,
    "134848_failureRate": 0.00015,
    "134849_mass": [
        3,
        "kg"
    ],
    "134855_failureRate": 0.00015,
    "134856_mass": [
        3,
        "kg"
    ],
    "134863_failureRate": 0.0001,
    "134864_mass": [
        3,
        "kg"
    ],
    "134871_failureRate": 0.0001,
    "134872_mass": [
        3,
        "kg"
    ],
    "134878_failureRate": 0.0001,
    "134879_mass": [
        9.5,
        "kg"
    ],
    "134885_failureRate": 0.0001,
    "134886_mass": [
        9.5,
        "kg"
    ]
}