{
    "288445_mass": [
        51,
        "kg"
    ],
    "288446_failureRate": 1.849882802019992e-08,
    "288447_logFailureRate": -7.732855785136603,
    "288453_failureRate": 5e-05,
    "288454_mass": [
        9,
        "kg"
    ],
    "288460_failureRate": 5e-05,
    "288461_mass": [
        9,
        "kg"
    ],
    "288468_failureRate": 2e-05,
    "288469_mass": [
        10,
        "kg"
    ],
    "288476_failureRate": 2e-05,
    "288477_mass": [
        10,
        "kg"
    ],
    "288483_failureRate": 8e-05,
    "288484_mass": [
        3.5,
        "kg"
    ],
    "288490_failureRate": 0.0001,
    "288491_mass": [
        9.5,
        "kg"
    ]
}