{
    "228877_mass": [
        25.5,
        "kg"
    ],
    "228878_failureRate": 0.000150004800431776,
    "228879_logFailureRate": -3.8238948424931722,
    "228885_failureRate": 0.00015,
    "228886_mass": [
        3,
        "kg"
    ],
    "228893_failureRate": 4e-05,
    "228894_mass": [
        5,
        "kg"
    ],
    "228901_failureRate": 4e-05,
    "228902_mass": [
        5,
        "kg"
    ],
    "228908_failureRate": 8e-05,
    "228909_mass": [
        3.5,
        "kg"
    ],
    "228915_failureRate": 8e-05,
    "228916_mass": [
        3.5,
        "kg"
    ],
    "228922_failureRate": 0.0002,
    "228923_mass": [
        5.5,
        "kg"
    ]
}