{
    "286803_mass": [
        37.5,
        "kg"
    ],
    "286804_failureRate": 6.089354575696019e-12,
    "286805_logFailureRate": -11.215428736770772,
    "286811_failureRate": 0.00015,
    "286812_mass": [
        3,
        "kg"
    ],
    "286818_failureRate": 0.00015,
    "286819_mass": [
        3,
        "kg"
    ],
    "286825_failureRate": 0.0001,
    "286826_mass": [
        6,
        "kg"
    ],
    "286833_failureRate": 4e-05,
    "286834_mass": [
        5,
        "kg"
    ],
    "286841_failureRate": 4e-05,
    "286842_mass": [
        5,
        "kg"
    ],
    "286849_failureRate": 4e-05,
    "286850_mass": [
        5,
        "kg"
    ],
    "286856_failureRate": 8e-05,
    "286857_mass": [
        3.5,
        "kg"
    ],
    "286863_failureRate": 8e-05,
    "286864_mass": [
        3.5,
        "kg"
    ],
    "286870_failureRate": 8e-05,
    "286871_mass": [
        3.5,
        "kg"
    ]
}