{
    "362516_mass": [
        52.5,
        "kg"
    ],
    "362517_failureRate": 3.291790070688848e-12,
    "362518_logFailureRate": -11.482567869100265,
    "362524_failureRate": 0.0001,
    "362525_mass": [
        6,
        "kg"
    ],
    "362531_failureRate": 0.0001,
    "362532_mass": [
        6,
        "kg"
    ],
    "362538_failureRate": 5e-05,
    "362539_mass": [
        9,
        "kg"
    ],
    "362546_failureRate": 4e-05,
    "362547_mass": [
        5,
        "kg"
    ],
    "362554_failureRate": 4e-05,
    "362555_mass": [
        5,
        "kg"
    ],
    "362562_failureRate": 4e-05,
    "362563_mass": [
        5,
        "kg"
    ],
    "362569_failureRate": 8e-05,
    "362570_mass": [
        3.5,
        "kg"
    ],
    "362576_failureRate": 8e-05,
    "362577_mass": [
        3.5,
        "kg"
    ],
    "362583_failureRate": 0.0001,
    "362584_mass": [
        9.5,
        "kg"
    ]
}