{
    "286076_mass": [
        31.5,
        "kg"
    ],
    "286077_failureRate": 0.0002000000048736376,
    "286078_logFailureRate": -3.698969993753049,
    "286084_failureRate": 0.00015,
    "286085_mass": [
        3,
        "kg"
    ],
    "286091_failureRate": 0.00015,
    "286092_mass": [
        3,
        "kg"
    ],
    "286098_failureRate": 5e-05,
    "286099_mass": [
        9,
        "kg"
    ],
    "286106_failureRate": 0.0001,
    "286107_mass": [
        3,
        "kg"
    ],
    "286114_failureRate": 0.0001,
    "286115_mass": [
        3,
        "kg"
    ],
    "286122_failureRate": 4e-05,
    "286123_mass": [
        5,
        "kg"
    ],
    "286129_failureRate": 0.0002,
    "286130_mass": [
        5.5,
        "kg"
    ]
}