{
    "250121_mass": [
        51.5,
        "kg"
    ],
    "250122_failureRate": 8.000300051792316e-05,
    "250123_logFailureRate": -4.096893724458806,
    "250129_failureRate": 0.00015,
    "250130_mass": [
        3,
        "kg"
    ],
    "250136_failureRate": 0.0001,
    "250137_mass": [
        6,
        "kg"
    ],
    "250143_failureRate": 5e-05,
    "250144_mass": [
        9,
        "kg"
    ],
    "250151_failureRate": 2e-05,
    "250152_mass": [
        10,
        "kg"
    ],
    "250159_failureRate": 2e-05,
    "250160_mass": [
        10,
        "kg"
    ],
    "250167_failureRate": 2e-05,
    "250168_mass": [
        10,
        "kg"
    ],
    "250174_failureRate": 8e-05,
    "250175_mass": [
        3.5,
        "kg"
    ]
}