{
    "62287_mass": [
        44.5,
        "kg"
    ],
    "62288_failureRate": 2.0078746299055068e-09,
    "62289_logFailureRate": -8.697263407682412,
    "62295_failureRate": 0.00015,
    "62296_mass": [
        3,
        "kg"
    ],
    "62302_failureRate": 0.00015,
    "62303_mass": [
        3,
        "kg"
    ],
    "62309_failureRate": 0.00015,
    "62310_mass": [
        3,
        "kg"
    ],
    "62317_failureRate": 0.0001,
    "62318_mass": [
        3,
        "kg"
    ],
    "62325_failureRate": 2e-05,
    "62326_mass": [
        10,
        "kg"
    ],
    "62332_failureRate": 8e-05,
    "62333_mass": [
        3.5,
        "kg"
    ],
    "62339_failureRate": 0.0001,
    "62340_mass": [
        9.5,
        "kg"
    ],
    "62346_failureRate": 0.0001,
    "62347_mass": [
        9.5,
        "kg"
    ]
}