{
    "98085_mass": [
        26.5,
        "kg"
    ],
    "98086_failureRate": 2.002250006198975e-05,
    "98087_logFailureRate": -4.69848169632033,
    "98093_failureRate": 0.00015,
    "98094_mass": [
        3,
        "kg"
    ],
    "98100_failureRate": 0.00015,
    "98101_mass": [
        3,
        "kg"
    ],
    "98108_failureRate": 2e-05,
    "98109_mass": [
        10,
        "kg"
    ],
    "98115_failureRate": 8e-05,
    "98116_mass": [
        3.5,
        "kg"
    ],
    "98122_failureRate": 8e-05,
    "98123_mass": [
        3.5,
        "kg"
    ],
    "98129_failureRate": 8e-05,
    "98130_mass": [
        3.5,
        "kg"
    ]
}