{
    "172002_mass": [
        68.5,
        "kg"
    ],
    "172003_failureRate": 1.0002649645010002e-08,
    "172004_logFailureRate": -7.999884942621703,
    "172010_failureRate": 0.0001,
    "172011_mass": [
        6,
        "kg"
    ],
    "172017_failureRate": 5e-05,
    "172018_mass": [
        9,
        "kg"
    ],
    "172024_failureRate": 5e-05,
    "172025_mass": [
        9,
        "kg"
    ],
    "172032_failureRate": 0.0001,
    "172033_mass": [
        3,
        "kg"
    ],
    "172040_failureRate": 0.0001,
    "172041_mass": [
        3,
        "kg"
    ],
    "172048_failureRate": 2e-05,
    "172049_mass": [
        10,
        "kg"
    ],
    "172055_failureRate": 0.0001,
    "172056_mass": [
        9.5,
        "kg"
    ],
    "172062_failureRate": 0.0001,
    "172063_mass": [
        9.5,
        "kg"
    ],
    "172069_failureRate": 0.0001,
    "172070_mass": [
        9.5,
        "kg"
    ]
}