{
    "171576_mass": [
        31,
        "kg"
    ],
    "171577_failureRate": 2.0023499529880003e-05,
    "171578_logFailureRate": -4.698460018080602,
    "171584_failureRate": 0.00015,
    "171585_mass": [
        3,
        "kg"
    ],
    "171591_failureRate": 5e-05,
    "171592_mass": [
        9,
        "kg"
    ],
    "171599_failureRate": 2e-05,
    "171600_mass": [
        10,
        "kg"
    ],
    "171606_failureRate": 8e-05,
    "171607_mass": [
        3.5,
        "kg"
    ],
    "171613_failureRate": 0.0002,
    "171614_mass": [
        5.5,
        "kg"
    ]
}