{
    "250510_mass": [
        26,
        "kg"
    ],
    "250511_failureRate": 8.249849777516501e-08,
    "250512_logFailureRate": -7.083553959497302,
    "250518_failureRate": 0.00015,
    "250519_mass": [
        3,
        "kg"
    ],
    "250525_failureRate": 0.00015,
    "250526_mass": [
        3,
        "kg"
    ],
    "250533_failureRate": 0.0001,
    "250534_mass": [
        3,
        "kg"
    ],
    "250541_failureRate": 0.0001,
    "250542_mass": [
        3,
        "kg"
    ],
    "250549_failureRate": 0.0001,
    "250550_mass": [
        3,
        "kg"
    ],
    "250556_failureRate": 0.0002,
    "250557_mass": [
        5.5,
        "kg"
    ],
    "250563_failureRate": 0.0002,
    "250564_mass": [
        5.5,
        "kg"
    ]
}