{
    "39278_mass": [
        27,
        "kg"
    ],
    "39279_failureRate": 9.000599928001601e-05,
    "39280_logFailureRate": -4.045728542034318,
    "39286_failureRate": 5e-05,
    "39287_mass": [
        9,
        "kg"
    ],
    "39294_failureRate": 4e-05,
    "39295_mass": [
        5,
        "kg"
    ],
    "39301_failureRate": 8e-05,
    "39302_mass": [
        3.5,
        "kg"
    ],
    "39308_failureRate": 0.0001,
    "39309_mass": [
        9.5,
        "kg"
    ]
}