{
    "303962_mass": [
        53.5,
        "kg"
    ],
    "303963_failureRate": 8.010805761574262e-09,
    "303964_logFailureRate": -8.096323798496822,
    "303970_failureRate": 0.00015,
    "303971_mass": [
        3,
        "kg"
    ],
    "303977_failureRate": 0.00015,
    "303978_mass": [
        3,
        "kg"
    ],
    "303984_failureRate": 0.00015,
    "303985_mass": [
        3,
        "kg"
    ],
    "303992_failureRate": 4e-05,
    "303993_mass": [
        5,
        "kg"
    ],
    "304000_failureRate": 4e-05,
    "304001_mass": [
        5,
        "kg"
    ],
    "304008_failureRate": 2e-05,
    "304009_mass": [
        10,
        "kg"
    ],
    "304015_failureRate": 0.0002,
    "304016_mass": [
        5.5,
        "kg"
    ],
    "304022_failureRate": 0.0001,
    "304023_mass": [
        9.5,
        "kg"
    ],
    "304029_failureRate": 0.0001,
    "304030_mass": [
        9.5,
        "kg"
    ]
}