{
    "340198_mass": [
        33,
        "kg"
    ],
    "340199_failureRate": 3.389908986080288e-08,
    "340200_logFailureRate": -7.469811961789166,
    "340206_failureRate": 0.00015,
    "340207_mass": [
        3,
        "kg"
    ],
    "340213_failureRate": 0.00015,
    "340214_mass": [
        3,
        "kg"
    ],
    "340221_failureRate": 2e-05,
    "340222_mass": [
        10,
        "kg"
    ],
    "340229_failureRate": 2e-05,
    "340230_mass": [
        10,
        "kg"
    ],
    "340236_failureRate": 8e-05,
    "340237_mass": [
        3.5,
        "kg"
    ],
    "340243_failureRate": 8e-05,
    "340244_mass": [
        3.5,
        "kg"
    ]
}