{
    "100083_mass": [
        27,
        "kg"
    ],
    "100084_failureRate": 0.00019000399810006,
    "100085_logFailureRate": -3.721237260444404,
    "100091_failureRate": 0.00015,
    "100092_mass": [
        3,
        "kg"
    ],
    "100099_failureRate": 4e-05,
    "100100_mass": [
        5,
        "kg"
    ],
    "100106_failureRate": 0.0001,
    "100107_mass": [
        9.5,
        "kg"
    ],
    "100113_failureRate": 0.0001,
    "100114_mass": [
        9.5,
        "kg"
    ]
}