{
    "21338_mass": [
        43.5,
        "kg"
    ],
    "21339_failureRate": 5.0019999999650025e-05,
    "21340_logFailureRate": -4.300856312608555,
    "21346_failureRate": 5e-05,
    "21347_mass": [
        9,
        "kg"
    ],
    "21354_failureRate": 0.0001,
    "21355_mass": [
        3,
        "kg"
    ],
    "21362_failureRate": 0.0001,
    "21363_mass": [
        3,
        "kg"
    ],
    "21369_failureRate": 0.0001,
    "21370_mass": [
        9.5,
        "kg"
    ],
    "21376_failureRate": 0.0001,
    "21377_mass": [
        9.5,
        "kg"
    ],
    "21383_failureRate": 0.0001,
    "21384_mass": [
        9.5,
        "kg"
    ]
}