{
    "265659_mass": [
        50.5,
        "kg"
    ],
    "265660_failureRate": 1.90029844105207e-08,
    "265661_logFailureRate": -7.721178187929352,
    "265667_failureRate": 0.00015,
    "265668_mass": [
        3,
        "kg"
    ],
    "265674_failureRate": 0.00015,
    "265675_mass": [
        3,
        "kg"
    ],
    "265681_failureRate": 5e-05,
    "265682_mass": [
        9,
        "kg"
    ],
    "265689_failureRate": 0.0001,
    "265690_mass": [
        3,
        "kg"
    ],
    "265697_failureRate": 4e-05,
    "265698_mass": [
        5,
        "kg"
    ],
    "265705_failureRate": 4e-05,
    "265706_mass": [
        5,
        "kg"
    ],
    "265712_failureRate": 8e-05,
    "265713_mass": [
        3.5,
        "kg"
    ],
    "265719_failureRate": 0.0001,
    "265720_mass": [
        9.5,
        "kg"
    ],
    "265726_failureRate": 0.0001,
    "265727_mass": [
        9.5,
        "kg"
    ]
}