{
    "191805_mass": [
        26,
        "kg"
    ],
    "191806_failureRate": 4.889669977302112e-08,
    "191807_logFailureRate": -7.310720452097921,
    "191813_failureRate": 0.00015,
    "191814_mass": [
        3,
        "kg"
    ],
    "191820_failureRate": 0.00015,
    "191821_mass": [
        3,
        "kg"
    ],
    "191828_failureRate": 0.0001,
    "191829_mass": [
        3,
        "kg"
    ],
    "191836_failureRate": 2e-05,
    "191837_mass": [
        10,
        "kg"
    ],
    "191843_failureRate": 8e-05,
    "191844_mass": [
        3.5,
        "kg"
    ],
    "191850_failureRate": 8e-05,
    "191851_mass": [
        3.5,
        "kg"
    ]
}