{
    "210490_mass": [
        48,
        "kg"
    ],
    "210491_failureRate": 3.019757202864147e-08,
    "210492_logFailureRate": -7.520027974160488,
    "210498_failureRate": 0.0001,
    "210499_mass": [
        6,
        "kg"
    ],
    "210505_failureRate": 5e-05,
    "210506_mass": [
        9,
        "kg"
    ],
    "210513_failureRate": 4e-05,
    "210514_mass": [
        5,
        "kg"
    ],
    "210521_failureRate": 4e-05,
    "210522_mass": [
        5,
        "kg"
    ],
    "210529_failureRate": 2e-05,
    "210530_mass": [
        10,
        "kg"
    ],
    "210536_failureRate": 8e-05,
    "210537_mass": [
        3.5,
        "kg"
    ],
    "210543_failureRate": 0.0001,
    "210544_mass": [
        9.5,
        "kg"
    ]
}