{
    "268182_mass": [
        43.5,
        "kg"
    ],
    "268183_failureRate": 1.000280023986401e-08,
    "268184_logFailureRate": -7.999878404151988,
    "268190_failureRate": 0.0001,
    "268191_mass": [
        6,
        "kg"
    ],
    "268197_failureRate": 0.0001,
    "268198_mass": [
        6,
        "kg"
    ],
    "268205_failureRate": 0.0001,
    "268206_mass": [
        3,
        "kg"
    ],
    "268213_failureRate": 0.0001,
    "268214_mass": [
        3,
        "kg"
    ],
    "268221_failureRate": 0.0001,
    "268222_mass": [
        3,
        "kg"
    ],
    "268228_failureRate": 8e-05,
    "268229_mass": [
        3.5,
        "kg"
    ],
    "268235_failureRate": 0.0001,
    "268236_mass": [
        9.5,
        "kg"
    ],
    "268242_failureRate": 0.0001,
    "268243_mass": [
        9.5,
        "kg"
    ]
}