{
    "322425_mass": [
        26,
        "kg"
    ],
    "322426_failureRate": 4.004249829955002e-05,
    "322427_logFailureRate": -4.397478834193197,
    "322433_failureRate": 0.00015,
    "322434_mass": [
        3,
        "kg"
    ],
    "322440_failureRate": 0.00015,
    "322441_mass": [
        3,
        "kg"
    ],
    "322448_failureRate": 4e-05,
    "322449_mass": [
        5,
        "kg"
    ],
    "322455_failureRate": 0.0002,
    "322456_mass": [
        5.5,
        "kg"
    ],
    "322462_failureRate": 0.0001,
    "322463_mass": [
        9.5,
        "kg"
    ]
}