{
    "156220_mass": [
        32.5,
        "kg"
    ],
    "156221_failureRate": 4.80323381752192e-09,
    "156222_logFailureRate": -8.318466271743732,
    "156228_failureRate": 0.00015,
    "156229_mass": [
        3,
        "kg"
    ],
    "156235_failureRate": 0.00015,
    "156236_mass": [
        3,
        "kg"
    ],
    "156242_failureRate": 0.0001,
    "156243_mass": [
        6,
        "kg"
    ],
    "156250_failureRate": 4e-05,
    "156251_mass": [
        5,
        "kg"
    ],
    "156258_failureRate": 4e-05,
    "156259_mass": [
        5,
        "kg"
    ],
    "156265_failureRate": 8e-05,
    "156266_mass": [
        3.5,
        "kg"
    ],
    "156272_failureRate": 8e-05,
    "156273_mass": [
        3.5,
        "kg"
    ],
    "156279_failureRate": 8e-05,
    "156280_mass": [
        3.5,
        "kg"
    ]
}