{
    "359087_mass": [
        43.5,
        "kg"
    ],
    "359088_failureRate": 4.839929941499431e-12,
    "359089_logFailureRate": -11.315160924768897,
    "359095_failureRate": 0.00015,
    "359096_mass": [
        3,
        "kg"
    ],
    "359102_failureRate": 0.0001,
    "359103_mass": [
        6,
        "kg"
    ],
    "359109_failureRate": 5e-05,
    "359110_mass": [
        9,
        "kg"
    ],
    "359117_failureRate": 0.0001,
    "359118_mass": [
        3,
        "kg"
    ],
    "359125_failureRate": 0.0001,
    "359126_mass": [
        3,
        "kg"
    ],
    "359133_failureRate": 0.0001,
    "359134_mass": [
        3,
        "kg"
    ],
    "359140_failureRate": 8e-05,
    "359141_mass": [
        3.5,
        "kg"
    ],
    "359147_failureRate": 8e-05,
    "359148_mass": [
        3.5,
        "kg"
    ],
    "359154_failureRate": 0.0001,
    "359155_mass": [
        9.5,
        "kg"
    ]
}