{
    "325575_mass": [
        21,
        "kg"
    ],
    "325576_failureRate": 1.03480651239976e-07,
    "325577_logFailureRate": -6.985140846779634,
    "325583_failureRate": 0.00015,
    "325584_mass": [
        3,
        "kg"
    ],
    "325590_failureRate": 0.00015,
    "325591_mass": [
        3,
        "kg"
    ],
    "325598_failureRate": 0.0001,
    "325599_mass": [
        3,
        "kg"
    ],
    "325606_failureRate": 0.0001,
    "325607_mass": [
        3,
        "kg"
    ],
    "325613_failureRate": 8e-05,
    "325614_mass": [
        3.5,
        "kg"
    ],
    "325620_failureRate": 0.0002,
    "325621_mass": [
        5.5,
        "kg"
    ]
}