{
    "229277_mass": [
        49.5,
        "kg"
    ],
    "229278_failureRate": 1.834166084512205e-11,
    "229279_logFailureRate": -10.73656134133699,
    "229285_failureRate": 0.0001,
    "229286_mass": [
        6,
        "kg"
    ],
    "229292_failureRate": 0.0001,
    "229293_mass": [
        6,
        "kg"
    ],
    "229299_failureRate": 0.0001,
    "229300_mass": [
        6,
        "kg"
    ],
    "229307_failureRate": 4e-05,
    "229308_mass": [
        5,
        "kg"
    ],
    "229315_failureRate": 4e-05,
    "229316_mass": [
        5,
        "kg"
    ],
    "229323_failureRate": 4e-05,
    "229324_mass": [
        5,
        "kg"
    ],
    "229330_failureRate": 0.0002,
    "229331_mass": [
        5.5,
        "kg"
    ],
    "229337_failureRate": 0.0002,
    "229338_mass": [
        5.5,
        "kg"
    ],
    "229344_failureRate": 0.0002,
    "229345_mass": [
        5.5,
        "kg"
    ]
}