{
    "59539_mass": [
        29,
        "kg"
    ],
    "59540_failureRate": 0.00010001359816004802,
    "59541_logFailureRate": -3.999940947956176,
    "59547_failureRate": 0.0001,
    "59548_mass": [
        6,
        "kg"
    ],
    "59555_failureRate": 4e-05,
    "59556_mass": [
        5,
        "kg"
    ],
    "59563_failureRate": 4e-05,
    "59564_mass": [
        5,
        "kg"
    ],
    "59570_failureRate": 8e-05,
    "59571_mass": [
        3.5,
        "kg"
    ],
    "59577_failureRate": 0.0001,
    "59578_mass": [
        9.5,
        "kg"
    ]
}