{
    "212187_mass": [
        42,
        "kg"
    ],
    "212188_failureRate": 2.1600555781446147e-08,
    "212189_logFailureRate": -7.6655350743254616,
    "212195_failureRate": 0.00015,
    "212196_mass": [
        3,
        "kg"
    ],
    "212202_failureRate": 0.0001,
    "212203_mass": [
        6,
        "kg"
    ],
    "212209_failureRate": 0.0001,
    "212210_mass": [
        6,
        "kg"
    ],
    "212217_failureRate": 4e-05,
    "212218_mass": [
        5,
        "kg"
    ],
    "212225_failureRate": 4e-05,
    "212226_mass": [
        5,
        "kg"
    ],
    "212233_failureRate": 2e-05,
    "212234_mass": [
        10,
        "kg"
    ],
    "212240_failureRate": 8e-05,
    "212241_mass": [
        3.5,
        "kg"
    ],
    "212247_failureRate": 8e-05,
    "212248_mass": [
        3.5,
        "kg"
    ]
}