{
    "209411_mass": [
        64.5,
        "kg"
    ],
    "209412_failureRate": 1.6019279345608474e-09,
    "209413_logFailureRate": -8.795357025284575,
    "209419_failureRate": 0.0001,
    "209420_mass": [
        6,
        "kg"
    ],
    "209426_failureRate": 0.0001,
    "209427_mass": [
        6,
        "kg"
    ],
    "209433_failureRate": 0.0001,
    "209434_mass": [
        6,
        "kg"
    ],
    "209441_failureRate": 2e-05,
    "209442_mass": [
        10,
        "kg"
    ],
    "209449_failureRate": 2e-05,
    "209450_mass": [
        10,
        "kg"
    ],
    "209457_failureRate": 2e-05,
    "209458_mass": [
        10,
        "kg"
    ],
    "209464_failureRate": 8e-05,
    "209465_mass": [
        3.5,
        "kg"
    ],
    "209471_failureRate": 8e-05,
    "209472_mass": [
        3.5,
        "kg"
    ],
    "209478_failureRate": 0.0001,
    "209479_mass": [
        9.5,
        "kg"
    ]
}