{
    "20595_mass": [
        50.5,
        "kg"
    ],
    "20596_failureRate": 4.00000024999e-05,
    "20597_logFailureRate": -4.397939981529719,
    "20603_failureRate": 0.0001,
    "20604_mass": [
        6,
        "kg"
    ],
    "20610_failureRate": 0.0001,
    "20611_mass": [
        6,
        "kg"
    ],
    "20617_failureRate": 5e-05,
    "20618_mass": [
        9,
        "kg"
    ],
    "20625_failureRate": 4e-05,
    "20626_mass": [
        5,
        "kg"
    ],
    "20632_failureRate": 0.0002,
    "20633_mass": [
        5.5,
        "kg"
    ],
    "20639_failureRate": 0.0001,
    "20640_mass": [
        9.5,
        "kg"
    ],
    "20646_failureRate": 0.0001,
    "20647_mass": [
        9.5,
        "kg"
    ]
}