{
    "361703_mass": [
        30,
        "kg"
    ],
    "361704_failureRate": 2.8900769474430398e-08,
    "361705_logFailureRate": -7.539090594127523,
    "361711_failureRate": 0.00015,
    "361712_mass": [
        3,
        "kg"
    ],
    "361718_failureRate": 5e-05,
    "361719_mass": [
        9,
        "kg"
    ],
    "361726_failureRate": 0.0001,
    "361727_mass": [
        3,
        "kg"
    ],
    "361734_failureRate": 0.0001,
    "361735_mass": [
        3,
        "kg"
    ],
    "361742_failureRate": 4e-05,
    "361743_mass": [
        5,
        "kg"
    ],
    "361749_failureRate": 8e-05,
    "361750_mass": [
        3.5,
        "kg"
    ],
    "361756_failureRate": 8e-05,
    "361757_mass": [
        3.5,
        "kg"
    ]
}