{
    "3180_mass": [
        20.5,
        "kg"
    ],
    "3181_failureRate": 0.0002999899970002,
    "3182_logFailureRate": -3.522893226347148,
    "3188_failureRate": 0.0001,
    "3189_mass": [
        6,
        "kg"
    ],
    "3195_failureRate": 0.0001,
    "3196_mass": [
        6,
        "kg"
    ],
    "3203_failureRate": 0.0001,
    "3204_mass": [
        3,
        "kg"
    ],
    "3210_failureRate": 0.0002,
    "3211_mass": [
        5.5,
        "kg"
    ]
}