{
    "231599_mass": [
        49.5,
        "kg"
    ],
    "231600_failureRate": 3.300017440254325e-08,
    "231601_logFailureRate": -7.481483764914173,
    "231607_failureRate": 0.00015,
    "231608_mass": [
        3,
        "kg"
    ],
    "231614_failureRate": 5e-05,
    "231615_mass": [
        9,
        "kg"
    ],
    "231621_failureRate": 5e-05,
    "231622_mass": [
        9,
        "kg"
    ],
    "231629_failureRate": 0.0001,
    "231630_mass": [
        3,
        "kg"
    ],
    "231637_failureRate": 0.0001,
    "231638_mass": [
        3,
        "kg"
    ],
    "231644_failureRate": 8e-05,
    "231645_mass": [
        3.5,
        "kg"
    ],
    "231651_failureRate": 0.0001,
    "231652_mass": [
        9.5,
        "kg"
    ],
    "231658_failureRate": 0.0001,
    "231659_mass": [
        9.5,
        "kg"
    ]
}