{
    "303165_mass": [
        37.5,
        "kg"
    ],
    "303166_failureRate": 1.8249424532529255e-11,
    "303167_logFailureRate": -10.7387508257986,
    "303173_failureRate": 0.00015,
    "303174_mass": [
        3,
        "kg"
    ],
    "303180_failureRate": 0.00015,
    "303181_mass": [
        3,
        "kg"
    ],
    "303187_failureRate": 0.0001,
    "303188_mass": [
        6,
        "kg"
    ],
    "303195_failureRate": 0.0001,
    "303196_mass": [
        3,
        "kg"
    ],
    "303203_failureRate": 0.0001,
    "303204_mass": [
        3,
        "kg"
    ],
    "303211_failureRate": 0.0001,
    "303212_mass": [
        3,
        "kg"
    ],
    "303218_failureRate": 0.0002,
    "303219_mass": [
        5.5,
        "kg"
    ],
    "303225_failureRate": 0.0002,
    "303226_mass": [
        5.5,
        "kg"
    ],
    "303232_failureRate": 0.0002,
    "303233_mass": [
        5.5,
        "kg"
    ]
}