{
    "363502_mass": [
        45.5,
        "kg"
    ],
    "363503_failureRate": 1.700134278375499e-08,
    "363504_logFailureRate": -7.769516776236718,
    "363510_failureRate": 0.00015,
    "363511_mass": [
        3,
        "kg"
    ],
    "363517_failureRate": 0.00015,
    "363518_mass": [
        3,
        "kg"
    ],
    "363524_failureRate": 5e-05,
    "363525_mass": [
        9,
        "kg"
    ],
    "363532_failureRate": 2e-05,
    "363533_mass": [
        10,
        "kg"
    ],
    "363540_failureRate": 2e-05,
    "363541_mass": [
        10,
        "kg"
    ],
    "363547_failureRate": 8e-05,
    "363548_mass": [
        3.5,
        "kg"
    ],
    "363554_failureRate": 8e-05,
    "363555_mass": [
        3.5,
        "kg"
    ],
    "363561_failureRate": 8e-05,
    "363562_mass": [
        3.5,
        "kg"
    ]
}