{
    "191142_mass": [
        54.5,
        "kg"
    ],
    "191143_failureRate": 5.3150114071203125e-12,
    "191144_logFailureRate": -11.274495799053367,
    "191150_failureRate": 0.00015,
    "191151_mass": [
        3,
        "kg"
    ],
    "191157_failureRate": 0.00015,
    "191158_mass": [
        3,
        "kg"
    ],
    "191164_failureRate": 5e-05,
    "191165_mass": [
        9,
        "kg"
    ],
    "191172_failureRate": 0.0001,
    "191173_mass": [
        3,
        "kg"
    ],
    "191180_failureRate": 2e-05,
    "191181_mass": [
        10,
        "kg"
    ],
    "191188_failureRate": 2e-05,
    "191189_mass": [
        10,
        "kg"
    ],
    "191195_failureRate": 8e-05,
    "191196_mass": [
        3.5,
        "kg"
    ],
    "191202_failureRate": 8e-05,
    "191203_mass": [
        3.5,
        "kg"
    ],
    "191209_failureRate": 0.0001,
    "191210_mass": [
        9.5,
        "kg"
    ]
}