{
    "228138_mass": [
        67.5,
        "kg"
    ],
    "228139_failureRate": 1.400163370181012e-08,
    "228140_logFailureRate": -7.853821288158395,
    "228146_failureRate": 0.0001,
    "228147_mass": [
        6,
        "kg"
    ],
    "228153_failureRate": 5e-05,
    "228154_mass": [
        9,
        "kg"
    ],
    "228160_failureRate": 5e-05,
    "228161_mass": [
        9,
        "kg"
    ],
    "228168_failureRate": 4e-05,
    "228169_mass": [
        5,
        "kg"
    ],
    "228176_failureRate": 4e-05,
    "228177_mass": [
        5,
        "kg"
    ],
    "228184_failureRate": 4e-05,
    "228185_mass": [
        5,
        "kg"
    ],
    "228191_failureRate": 0.0001,
    "228192_mass": [
        9.5,
        "kg"
    ],
    "228198_failureRate": 0.0001,
    "228199_mass": [
        9.5,
        "kg"
    ],
    "228205_failureRate": 0.0001,
    "228206_mass": [
        9.5,
        "kg"
    ]
}