{
    "134066_mass": [
        64.5,
        "kg"
    ],
    "134067_failureRate": 2.201124613447264e-08,
    "134068_logFailureRate": -7.657355369804418,
    "134074_failureRate": 0.0001,
    "134075_mass": [
        6,
        "kg"
    ],
    "134081_failureRate": 0.0001,
    "134082_mass": [
        6,
        "kg"
    ],
    "134088_failureRate": 0.0001,
    "134089_mass": [
        6,
        "kg"
    ],
    "134096_failureRate": 2e-05,
    "134097_mass": [
        10,
        "kg"
    ],
    "134104_failureRate": 2e-05,
    "134105_mass": [
        10,
        "kg"
    ],
    "134112_failureRate": 2e-05,
    "134113_mass": [
        10,
        "kg"
    ],
    "134119_failureRate": 0.0002,
    "134120_mass": [
        5.5,
        "kg"
    ],
    "134126_failureRate": 0.0002,
    "134127_mass": [
        5.5,
        "kg"
    ],
    "134133_failureRate": 0.0002,
    "134134_mass": [
        5.5,
        "kg"
    ]
}