{
    "117331_mass": [
        53.5,
        "kg"
    ],
    "117332_failureRate": 4.11763304566406e-12,
    "117333_logFailureRate": -11.38535235935572,
    "117339_failureRate": 0.00015,
    "117340_mass": [
        3,
        "kg"
    ],
    "117346_failureRate": 0.0001,
    "117347_mass": [
        6,
        "kg"
    ],
    "117353_failureRate": 5e-05,
    "117354_mass": [
        9,
        "kg"
    ],
    "117361_failureRate": 4e-05,
    "117362_mass": [
        5,
        "kg"
    ],
    "117369_failureRate": 2e-05,
    "117370_mass": [
        10,
        "kg"
    ],
    "117377_failureRate": 2e-05,
    "117378_mass": [
        10,
        "kg"
    ],
    "117384_failureRate": 8e-05,
    "117385_mass": [
        3.5,
        "kg"
    ],
    "117391_failureRate": 8e-05,
    "117392_mass": [
        3.5,
        "kg"
    ],
    "117398_failureRate": 8e-05,
    "117399_mass": [
        3.5,
        "kg"
    ]
}