{
    "283657_mass": [
        31.5,
        "kg"
    ],
    "283658_failureRate": 0.00010000089975000401,
    "283659_logFailureRate": -3.9999960924529607,
    "283665_failureRate": 5e-05,
    "283666_mass": [
        9,
        "kg"
    ],
    "283672_failureRate": 5e-05,
    "283673_mass": [
        9,
        "kg"
    ],
    "283680_failureRate": 2e-05,
    "283681_mass": [
        10,
        "kg"
    ],
    "283687_failureRate": 8e-05,
    "283688_mass": [
        3.5,
        "kg"
    ]
}