{
    "153272_mass": [
        45.5,
        "kg"
    ],
    "153273_failureRate": 0.00010002549706802681,
    "153274_logFailureRate": -3.9998892817548657,
    "153280_failureRate": 0.00015,
    "153281_mass": [
        3,
        "kg"
    ],
    "153287_failureRate": 0.00015,
    "153288_mass": [
        3,
        "kg"
    ],
    "153295_failureRate": 2e-05,
    "153296_mass": [
        10,
        "kg"
    ],
    "153303_failureRate": 2e-05,
    "153304_mass": [
        10,
        "kg"
    ],
    "153311_failureRate": 2e-05,
    "153312_mass": [
        10,
        "kg"
    ],
    "153318_failureRate": 0.0001,
    "153319_mass": [
        9.5,
        "kg"
    ]
}