{
    "172575_mass": [
        47.5,
        "kg"
    ],
    "172576_failureRate": 4.030030343071529e-10,
    "172577_logFailureRate": -9.394691683938563,
    "172583_failureRate": 0.00015,
    "172584_mass": [
        3,
        "kg"
    ],
    "172590_failureRate": 0.00015,
    "172591_mass": [
        3,
        "kg"
    ],
    "172597_failureRate": 5e-05,
    "172598_mass": [
        9,
        "kg"
    ],
    "172605_failureRate": 2e-05,
    "172606_mass": [
        10,
        "kg"
    ],
    "172613_failureRate": 2e-05,
    "172614_mass": [
        10,
        "kg"
    ],
    "172620_failureRate": 8e-05,
    "172621_mass": [
        3.5,
        "kg"
    ],
    "172627_failureRate": 8e-05,
    "172628_mass": [
        3.5,
        "kg"
    ],
    "172634_failureRate": 0.0002,
    "172635_mass": [
        5.5,
        "kg"
    ]
}