{
    "287245_mass": [
        21.5,
        "kg"
    ],
    "287246_failureRate": 0.00017999200112479754,
    "287247_logFailureRate": -3.7447467945886403,
    "287253_failureRate": 0.00015,
    "287254_mass": [
        3,
        "kg"
    ],
    "287260_failureRate": 0.00015,
    "287261_mass": [
        3,
        "kg"
    ],
    "287267_failureRate": 5e-05,
    "287268_mass": [
        9,
        "kg"
    ],
    "287275_failureRate": 0.0001,
    "287276_mass": [
        3,
        "kg"
    ],
    "287282_failureRate": 8e-05,
    "287283_mass": [
        3.5,
        "kg"
    ]
}