{
    "285982_mass": [
        32,
        "kg"
    ],
    "285983_failureRate": 5.5495289844018e-08,
    "285984_logFailureRate": -7.255743876004517,
    "285990_failureRate": 0.00015,
    "285991_mass": [
        3,
        "kg"
    ],
    "285997_failureRate": 0.00015,
    "285998_mass": [
        3,
        "kg"
    ],
    "286005_failureRate": 0.0001,
    "286006_mass": [
        3,
        "kg"
    ],
    "286013_failureRate": 2e-05,
    "286014_mass": [
        10,
        "kg"
    ],
    "286020_failureRate": 8e-05,
    "286021_mass": [
        3.5,
        "kg"
    ],
    "286027_failureRate": 0.0001,
    "286028_mass": [
        9.5,
        "kg"
    ]
}