{
    "303398_mass": [
        27.5,
        "kg"
    ],
    "303399_failureRate": 8.000500209955004e-05,
    "303400_logFailureRate": -4.096882859054059,
    "303406_failureRate": 0.0001,
    "303407_mass": [
        6,
        "kg"
    ],
    "303413_failureRate": 5e-05,
    "303414_mass": [
        9,
        "kg"
    ],
    "303421_failureRate": 0.0001,
    "303422_mass": [
        3,
        "kg"
    ],
    "303429_failureRate": 0.0001,
    "303430_mass": [
        3,
        "kg"
    ],
    "303437_failureRate": 0.0001,
    "303438_mass": [
        3,
        "kg"
    ],
    "303444_failureRate": 8e-05,
    "303445_mass": [
        3.5,
        "kg"
    ]
}