{
    "137031_mass": [
        62.5,
        "kg"
    ],
    "137032_failureRate": 6.839481746672741e-12,
    "137033_logFailureRate": -11.16497680516401,
    "137039_failureRate": 0.0001,
    "137040_mass": [
        6,
        "kg"
    ],
    "137046_failureRate": 0.0001,
    "137047_mass": [
        6,
        "kg"
    ],
    "137053_failureRate": 0.0001,
    "137054_mass": [
        6,
        "kg"
    ],
    "137061_failureRate": 2e-05,
    "137062_mass": [
        10,
        "kg"
    ],
    "137069_failureRate": 2e-05,
    "137070_mass": [
        10,
        "kg"
    ],
    "137077_failureRate": 2e-05,
    "137078_mass": [
        10,
        "kg"
    ],
    "137084_failureRate": 8e-05,
    "137085_mass": [
        3.5,
        "kg"
    ],
    "137091_failureRate": 0.0002,
    "137092_mass": [
        5.5,
        "kg"
    ],
    "137098_failureRate": 0.0002,
    "137099_mass": [
        5.5,
        "kg"
    ]
}