{
    "230038_mass": [
        52.5,
        "kg"
    ],
    "230039_failureRate": 1.5004974192500006e-08,
    "230040_logFailureRate": -7.823764747194442,
    "230046_failureRate": 0.00015,
    "230047_mass": [
        3,
        "kg"
    ],
    "230053_failureRate": 5e-05,
    "230054_mass": [
        9,
        "kg"
    ],
    "230060_failureRate": 5e-05,
    "230061_mass": [
        9,
        "kg"
    ],
    "230068_failureRate": 0.0001,
    "230069_mass": [
        3,
        "kg"
    ],
    "230076_failureRate": 0.0001,
    "230077_mass": [
        3,
        "kg"
    ],
    "230084_failureRate": 0.0001,
    "230085_mass": [
        3,
        "kg"
    ],
    "230091_failureRate": 8e-05,
    "230092_mass": [
        3.5,
        "kg"
    ],
    "230098_failureRate": 0.0001,
    "230099_mass": [
        9.5,
        "kg"
    ],
    "230105_failureRate": 0.0001,
    "230106_mass": [
        9.5,
        "kg"
    ]
}