{
    "248552_mass": [
        37.5,
        "kg"
    ],
    "248553_failureRate": 4.500262438749999e-08,
    "248554_logFailureRate": -7.346762159029639,
    "248560_failureRate": 0.00015,
    "248561_mass": [
        3,
        "kg"
    ],
    "248567_failureRate": 0.00015,
    "248568_mass": [
        3,
        "kg"
    ],
    "248574_failureRate": 5e-05,
    "248575_mass": [
        9,
        "kg"
    ],
    "248582_failureRate": 0.0001,
    "248583_mass": [
        3,
        "kg"
    ],
    "248590_failureRate": 0.0001,
    "248591_mass": [
        3,
        "kg"
    ],
    "248597_failureRate": 0.0002,
    "248598_mass": [
        5.5,
        "kg"
    ],
    "248604_failureRate": 0.0002,
    "248605_mass": [
        5.5,
        "kg"
    ],
    "248611_failureRate": 0.0002,
    "248612_mass": [
        5.5,
        "kg"
    ]
}