{
    "116556_mass": [
        28,
        "kg"
    ],
    "116557_failureRate": 7.001499888001601e-05,
    "116558_logFailureRate": -4.154808913799225,
    "116564_failureRate": 5e-05,
    "116565_mass": [
        9,
        "kg"
    ],
    "116572_failureRate": 2e-05,
    "116573_mass": [
        10,
        "kg"
    ],
    "116579_failureRate": 8e-05,
    "116580_mass": [
        3.5,
        "kg"
    ],
    "116586_failureRate": 0.0002,
    "116587_mass": [
        5.5,
        "kg"
    ]
}