{
    "344886_mass": [
        45.5,
        "kg"
    ],
    "344887_failureRate": 6.001668965552985e-09,
    "344888_logFailureRate": -8.221727962659658,
    "344894_failureRate": 0.00015,
    "344895_mass": [
        3,
        "kg"
    ],
    "344901_failureRate": 0.00015,
    "344902_mass": [
        3,
        "kg"
    ],
    "344908_failureRate": 5e-05,
    "344909_mass": [
        9,
        "kg"
    ],
    "344916_failureRate": 4e-05,
    "344917_mass": [
        5,
        "kg"
    ],
    "344924_failureRate": 4e-05,
    "344925_mass": [
        5,
        "kg"
    ],
    "344932_failureRate": 2e-05,
    "344933_mass": [
        10,
        "kg"
    ],
    "344939_failureRate": 8e-05,
    "344940_mass": [
        3.5,
        "kg"
    ],
    "344946_failureRate": 8e-05,
    "344947_mass": [
        3.5,
        "kg"
    ],
    "344953_failureRate": 8e-05,
    "344954_mass": [
        3.5,
        "kg"
    ]
}