{
    "228769_mass": [
        47,
        "kg"
    ],
    "228770_failureRate": 9.604336372705135e-09,
    "228771_logFailureRate": -8.017532638051547,
    "228777_failureRate": 0.00015,
    "228778_mass": [
        3,
        "kg"
    ],
    "228784_failureRate": 0.00015,
    "228785_mass": [
        3,
        "kg"
    ],
    "228791_failureRate": 5e-05,
    "228792_mass": [
        9,
        "kg"
    ],
    "228799_failureRate": 4e-05,
    "228800_mass": [
        5,
        "kg"
    ],
    "228807_failureRate": 2e-05,
    "228808_mass": [
        10,
        "kg"
    ],
    "228815_failureRate": 2e-05,
    "228816_mass": [
        10,
        "kg"
    ],
    "228822_failureRate": 8e-05,
    "228823_mass": [
        3.5,
        "kg"
    ],
    "228829_failureRate": 8e-05,
    "228830_mass": [
        3.5,
        "kg"
    ]
}