{
    "100164_mass": [
        70.5,
        "kg"
    ],
    "100165_failureRate": 8.297129208100811e-12,
    "100166_logFailureRate": -11.0810721467499,
    "100172_failureRate": 0.00015,
    "100173_mass": [
        3,
        "kg"
    ],
    "100179_failureRate": 0.00015,
    "100180_mass": [
        3,
        "kg"
    ],
    "100186_failureRate": 0.0001,
    "100187_mass": [
        6,
        "kg"
    ],
    "100194_failureRate": 2e-05,
    "100195_mass": [
        10,
        "kg"
    ],
    "100202_failureRate": 2e-05,
    "100203_mass": [
        10,
        "kg"
    ],
    "100210_failureRate": 2e-05,
    "100211_mass": [
        10,
        "kg"
    ],
    "100217_failureRate": 0.0001,
    "100218_mass": [
        9.5,
        "kg"
    ],
    "100224_failureRate": 0.0001,
    "100225_mass": [
        9.5,
        "kg"
    ],
    "100231_failureRate": 0.0001,
    "100232_mass": [
        9.5,
        "kg"
    ]
}