{
    "246998_mass": [
        32,
        "kg"
    ],
    "246999_failureRate": 6.8494229504073e-08,
    "247000_logFailureRate": -7.164346015370386,
    "247006_failureRate": 0.00015,
    "247007_mass": [
        3,
        "kg"
    ],
    "247013_failureRate": 5e-05,
    "247014_mass": [
        9,
        "kg"
    ],
    "247021_failureRate": 0.0001,
    "247022_mass": [
        3,
        "kg"
    ],
    "247029_failureRate": 0.0001,
    "247030_mass": [
        3,
        "kg"
    ],
    "247037_failureRate": 4e-05,
    "247038_mass": [
        5,
        "kg"
    ],
    "247044_failureRate": 8e-05,
    "247045_mass": [
        3.5,
        "kg"
    ],
    "247051_failureRate": 0.0002,
    "247052_mass": [
        5.5,
        "kg"
    ]
}