{
    "136709_mass": [
        40,
        "kg"
    ],
    "136710_failureRate": 6.4037514694619526e-09,
    "136711_logFailureRate": -8.193565531458503,
    "136717_failureRate": 0.0001,
    "136718_mass": [
        6,
        "kg"
    ],
    "136724_failureRate": 0.0001,
    "136725_mass": [
        6,
        "kg"
    ],
    "136731_failureRate": 0.0001,
    "136732_mass": [
        6,
        "kg"
    ],
    "136739_failureRate": 4e-05,
    "136740_mass": [
        5,
        "kg"
    ],
    "136747_failureRate": 4e-05,
    "136748_mass": [
        5,
        "kg"
    ],
    "136755_failureRate": 4e-05,
    "136756_mass": [
        5,
        "kg"
    ],
    "136762_failureRate": 8e-05,
    "136763_mass": [
        3.5,
        "kg"
    ],
    "136769_failureRate": 8e-05,
    "136770_mass": [
        3.5,
        "kg"
    ]
}