{
    "119719_mass": [
        46,
        "kg"
    ],
    "119720_failureRate": 2.250149947503e-08,
    "119721_logFailureRate": -7.647788540020517,
    "119727_failureRate": 5e-05,
    "119728_mass": [
        9,
        "kg"
    ],
    "119734_failureRate": 5e-05,
    "119735_mass": [
        9,
        "kg"
    ],
    "119742_failureRate": 0.0001,
    "119743_mass": [
        3,
        "kg"
    ],
    "119750_failureRate": 0.0001,
    "119751_mass": [
        3,
        "kg"
    ],
    "119758_failureRate": 0.0001,
    "119759_mass": [
        3,
        "kg"
    ],
    "119765_failureRate": 0.0001,
    "119766_mass": [
        9.5,
        "kg"
    ],
    "119772_failureRate": 0.0001,
    "119773_mass": [
        9.5,
        "kg"
    ]
}