{
    "249478_mass": [
        41.5,
        "kg"
    ],
    "249479_failureRate": 8.000000213976283e-05,
    "249480_logFailureRate": -4.096910001391967,
    "249486_failureRate": 0.00015,
    "249487_mass": [
        3,
        "kg"
    ],
    "249493_failureRate": 0.0001,
    "249494_mass": [
        6,
        "kg"
    ],
    "249500_failureRate": 0.0001,
    "249501_mass": [
        6,
        "kg"
    ],
    "249508_failureRate": 0.0001,
    "249509_mass": [
        3,
        "kg"
    ],
    "249516_failureRate": 2e-05,
    "249517_mass": [
        10,
        "kg"
    ],
    "249524_failureRate": 2e-05,
    "249525_mass": [
        10,
        "kg"
    ],
    "249531_failureRate": 8e-05,
    "249532_mass": [
        3.5,
        "kg"
    ]
}