{
    "137736_mass": [
        18.5,
        "kg"
    ],
    "137737_failureRate": 8.003749724945508e-05,
    "137738_logFailureRate": -4.096706500092611,
    "137744_failureRate": 0.00015,
    "137745_mass": [
        3,
        "kg"
    ],
    "137751_failureRate": 0.00015,
    "137752_mass": [
        3,
        "kg"
    ],
    "137759_failureRate": 0.0001,
    "137760_mass": [
        3,
        "kg"
    ],
    "137767_failureRate": 0.0001,
    "137768_mass": [
        3,
        "kg"
    ],
    "137775_failureRate": 0.0001,
    "137776_mass": [
        3,
        "kg"
    ],
    "137782_failureRate": 8e-05,
    "137783_mass": [
        3.5,
        "kg"
    ]
}