{
    "248059_mass": [
        24,
        "kg"
    ],
    "248060_failureRate": 4.003049877982001e-05,
    "248061_logFailureRate": -4.397608998554051,
    "248067_failureRate": 0.00015,
    "248068_mass": [
        3,
        "kg"
    ],
    "248074_failureRate": 0.00015,
    "248075_mass": [
        3,
        "kg"
    ],
    "248082_failureRate": 4e-05,
    "248083_mass": [
        5,
        "kg"
    ],
    "248089_failureRate": 8e-05,
    "248090_mass": [
        3.5,
        "kg"
    ],
    "248096_failureRate": 0.0001,
    "248097_mass": [
        9.5,
        "kg"
    ]
}