{
    "116915_mass": [
        49.5,
        "kg"
    ],
    "116916_failureRate": 1.0004874487468755e-08,
    "116917_logFailureRate": -7.999788355277809,
    "116923_failureRate": 0.00015,
    "116924_mass": [
        3,
        "kg"
    ],
    "116930_failureRate": 0.00015,
    "116931_mass": [
        3,
        "kg"
    ],
    "116937_failureRate": 5e-05,
    "116938_mass": [
        9,
        "kg"
    ],
    "116945_failureRate": 0.0001,
    "116946_mass": [
        3,
        "kg"
    ],
    "116953_failureRate": 0.0001,
    "116954_mass": [
        3,
        "kg"
    ],
    "116960_failureRate": 0.0001,
    "116961_mass": [
        9.5,
        "kg"
    ],
    "116967_failureRate": 0.0001,
    "116968_mass": [
        9.5,
        "kg"
    ],
    "116974_failureRate": 0.0001,
    "116975_mass": [
        9.5,
        "kg"
    ]
}