{
    "250326_mass": [
        38.5,
        "kg"
    ],
    "250327_failureRate": 1.501372235754801e-08,
    "250328_logFailureRate": -7.823511619620541,
    "250334_failureRate": 0.00015,
    "250335_mass": [
        3,
        "kg"
    ],
    "250341_failureRate": 0.00015,
    "250342_mass": [
        3,
        "kg"
    ],
    "250348_failureRate": 5e-05,
    "250349_mass": [
        9,
        "kg"
    ],
    "250356_failureRate": 0.0001,
    "250357_mass": [
        3,
        "kg"
    ],
    "250364_failureRate": 0.0001,
    "250365_mass": [
        3,
        "kg"
    ],
    "250372_failureRate": 0.0001,
    "250373_mass": [
        3,
        "kg"
    ],
    "250379_failureRate": 8e-05,
    "250380_mass": [
        3.5,
        "kg"
    ],
    "250386_failureRate": 0.0002,
    "250387_mass": [
        5.5,
        "kg"
    ],
    "250393_failureRate": 0.0002,
    "250394_mass": [
        5.5,
        "kg"
    ]
}