{
    "58992_mass": [
        23,
        "kg"
    ],
    "58993_failureRate": 0.00010001119849603841,
    "58994_logFailureRate": -3.999951368272609,
    "59000_failureRate": 0.0001,
    "59001_mass": [
        6,
        "kg"
    ],
    "59008_failureRate": 4e-05,
    "59009_mass": [
        5,
        "kg"
    ],
    "59016_failureRate": 4e-05,
    "59017_mass": [
        5,
        "kg"
    ],
    "59023_failureRate": 8e-05,
    "59024_mass": [
        3.5,
        "kg"
    ],
    "59030_failureRate": 8e-05,
    "59031_mass": [
        3.5,
        "kg"
    ]
}