{
    "326575_mass": [
        46,
        "kg"
    ],
    "326576_failureRate": 2.2500499725010006e-08,
    "326577_logFailureRate": -7.647807836315115,
    "326583_failureRate": 5e-05,
    "326584_mass": [
        9,
        "kg"
    ],
    "326590_failureRate": 5e-05,
    "326591_mass": [
        9,
        "kg"
    ],
    "326598_failureRate": 0.0001,
    "326599_mass": [
        3,
        "kg"
    ],
    "326606_failureRate": 0.0001,
    "326607_mass": [
        3,
        "kg"
    ],
    "326614_failureRate": 0.0001,
    "326615_mass": [
        3,
        "kg"
    ],
    "326621_failureRate": 0.0001,
    "326622_mass": [
        9.5,
        "kg"
    ],
    "326628_failureRate": 0.0001,
    "326629_mass": [
        9.5,
        "kg"
    ]
}