{
    "269118_mass": [
        25,
        "kg"
    ],
    "269119_failureRate": 5.639429998601202e-08,
    "269120_logFailureRate": -7.248764789806045,
    "269126_failureRate": 0.00015,
    "269127_mass": [
        3,
        "kg"
    ],
    "269133_failureRate": 0.0001,
    "269134_mass": [
        6,
        "kg"
    ],
    "269141_failureRate": 0.0001,
    "269142_mass": [
        3,
        "kg"
    ],
    "269149_failureRate": 0.0001,
    "269150_mass": [
        3,
        "kg"
    ],
    "269157_failureRate": 0.0001,
    "269158_mass": [
        3,
        "kg"
    ],
    "269164_failureRate": 8e-05,
    "269165_mass": [
        3.5,
        "kg"
    ],
    "269171_failureRate": 8e-05,
    "269172_mass": [
        3.5,
        "kg"
    ]
}