{
    "152144_mass": [
        17.5,
        "kg"
    ],
    "152145_failureRate": 0.00034996500100000004,
    "152146_logFailureRate": -3.4559753860285665,
    "152152_failureRate": 5e-05,
    "152153_mass": [
        9,
        "kg"
    ],
    "152160_failureRate": 0.0001,
    "152161_mass": [
        3,
        "kg"
    ],
    "152167_failureRate": 0.0002,
    "152168_mass": [
        5.5,
        "kg"
    ]
}