{
    "267962_mass": [
        22.5,
        "kg"
    ],
    "267963_failureRate": 6.749176217200769e-08,
    "267964_logFailureRate": -7.170749232525551,
    "267970_failureRate": 0.00015,
    "267971_mass": [
        3,
        "kg"
    ],
    "267977_failureRate": 0.00015,
    "267978_mass": [
        3,
        "kg"
    ],
    "267985_failureRate": 0.0001,
    "267986_mass": [
        3,
        "kg"
    ],
    "267993_failureRate": 0.0001,
    "267994_mass": [
        3,
        "kg"
    ],
    "268000_failureRate": 8e-05,
    "268001_mass": [
        3.5,
        "kg"
    ],
    "268007_failureRate": 8e-05,
    "268008_mass": [
        3.5,
        "kg"
    ],
    "268014_failureRate": 8e-05,
    "268015_mass": [
        3.5,
        "kg"
    ]
}