{
    "41187_mass": [
        22.5,
        "kg"
    ],
    "41188_failureRate": 0.00010001799855179842,
    "41189_logFailureRate": -3.9999218403163117,
    "41195_failureRate": 0.0001,
    "41196_mass": [
        6,
        "kg"
    ],
    "41203_failureRate": 0.0001,
    "41204_mass": [
        3,
        "kg"
    ],
    "41211_failureRate": 0.0001,
    "41212_mass": [
        3,
        "kg"
    ],
    "41218_failureRate": 8e-05,
    "41219_mass": [
        3.5,
        "kg"
    ],
    "41225_failureRate": 8e-05,
    "41226_mass": [
        3.5,
        "kg"
    ],
    "41232_failureRate": 8e-05,
    "41233_mass": [
        3.5,
        "kg"
    ]
}