{
    "305991_mass": [
        47.5,
        "kg"
    ],
    "305992_failureRate": 1.0268525859839489e-11,
    "305993_logFailureRate": -10.988491898845673,
    "305999_failureRate": 0.0001,
    "306000_mass": [
        6,
        "kg"
    ],
    "306006_failureRate": 5e-05,
    "306007_mass": [
        9,
        "kg"
    ],
    "306013_failureRate": 5e-05,
    "306014_mass": [
        9,
        "kg"
    ],
    "306021_failureRate": 0.0001,
    "306022_mass": [
        3,
        "kg"
    ],
    "306029_failureRate": 0.0001,
    "306030_mass": [
        3,
        "kg"
    ],
    "306037_failureRate": 4e-05,
    "306038_mass": [
        5,
        "kg"
    ],
    "306044_failureRate": 8e-05,
    "306045_mass": [
        3.5,
        "kg"
    ],
    "306051_failureRate": 8e-05,
    "306052_mass": [
        3.5,
        "kg"
    ],
    "306058_failureRate": 0.0002,
    "306059_mass": [
        5.5,
        "kg"
    ]
}