{
    "322009_mass": [
        45.5,
        "kg"
    ],
    "322010_failureRate": 5.351812405319072e-12,
    "322011_logFailureRate": -11.271499118103208,
    "322017_failureRate": 0.0001,
    "322018_mass": [
        6,
        "kg"
    ],
    "322024_failureRate": 0.0001,
    "322025_mass": [
        6,
        "kg"
    ],
    "322031_failureRate": 0.0001,
    "322032_mass": [
        6,
        "kg"
    ],
    "322039_failureRate": 4e-05,
    "322040_mass": [
        5,
        "kg"
    ],
    "322047_failureRate": 4e-05,
    "322048_mass": [
        5,
        "kg"
    ],
    "322055_failureRate": 4e-05,
    "322056_mass": [
        5,
        "kg"
    ],
    "322062_failureRate": 8e-05,
    "322063_mass": [
        3.5,
        "kg"
    ],
    "322069_failureRate": 8e-05,
    "322070_mass": [
        3.5,
        "kg"
    ],
    "322076_failureRate": 0.0002,
    "322077_mass": [
        5.5,
        "kg"
    ]
}