{
    "22329_mass": [
        31.5,
        "kg"
    ],
    "22330_failureRate": 3.752474215068998e-08,
    "22331_logFailureRate": -7.425682283306338,
    "22337_failureRate": 0.00015,
    "22338_mass": [
        3,
        "kg"
    ],
    "22344_failureRate": 0.00015,
    "22345_mass": [
        3,
        "kg"
    ],
    "22352_failureRate": 0.0001,
    "22353_mass": [
        3,
        "kg"
    ],
    "22360_failureRate": 0.0001,
    "22361_mass": [
        3,
        "kg"
    ],
    "22368_failureRate": 0.0001,
    "22369_mass": [
        3,
        "kg"
    ],
    "22375_failureRate": 0.0002,
    "22376_mass": [
        5.5,
        "kg"
    ],
    "22382_failureRate": 0.0002,
    "22383_mass": [
        5.5,
        "kg"
    ],
    "22389_failureRate": 0.0002,
    "22390_mass": [
        5.5,
        "kg"
    ]
}