{
    "343866_mass": [
        49.5,
        "kg"
    ],
    "343867_failureRate": 3.1600719635200003e-12,
    "343868_logFailureRate": -11.50030302719053,
    "343874_failureRate": 0.0001,
    "343875_mass": [
        6,
        "kg"
    ],
    "343881_failureRate": 0.0001,
    "343882_mass": [
        6,
        "kg"
    ],
    "343888_failureRate": 0.0001,
    "343889_mass": [
        6,
        "kg"
    ],
    "343896_failureRate": 0.0001,
    "343897_mass": [
        3,
        "kg"
    ],
    "343904_failureRate": 4e-05,
    "343905_mass": [
        5,
        "kg"
    ],
    "343912_failureRate": 4e-05,
    "343913_mass": [
        5,
        "kg"
    ],
    "343919_failureRate": 8e-05,
    "343920_mass": [
        3.5,
        "kg"
    ],
    "343926_failureRate": 0.0002,
    "343927_mass": [
        5.5,
        "kg"
    ],
    "343933_failureRate": 0.0001,
    "343934_mass": [
        9.5,
        "kg"
    ]
}