{
    "81056_mass": [
        16,
        "kg"
    ],
    "81057_failureRate": 0.00015002439490021597,
    "81058_logFailureRate": -3.823838116216771,
    "81064_failureRate": 0.00015,
    "81065_mass": [
        3,
        "kg"
    ],
    "81072_failureRate": 0.0001,
    "81073_mass": [
        3,
        "kg"
    ],
    "81080_failureRate": 0.0001,
    "81081_mass": [
        3,
        "kg"
    ],
    "81087_failureRate": 8e-05,
    "81088_mass": [
        3.5,
        "kg"
    ],
    "81094_failureRate": 8e-05,
    "81095_mass": [
        3.5,
        "kg"
    ]
}