{
    "304397_mass": [
        33.5,
        "kg"
    ],
    "304398_failureRate": 0.00010002249974979997,
    "304399_logFailureRate": -3.999902295819363,
    "304405_failureRate": 0.00015,
    "304406_mass": [
        3,
        "kg"
    ],
    "304412_failureRate": 0.00015,
    "304413_mass": [
        3,
        "kg"
    ],
    "304420_failureRate": 0.0001,
    "304421_mass": [
        3,
        "kg"
    ],
    "304427_failureRate": 0.0002,
    "304428_mass": [
        5.5,
        "kg"
    ],
    "304434_failureRate": 0.0001,
    "304435_mass": [
        9.5,
        "kg"
    ],
    "304441_failureRate": 0.0001,
    "304442_mass": [
        9.5,
        "kg"
    ]
}