{
    "115558_mass": [
        64.5,
        "kg"
    ],
    "115559_failureRate": 9.008036000469184e-12,
    "115560_logFailureRate": -11.045369886838436,
    "115566_failureRate": 0.0001,
    "115567_mass": [
        6,
        "kg"
    ],
    "115573_failureRate": 0.0001,
    "115574_mass": [
        6,
        "kg"
    ],
    "115580_failureRate": 0.0001,
    "115581_mass": [
        6,
        "kg"
    ],
    "115588_failureRate": 2e-05,
    "115589_mass": [
        10,
        "kg"
    ],
    "115596_failureRate": 2e-05,
    "115597_mass": [
        10,
        "kg"
    ],
    "115604_failureRate": 2e-05,
    "115605_mass": [
        10,
        "kg"
    ],
    "115611_failureRate": 0.0002,
    "115612_mass": [
        5.5,
        "kg"
    ],
    "115618_failureRate": 0.0002,
    "115619_mass": [
        5.5,
        "kg"
    ],
    "115625_failureRate": 0.0002,
    "115626_mass": [
        5.5,
        "kg"
    ]
}