{
    "79599_mass": [
        46.5,
        "kg"
    ],
    "79600_failureRate": 7.375474788744253e-12,
    "79601_logFailureRate": -11.132210017181032,
    "79607_failureRate": 0.00015,
    "79608_mass": [
        3,
        "kg"
    ],
    "79614_failureRate": 0.00015,
    "79615_mass": [
        3,
        "kg"
    ],
    "79621_failureRate": 0.00015,
    "79622_mass": [
        3,
        "kg"
    ],
    "79629_failureRate": 0.0001,
    "79630_mass": [
        3,
        "kg"
    ],
    "79637_failureRate": 0.0001,
    "79638_mass": [
        3,
        "kg"
    ],
    "79645_failureRate": 0.0001,
    "79646_mass": [
        3,
        "kg"
    ],
    "79652_failureRate": 0.0001,
    "79653_mass": [
        9.5,
        "kg"
    ],
    "79659_failureRate": 0.0001,
    "79660_mass": [
        9.5,
        "kg"
    ],
    "79666_failureRate": 0.0001,
    "79667_mass": [
        9.5,
        "kg"
    ]
}