{
    "212939_mass": [
        41.5,
        "kg"
    ],
    "212940_failureRate": 2.6999534882499997e-08,
    "212941_logFailureRate": -7.568643717311516,
    "212947_failureRate": 0.00015,
    "212948_mass": [
        3,
        "kg"
    ],
    "212954_failureRate": 5e-05,
    "212955_mass": [
        9,
        "kg"
    ],
    "212961_failureRate": 5e-05,
    "212962_mass": [
        9,
        "kg"
    ],
    "212969_failureRate": 0.0001,
    "212970_mass": [
        3,
        "kg"
    ],
    "212977_failureRate": 4e-05,
    "212978_mass": [
        5,
        "kg"
    ],
    "212984_failureRate": 8e-05,
    "212985_mass": [
        3.5,
        "kg"
    ],
    "212991_failureRate": 8e-05,
    "212992_mass": [
        3.5,
        "kg"
    ],
    "212998_failureRate": 0.0002,
    "212999_mass": [
        5.5,
        "kg"
    ]
}