{
    "152633_mass": [
        57.5,
        "kg"
    ],
    "152634_failureRate": 1.7849882882715962e-12,
    "152635_logFailureRate": -11.748364629050783,
    "152641_failureRate": 0.00015,
    "152642_mass": [
        3,
        "kg"
    ],
    "152648_failureRate": 5e-05,
    "152649_mass": [
        9,
        "kg"
    ],
    "152655_failureRate": 5e-05,
    "152656_mass": [
        9,
        "kg"
    ],
    "152663_failureRate": 4e-05,
    "152664_mass": [
        5,
        "kg"
    ],
    "152671_failureRate": 4e-05,
    "152672_mass": [
        5,
        "kg"
    ],
    "152679_failureRate": 2e-05,
    "152680_mass": [
        10,
        "kg"
    ],
    "152686_failureRate": 8e-05,
    "152687_mass": [
        3.5,
        "kg"
    ],
    "152693_failureRate": 8e-05,
    "152694_mass": [
        3.5,
        "kg"
    ],
    "152700_failureRate": 0.0001,
    "152701_mass": [
        9.5,
        "kg"
    ]
}