{
    "175724_mass": [
        36.5,
        "kg"
    ],
    "175725_failureRate": 2.2013372520033757e-08,
    "175726_logFailureRate": -7.65731341702688,
    "175732_failureRate": 0.00015,
    "175733_mass": [
        3,
        "kg"
    ],
    "175739_failureRate": 0.00015,
    "175740_mass": [
        3,
        "kg"
    ],
    "175746_failureRate": 0.00015,
    "175747_mass": [
        3,
        "kg"
    ],
    "175754_failureRate": 0.0001,
    "175755_mass": [
        3,
        "kg"
    ],
    "175762_failureRate": 2e-05,
    "175763_mass": [
        10,
        "kg"
    ],
    "175769_failureRate": 8e-05,
    "175770_mass": [
        3.5,
        "kg"
    ],
    "175776_failureRate": 0.0002,
    "175777_mass": [
        5.5,
        "kg"
    ],
    "175783_failureRate": 0.0002,
    "175784_mass": [
        5.5,
        "kg"
    ]
}