{
    "340664_mass": [
        37.5,
        "kg"
    ],
    "340665_failureRate": 4.0002503099872e-05,
    "340666_logFailureRate": -4.397912832460787,
    "340672_failureRate": 5e-05,
    "340673_mass": [
        9,
        "kg"
    ],
    "340679_failureRate": 5e-05,
    "340680_mass": [
        9,
        "kg"
    ],
    "340687_failureRate": 4e-05,
    "340688_mass": [
        5,
        "kg"
    ],
    "340694_failureRate": 8e-05,
    "340695_mass": [
        3.5,
        "kg"
    ],
    "340701_failureRate": 0.0002,
    "340702_mass": [
        5.5,
        "kg"
    ],
    "340708_failureRate": 0.0002,
    "340709_mass": [
        5.5,
        "kg"
    ]
}