{
    "229512_mass": [
        51.5,
        "kg"
    ],
    "229513_failureRate": 2.00175490275799e-09,
    "229514_logFailureRate": -8.698589099132453,
    "229520_failureRate": 0.00015,
    "229521_mass": [
        3,
        "kg"
    ],
    "229527_failureRate": 5e-05,
    "229528_mass": [
        9,
        "kg"
    ],
    "229534_failureRate": 5e-05,
    "229535_mass": [
        9,
        "kg"
    ],
    "229542_failureRate": 2e-05,
    "229543_mass": [
        10,
        "kg"
    ],
    "229550_failureRate": 2e-05,
    "229551_mass": [
        10,
        "kg"
    ],
    "229557_failureRate": 8e-05,
    "229558_mass": [
        3.5,
        "kg"
    ],
    "229564_failureRate": 8e-05,
    "229565_mass": [
        3.5,
        "kg"
    ],
    "229571_failureRate": 8e-05,
    "229572_mass": [
        3.5,
        "kg"
    ]
}