{
    "58138_mass": [
        14.5,
        "kg"
    ],
    "58139_failureRate": 0.000229991999080048,
    "58140_logFailureRate": -3.638287271877295,
    "58146_failureRate": 0.00015,
    "58147_mass": [
        3,
        "kg"
    ],
    "58154_failureRate": 0.0001,
    "58155_mass": [
        3,
        "kg"
    ],
    "58162_failureRate": 4e-05,
    "58163_mass": [
        5,
        "kg"
    ],
    "58169_failureRate": 8e-05,
    "58170_mass": [
        3.5,
        "kg"
    ]
}