{
    "190976_mass": [
        23.5,
        "kg"
    ],
    "190977_failureRate": 0.000120001799400016,
    "190978_logFailureRate": -3.920812241755386,
    "190984_failureRate": 0.0001,
    "190985_mass": [
        6,
        "kg"
    ],
    "190991_failureRate": 5e-05,
    "190992_mass": [
        9,
        "kg"
    ],
    "190999_failureRate": 4e-05,
    "191000_mass": [
        5,
        "kg"
    ],
    "191006_failureRate": 8e-05,
    "191007_mass": [
        3.5,
        "kg"
    ]
}