{
    "359948_mass": [
        44.5,
        "kg"
    ],
    "359949_failureRate": 1.9753854078540642e-11,
    "359950_logFailureRate": -10.704348158683171,
    "359956_failureRate": 0.00015,
    "359957_mass": [
        3,
        "kg"
    ],
    "359963_failureRate": 0.00015,
    "359964_mass": [
        3,
        "kg"
    ],
    "359970_failureRate": 5e-05,
    "359971_mass": [
        9,
        "kg"
    ],
    "359978_failureRate": 0.0001,
    "359979_mass": [
        3,
        "kg"
    ],
    "359986_failureRate": 4e-05,
    "359987_mass": [
        5,
        "kg"
    ],
    "359994_failureRate": 4e-05,
    "359995_mass": [
        5,
        "kg"
    ],
    "360001_failureRate": 0.0002,
    "360002_mass": [
        5.5,
        "kg"
    ],
    "360008_failureRate": 0.0002,
    "360009_mass": [
        5.5,
        "kg"
    ],
    "360015_failureRate": 0.0002,
    "360016_mass": [
        5.5,
        "kg"
    ]
}