{
    "191898_mass": [
        26,
        "kg"
    ],
    "191899_failureRate": 0.00010002399640008801,
    "191900_logFailureRate": -3.9998957974604914,
    "191906_failureRate": 0.0001,
    "191907_mass": [
        6,
        "kg"
    ],
    "191914_failureRate": 0.0001,
    "191915_mass": [
        3,
        "kg"
    ],
    "191922_failureRate": 0.0001,
    "191923_mass": [
        3,
        "kg"
    ],
    "191930_failureRate": 4e-05,
    "191931_mass": [
        5,
        "kg"
    ],
    "191937_failureRate": 8e-05,
    "191938_mass": [
        3.5,
        "kg"
    ],
    "191944_failureRate": 0.0002,
    "191945_mass": [
        5.5,
        "kg"
    ]
}