{
    "81634_mass": [
        33.5,
        "kg"
    ],
    "81635_failureRate": 2.00000065748685e-05,
    "81636_logFailureRate": -4.698969861564587,
    "81642_failureRate": 0.00015,
    "81643_mass": [
        3,
        "kg"
    ],
    "81649_failureRate": 0.00015,
    "81650_mass": [
        3,
        "kg"
    ],
    "81656_failureRate": 0.00015,
    "81657_mass": [
        3,
        "kg"
    ],
    "81664_failureRate": 2e-05,
    "81665_mass": [
        10,
        "kg"
    ],
    "81671_failureRate": 8e-05,
    "81672_mass": [
        3.5,
        "kg"
    ],
    "81678_failureRate": 0.0002,
    "81679_mass": [
        5.5,
        "kg"
    ],
    "81685_failureRate": 0.0002,
    "81686_mass": [
        5.5,
        "kg"
    ]
}