{
    "40452_mass": [
        27,
        "kg"
    ],
    "40453_failureRate": 0.00010003499649970004,
    "40454_logFailureRate": -3.999848038721957,
    "40460_failureRate": 0.00015,
    "40461_mass": [
        3,
        "kg"
    ],
    "40467_failureRate": 0.0001,
    "40468_mass": [
        6,
        "kg"
    ],
    "40475_failureRate": 0.0001,
    "40476_mass": [
        3,
        "kg"
    ],
    "40482_failureRate": 0.0002,
    "40483_mass": [
        5.5,
        "kg"
    ],
    "40489_failureRate": 0.0001,
    "40490_mass": [
        9.5,
        "kg"
    ]
}