{
    "325669_mass": [
        25,
        "kg"
    ],
    "325670_failureRate": 5.639529965604701e-08,
    "325671_logFailureRate": -7.248757091380281,
    "325677_failureRate": 0.00015,
    "325678_mass": [
        3,
        "kg"
    ],
    "325684_failureRate": 0.0001,
    "325685_mass": [
        6,
        "kg"
    ],
    "325692_failureRate": 0.0001,
    "325693_mass": [
        3,
        "kg"
    ],
    "325700_failureRate": 0.0001,
    "325701_mass": [
        3,
        "kg"
    ],
    "325708_failureRate": 0.0001,
    "325709_mass": [
        3,
        "kg"
    ],
    "325715_failureRate": 8e-05,
    "325716_mass": [
        3.5,
        "kg"
    ],
    "325722_failureRate": 8e-05,
    "325723_mass": [
        3.5,
        "kg"
    ]
}