{
    "42132_mass": [
        24,
        "kg"
    ],
    "42133_failureRate": 0.00017003699320012,
    "42134_logFailureRate": -3.7694565833575946,
    "42140_failureRate": 0.00015,
    "42141_mass": [
        3,
        "kg"
    ],
    "42148_failureRate": 2e-05,
    "42149_mass": [
        10,
        "kg"
    ],
    "42155_failureRate": 0.0002,
    "42156_mass": [
        5.5,
        "kg"
    ],
    "42162_failureRate": 0.0002,
    "42163_mass": [
        5.5,
        "kg"
    ]
}