{
    "116078_mass": [
        27,
        "kg"
    ],
    "116079_failureRate": 4.0006400868955e-05,
    "116080_logFailureRate": -4.39787051768026,
    "116086_failureRate": 0.00015,
    "116087_mass": [
        3,
        "kg"
    ],
    "116093_failureRate": 0.00015,
    "116094_mass": [
        3,
        "kg"
    ],
    "116100_failureRate": 5e-05,
    "116101_mass": [
        9,
        "kg"
    ],
    "116108_failureRate": 4e-05,
    "116109_mass": [
        5,
        "kg"
    ],
    "116115_failureRate": 8e-05,
    "116116_mass": [
        3.5,
        "kg"
    ],
    "116122_failureRate": 8e-05,
    "116123_mass": [
        3.5,
        "kg"
    ]
}