{
    "190473_mass": [
        28,
        "kg"
    ],
    "190474_failureRate": 5.939218529349941e-08,
    "190475_logFailureRate": -7.226270694870345,
    "190481_failureRate": 0.00015,
    "190482_mass": [
        3,
        "kg"
    ],
    "190488_failureRate": 0.00015,
    "190489_mass": [
        3,
        "kg"
    ],
    "190495_failureRate": 5e-05,
    "190496_mass": [
        9,
        "kg"
    ],
    "190503_failureRate": 0.0001,
    "190504_mass": [
        3,
        "kg"
    ],
    "190511_failureRate": 0.0001,
    "190512_mass": [
        3,
        "kg"
    ],
    "190518_failureRate": 8e-05,
    "190519_mass": [
        3.5,
        "kg"
    ],
    "190525_failureRate": 8e-05,
    "190526_mass": [
        3.5,
        "kg"
    ]
}