{
    "40789_mass": [
        38,
        "kg"
    ],
    "40790_failureRate": 0.000150024395860072,
    "40791_logFailureRate": -3.823838113438155,
    "40797_failureRate": 0.00015,
    "40798_mass": [
        3,
        "kg"
    ],
    "40805_failureRate": 2e-05,
    "40806_mass": [
        10,
        "kg"
    ],
    "40813_failureRate": 2e-05,
    "40814_mass": [
        10,
        "kg"
    ],
    "40820_failureRate": 0.0002,
    "40821_mass": [
        5.5,
        "kg"
    ],
    "40827_failureRate": 0.0001,
    "40828_mass": [
        9.5,
        "kg"
    ]
}