{
    "152522_mass": [
        53,
        "kg"
    ],
    "152523_failureRate": 1.0008798160125999e-08,
    "152524_logFailureRate": -7.999618068750626,
    "152530_failureRate": 0.0001,
    "152531_mass": [
        6,
        "kg"
    ],
    "152537_failureRate": 0.0001,
    "152538_mass": [
        6,
        "kg"
    ],
    "152544_failureRate": 0.0001,
    "152545_mass": [
        6,
        "kg"
    ],
    "152552_failureRate": 0.0001,
    "152553_mass": [
        3,
        "kg"
    ],
    "152560_failureRate": 0.0001,
    "152561_mass": [
        3,
        "kg"
    ],
    "152568_failureRate": 2e-05,
    "152569_mass": [
        10,
        "kg"
    ],
    "152575_failureRate": 0.0001,
    "152576_mass": [
        9.5,
        "kg"
    ],
    "152582_failureRate": 0.0001,
    "152583_mass": [
        9.5,
        "kg"
    ]
}