{
    "154204_mass": [
        55,
        "kg"
    ],
    "154205_failureRate": 1.48002199559954e-08,
    "154206_logFailureRate": -7.829731830215501,
    "154212_failureRate": 0.0001,
    "154213_mass": [
        6,
        "kg"
    ],
    "154219_failureRate": 0.0001,
    "154220_mass": [
        6,
        "kg"
    ],
    "154226_failureRate": 5e-05,
    "154227_mass": [
        9,
        "kg"
    ],
    "154234_failureRate": 4e-05,
    "154235_mass": [
        5,
        "kg"
    ],
    "154242_failureRate": 2e-05,
    "154243_mass": [
        10,
        "kg"
    ],
    "154249_failureRate": 0.0001,
    "154250_mass": [
        9.5,
        "kg"
    ],
    "154256_failureRate": 0.0001,
    "154257_mass": [
        9.5,
        "kg"
    ]
}