{
    "247098_mass": [
        44.5,
        "kg"
    ],
    "247099_failureRate": 0.00011999800099988001,
    "247100_logFailureRate": -3.920825988635313,
    "247106_failureRate": 0.0001,
    "247107_mass": [
        6,
        "kg"
    ],
    "247114_failureRate": 2e-05,
    "247115_mass": [
        10,
        "kg"
    ],
    "247121_failureRate": 0.0001,
    "247122_mass": [
        9.5,
        "kg"
    ],
    "247128_failureRate": 0.0001,
    "247129_mass": [
        9.5,
        "kg"
    ],
    "247135_failureRate": 0.0001,
    "247136_mass": [
        9.5,
        "kg"
    ]
}