{
    "283840_mass": [
        58.5,
        "kg"
    ],
    "283841_failureRate": 8.459267930610368e-12,
    "283842_logFailureRate": -11.072667219402225,
    "283848_failureRate": 0.00015,
    "283849_mass": [
        3,
        "kg"
    ],
    "283855_failureRate": 0.00015,
    "283856_mass": [
        3,
        "kg"
    ],
    "283862_failureRate": 0.0001,
    "283863_mass": [
        6,
        "kg"
    ],
    "283870_failureRate": 0.0001,
    "283871_mass": [
        3,
        "kg"
    ],
    "283878_failureRate": 4e-05,
    "283879_mass": [
        5,
        "kg"
    ],
    "283886_failureRate": 2e-05,
    "283887_mass": [
        10,
        "kg"
    ],
    "283893_failureRate": 0.0001,
    "283894_mass": [
        9.5,
        "kg"
    ],
    "283900_failureRate": 0.0001,
    "283901_mass": [
        9.5,
        "kg"
    ],
    "283907_failureRate": 0.0001,
    "283908_mass": [
        9.5,
        "kg"
    ]
}