{
    "304710_mass": [
        58.5,
        "kg"
    ],
    "304711_failureRate": 1.824622913252239e-11,
    "304712_logFailureRate": -10.738826875654112,
    "304718_failureRate": 0.00015,
    "304719_mass": [
        3,
        "kg"
    ],
    "304725_failureRate": 0.00015,
    "304726_mass": [
        3,
        "kg"
    ],
    "304732_failureRate": 0.0001,
    "304733_mass": [
        6,
        "kg"
    ],
    "304740_failureRate": 2e-05,
    "304741_mass": [
        10,
        "kg"
    ],
    "304748_failureRate": 2e-05,
    "304749_mass": [
        10,
        "kg"
    ],
    "304756_failureRate": 2e-05,
    "304757_mass": [
        10,
        "kg"
    ],
    "304763_failureRate": 0.0002,
    "304764_mass": [
        5.5,
        "kg"
    ],
    "304770_failureRate": 0.0002,
    "304771_mass": [
        5.5,
        "kg"
    ],
    "304777_failureRate": 0.0002,
    "304778_mass": [
        5.5,
        "kg"
    ]
}