{
    "81445_mass": [
        31.5,
        "kg"
    ],
    "81446_failureRate": 0.00012000799880002,
    "81447_logFailureRate": -3.920789806294554,
    "81453_failureRate": 0.0001,
    "81454_mass": [
        6,
        "kg"
    ],
    "81460_failureRate": 0.0001,
    "81461_mass": [
        6,
        "kg"
    ],
    "81468_failureRate": 2e-05,
    "81469_mass": [
        10,
        "kg"
    ],
    "81475_failureRate": 0.0001,
    "81476_mass": [
        9.5,
        "kg"
    ]
}