{
    "137621_mass": [
        35.5,
        "kg"
    ],
    "137622_failureRate": 8.007649674839512e-09,
    "137623_logFailureRate": -8.096494934980797,
    "137629_failureRate": 0.00015,
    "137630_mass": [
        3,
        "kg"
    ],
    "137636_failureRate": 0.00015,
    "137637_mass": [
        3,
        "kg"
    ],
    "137643_failureRate": 0.0001,
    "137644_mass": [
        6,
        "kg"
    ],
    "137651_failureRate": 0.0001,
    "137652_mass": [
        3,
        "kg"
    ],
    "137659_failureRate": 0.0001,
    "137660_mass": [
        3,
        "kg"
    ],
    "137667_failureRate": 0.0001,
    "137668_mass": [
        3,
        "kg"
    ],
    "137674_failureRate": 8e-05,
    "137675_mass": [
        3.5,
        "kg"
    ],
    "137681_failureRate": 0.0002,
    "137682_mass": [
        5.5,
        "kg"
    ],
    "137688_failureRate": 0.0002,
    "137689_mass": [
        5.5,
        "kg"
    ]
}