{
    "156964_mass": [
        34.5,
        "kg"
    ],
    "156965_failureRate": 1.0764192394757935e-11,
    "156966_logFailureRate": -10.968018548437549,
    "156972_failureRate": 0.00015,
    "156973_mass": [
        3,
        "kg"
    ],
    "156979_failureRate": 0.00015,
    "156980_mass": [
        3,
        "kg"
    ],
    "156986_failureRate": 0.00015,
    "156987_mass": [
        3,
        "kg"
    ],
    "156994_failureRate": 0.0001,
    "156995_mass": [
        3,
        "kg"
    ],
    "157002_failureRate": 0.0001,
    "157003_mass": [
        3,
        "kg"
    ],
    "157010_failureRate": 0.0001,
    "157011_mass": [
        3,
        "kg"
    ],
    "157017_failureRate": 8e-05,
    "157018_mass": [
        3.5,
        "kg"
    ],
    "157024_failureRate": 8e-05,
    "157025_mass": [
        3.5,
        "kg"
    ],
    "157031_failureRate": 0.0001,
    "157032_mass": [
        9.5,
        "kg"
    ]
}