{
    "227645_mass": [
        37,
        "kg"
    ],
    "227646_failureRate": 6.998900059999001e-08,
    "227647_logFailureRate": -7.154970207901193,
    "227653_failureRate": 0.0001,
    "227654_mass": [
        6,
        "kg"
    ],
    "227660_failureRate": 0.0001,
    "227661_mass": [
        6,
        "kg"
    ],
    "227668_failureRate": 0.0001,
    "227669_mass": [
        3,
        "kg"
    ],
    "227676_failureRate": 0.0001,
    "227677_mass": [
        3,
        "kg"
    ],
    "227683_failureRate": 0.0001,
    "227684_mass": [
        9.5,
        "kg"
    ],
    "227690_failureRate": 0.0001,
    "227691_mass": [
        9.5,
        "kg"
    ]
}