{
    "118103_mass": [
        34.5,
        "kg"
    ],
    "118104_failureRate": 9.99984003749625e-05,
    "118105_logFailureRate": -4.000006947138833,
    "118111_failureRate": 0.00015,
    "118112_mass": [
        3,
        "kg"
    ],
    "118118_failureRate": 5e-05,
    "118119_mass": [
        9,
        "kg"
    ],
    "118125_failureRate": 5e-05,
    "118126_mass": [
        9,
        "kg"
    ],
    "118133_failureRate": 2e-05,
    "118134_mass": [
        10,
        "kg"
    ],
    "118140_failureRate": 8e-05,
    "118141_mass": [
        3.5,
        "kg"
    ]
}