{
    "98416_mass": [
        40.5,
        "kg"
    ],
    "98417_failureRate": 2.6122349318883992e-11,
    "98418_logFailureRate": -10.582987767276524,
    "98424_failureRate": 0.00015,
    "98425_mass": [
        3,
        "kg"
    ],
    "98431_failureRate": 0.00015,
    "98432_mass": [
        3,
        "kg"
    ],
    "98438_failureRate": 5e-05,
    "98439_mass": [
        9,
        "kg"
    ],
    "98446_failureRate": 0.0001,
    "98447_mass": [
        3,
        "kg"
    ],
    "98454_failureRate": 0.0001,
    "98455_mass": [
        3,
        "kg"
    ],
    "98462_failureRate": 0.0001,
    "98463_mass": [
        3,
        "kg"
    ],
    "98469_failureRate": 0.0002,
    "98470_mass": [
        5.5,
        "kg"
    ],
    "98476_failureRate": 0.0002,
    "98477_mass": [
        5.5,
        "kg"
    ],
    "98483_failureRate": 0.0002,
    "98484_mass": [
        5.5,
        "kg"
    ]
}