{
    "340083_mass": [
        40.5,
        "kg"
    ],
    "340084_failureRate": 1.55223576309988e-11,
    "340085_logFailureRate": -10.809042314754981,
    "340091_failureRate": 0.00015,
    "340092_mass": [
        3,
        "kg"
    ],
    "340098_failureRate": 0.00015,
    "340099_mass": [
        3,
        "kg"
    ],
    "340105_failureRate": 0.00015,
    "340106_mass": [
        3,
        "kg"
    ],
    "340113_failureRate": 0.0001,
    "340114_mass": [
        3,
        "kg"
    ],
    "340121_failureRate": 0.0001,
    "340122_mass": [
        3,
        "kg"
    ],
    "340129_failureRate": 0.0001,
    "340130_mass": [
        3,
        "kg"
    ],
    "340136_failureRate": 8e-05,
    "340137_mass": [
        3.5,
        "kg"
    ],
    "340143_failureRate": 0.0001,
    "340144_mass": [
        9.5,
        "kg"
    ],
    "340150_failureRate": 0.0001,
    "340151_mass": [
        9.5,
        "kg"
    ]
}