{
    "153970_mass": [
        48.5,
        "kg"
    ],
    "153971_failureRate": 2.217114023874265e-11,
    "153972_logFailureRate": -10.654211970996474,
    "153978_failureRate": 0.00015,
    "153979_mass": [
        3,
        "kg"
    ],
    "153985_failureRate": 5e-05,
    "153986_mass": [
        9,
        "kg"
    ],
    "153992_failureRate": 5e-05,
    "153993_mass": [
        9,
        "kg"
    ],
    "154000_failureRate": 0.0001,
    "154001_mass": [
        3,
        "kg"
    ],
    "154008_failureRate": 0.0001,
    "154009_mass": [
        3,
        "kg"
    ],
    "154016_failureRate": 4e-05,
    "154017_mass": [
        5,
        "kg"
    ],
    "154023_failureRate": 0.0002,
    "154024_mass": [
        5.5,
        "kg"
    ],
    "154030_failureRate": 0.0002,
    "154031_mass": [
        5.5,
        "kg"
    ],
    "154037_failureRate": 0.0002,
    "154038_mass": [
        5.5,
        "kg"
    ]
}