{
    "248464_mass": [
        30,
        "kg"
    ],
    "248465_failureRate": 0.000150008398580024,
    "248466_logFailureRate": -3.8238844252453017,
    "248472_failureRate": 0.00015,
    "248473_mass": [
        3,
        "kg"
    ],
    "248480_failureRate": 2e-05,
    "248481_mass": [
        10,
        "kg"
    ],
    "248488_failureRate": 2e-05,
    "248489_mass": [
        10,
        "kg"
    ],
    "248495_failureRate": 8e-05,
    "248496_mass": [
        3.5,
        "kg"
    ],
    "248502_failureRate": 8e-05,
    "248503_mass": [
        3.5,
        "kg"
    ]
}