{
    "175952_mass": [
        61.5,
        "kg"
    ],
    "175953_failureRate": 1.7701338973906243e-11,
    "175954_logFailureRate": -10.751993881266163,
    "175960_failureRate": 0.00015,
    "175961_mass": [
        3,
        "kg"
    ],
    "175967_failureRate": 0.00015,
    "175968_mass": [
        3,
        "kg"
    ],
    "175974_failureRate": 5e-05,
    "175975_mass": [
        9,
        "kg"
    ],
    "175982_failureRate": 2e-05,
    "175983_mass": [
        10,
        "kg"
    ],
    "175990_failureRate": 2e-05,
    "175991_mass": [
        10,
        "kg"
    ],
    "175998_failureRate": 2e-05,
    "175999_mass": [
        10,
        "kg"
    ],
    "176005_failureRate": 0.0002,
    "176006_mass": [
        5.5,
        "kg"
    ],
    "176012_failureRate": 0.0002,
    "176013_mass": [
        5.5,
        "kg"
    ],
    "176019_failureRate": 0.0002,
    "176020_mass": [
        5.5,
        "kg"
    ]
}