{
    "40160_mass": [
        40.5,
        "kg"
    ],
    "40161_failureRate": 8.139333943206158e-12,
    "40162_logFailureRate": -11.089411132779768,
    "40168_failureRate": 0.00015,
    "40169_mass": [
        3,
        "kg"
    ],
    "40175_failureRate": 0.0001,
    "40176_mass": [
        6,
        "kg"
    ],
    "40182_failureRate": 0.0001,
    "40183_mass": [
        6,
        "kg"
    ],
    "40190_failureRate": 0.0001,
    "40191_mass": [
        3,
        "kg"
    ],
    "40198_failureRate": 0.0001,
    "40199_mass": [
        3,
        "kg"
    ],
    "40206_failureRate": 0.0001,
    "40207_mass": [
        3,
        "kg"
    ],
    "40213_failureRate": 8e-05,
    "40214_mass": [
        3.5,
        "kg"
    ],
    "40220_failureRate": 8e-05,
    "40221_mass": [
        3.5,
        "kg"
    ],
    "40227_failureRate": 0.0001,
    "40228_mass": [
        9.5,
        "kg"
    ]
}