{
    "287450_mass": [
        46,
        "kg"
    ],
    "287451_failureRate": 2.1402246645306407e-08,
    "287452_logFailureRate": -7.669540635321534,
    "287458_failureRate": 0.00015,
    "287459_mass": [
        3,
        "kg"
    ],
    "287465_failureRate": 0.00015,
    "287466_mass": [
        3,
        "kg"
    ],
    "287472_failureRate": 0.00015,
    "287473_mass": [
        3,
        "kg"
    ],
    "287480_failureRate": 2e-05,
    "287481_mass": [
        10,
        "kg"
    ],
    "287488_failureRate": 2e-05,
    "287489_mass": [
        10,
        "kg"
    ],
    "287496_failureRate": 2e-05,
    "287497_mass": [
        10,
        "kg"
    ],
    "287503_failureRate": 8e-05,
    "287504_mass": [
        3.5,
        "kg"
    ],
    "287510_failureRate": 8e-05,
    "287511_mass": [
        3.5,
        "kg"
    ]
}