{
    "78065_mass": [
        30.5,
        "kg"
    ],
    "78066_failureRate": 7.0954367727586605e-12,
    "78067_logFailureRate": -11.14902086558205,
    "78073_failureRate": 0.00015,
    "78074_mass": [
        3,
        "kg"
    ],
    "78080_failureRate": 0.00015,
    "78081_mass": [
        3,
        "kg"
    ],
    "78087_failureRate": 0.00015,
    "78088_mass": [
        3,
        "kg"
    ],
    "78095_failureRate": 0.0001,
    "78096_mass": [
        3,
        "kg"
    ],
    "78103_failureRate": 0.0001,
    "78104_mass": [
        3,
        "kg"
    ],
    "78111_failureRate": 0.0001,
    "78112_mass": [
        3,
        "kg"
    ],
    "78118_failureRate": 8e-05,
    "78119_mass": [
        3.5,
        "kg"
    ],
    "78125_failureRate": 8e-05,
    "78126_mass": [
        3.5,
        "kg"
    ],
    "78132_failureRate": 0.0002,
    "78133_mass": [
        5.5,
        "kg"
    ]
}