{
    "250730_mass": [
        34,
        "kg"
    ],
    "250731_failureRate": 4.7499749125052495e-08,
    "250732_logFailureRate": -7.3233086841413035,
    "250738_failureRate": 0.00015,
    "250739_mass": [
        3,
        "kg"
    ],
    "250745_failureRate": 0.00015,
    "250746_mass": [
        3,
        "kg"
    ],
    "250753_failureRate": 0.0001,
    "250754_mass": [
        3,
        "kg"
    ],
    "250761_failureRate": 0.0001,
    "250762_mass": [
        3,
        "kg"
    ],
    "250769_failureRate": 0.0001,
    "250770_mass": [
        3,
        "kg"
    ],
    "250776_failureRate": 0.0001,
    "250777_mass": [
        9.5,
        "kg"
    ],
    "250783_failureRate": 0.0001,
    "250784_mass": [
        9.5,
        "kg"
    ]
}