{
    "42041_mass": [
        57.5,
        "kg"
    ],
    "42042_failureRate": 5.0000401379882004e-05,
    "42043_logFailureRate": -4.301026509336617,
    "42049_failureRate": 5e-05,
    "42050_mass": [
        9,
        "kg"
    ],
    "42057_failureRate": 2e-05,
    "42058_mass": [
        10,
        "kg"
    ],
    "42065_failureRate": 2e-05,
    "42066_mass": [
        10,
        "kg"
    ],
    "42072_failureRate": 0.0001,
    "42073_mass": [
        9.5,
        "kg"
    ],
    "42079_failureRate": 0.0001,
    "42080_mass": [
        9.5,
        "kg"
    ],
    "42086_failureRate": 0.0001,
    "42087_mass": [
        9.5,
        "kg"
    ]
}