{
    "305052_mass": [
        21,
        "kg"
    ],
    "305053_failureRate": 4.0021399143904006e-05,
    "305054_logFailureRate": -4.397707732545004,
    "305060_failureRate": 0.00015,
    "305061_mass": [
        3,
        "kg"
    ],
    "305067_failureRate": 0.0001,
    "305068_mass": [
        6,
        "kg"
    ],
    "305075_failureRate": 4e-05,
    "305076_mass": [
        5,
        "kg"
    ],
    "305082_failureRate": 8e-05,
    "305083_mass": [
        3.5,
        "kg"
    ],
    "305089_failureRate": 8e-05,
    "305090_mass": [
        3.5,
        "kg"
    ]
}