{
    "42208_mass": [
        16,
        "kg"
    ],
    "42209_failureRate": 0.00019999639872006402,
    "42210_logFailureRate": -3.6989778244864455,
    "42216_failureRate": 0.0001,
    "42217_mass": [
        6,
        "kg"
    ],
    "42224_failureRate": 0.0001,
    "42225_mass": [
        3,
        "kg"
    ],
    "42231_failureRate": 8e-05,
    "42232_mass": [
        3.5,
        "kg"
    ],
    "42238_failureRate": 8e-05,
    "42239_mass": [
        3.5,
        "kg"
    ]
}