{
    "286246_mass": [
        26.5,
        "kg"
    ],
    "286247_failureRate": 4.00000046548138e-05,
    "286248_logFailureRate": -4.397939958133041,
    "286254_failureRate": 0.00015,
    "286255_mass": [
        3,
        "kg"
    ],
    "286261_failureRate": 0.00015,
    "286262_mass": [
        3,
        "kg"
    ],
    "286268_failureRate": 0.00015,
    "286269_mass": [
        3,
        "kg"
    ],
    "286276_failureRate": 4e-05,
    "286277_mass": [
        5,
        "kg"
    ],
    "286283_failureRate": 8e-05,
    "286284_mass": [
        3.5,
        "kg"
    ],
    "286290_failureRate": 8e-05,
    "286291_mass": [
        3.5,
        "kg"
    ],
    "286297_failureRate": 0.0002,
    "286298_mass": [
        5.5,
        "kg"
    ]
}