{
    "304282_mass": [
        60.5,
        "kg"
    ],
    "304283_failureRate": 2.968079163632928e-12,
    "304284_logFailureRate": -11.527524519878707,
    "304290_failureRate": 0.0001,
    "304291_mass": [
        6,
        "kg"
    ],
    "304297_failureRate": 0.0001,
    "304298_mass": [
        6,
        "kg"
    ],
    "304304_failureRate": 0.0001,
    "304305_mass": [
        6,
        "kg"
    ],
    "304312_failureRate": 2e-05,
    "304313_mass": [
        10,
        "kg"
    ],
    "304320_failureRate": 2e-05,
    "304321_mass": [
        10,
        "kg"
    ],
    "304328_failureRate": 2e-05,
    "304329_mass": [
        10,
        "kg"
    ],
    "304335_failureRate": 8e-05,
    "304336_mass": [
        3.5,
        "kg"
    ],
    "304342_failureRate": 8e-05,
    "304343_mass": [
        3.5,
        "kg"
    ],
    "304349_failureRate": 0.0002,
    "304350_mass": [
        5.5,
        "kg"
    ]
}