{
    "40276_mass": [
        40,
        "kg"
    ],
    "40277_failureRate": 5.7494499800035e-08,
    "40278_logFailureRate": -7.240373700019032,
    "40284_failureRate": 0.00015,
    "40285_mass": [
        3,
        "kg"
    ],
    "40291_failureRate": 5e-05,
    "40292_mass": [
        9,
        "kg"
    ],
    "40299_failureRate": 0.0001,
    "40300_mass": [
        3,
        "kg"
    ],
    "40307_failureRate": 0.0001,
    "40308_mass": [
        3,
        "kg"
    ],
    "40315_failureRate": 0.0001,
    "40316_mass": [
        3,
        "kg"
    ],
    "40322_failureRate": 0.0001,
    "40323_mass": [
        9.5,
        "kg"
    ],
    "40329_failureRate": 0.0001,
    "40330_mass": [
        9.5,
        "kg"
    ]
}