{
    "250949_mass": [
        33.5,
        "kg"
    ],
    "250950_failureRate": 4.00100002399744e-05,
    "250951_logFailureRate": -4.397831446016165,
    "250957_failureRate": 0.0001,
    "250958_mass": [
        6,
        "kg"
    ],
    "250964_failureRate": 0.0001,
    "250965_mass": [
        6,
        "kg"
    ],
    "250972_failureRate": 4e-05,
    "250973_mass": [
        5,
        "kg"
    ],
    "250979_failureRate": 8e-05,
    "250980_mass": [
        3.5,
        "kg"
    ],
    "250986_failureRate": 8e-05,
    "250987_mass": [
        3.5,
        "kg"
    ],
    "250993_failureRate": 0.0001,
    "250994_mass": [
        9.5,
        "kg"
    ]
}