{
    "59153_mass": [
        22,
        "kg"
    ],
    "59154_failureRate": 4.006249749910004e-05,
    "59155_logFailureRate": -4.397261980247924,
    "59161_failureRate": 0.00015,
    "59162_mass": [
        3,
        "kg"
    ],
    "59168_failureRate": 0.00015,
    "59169_mass": [
        3,
        "kg"
    ],
    "59176_failureRate": 4e-05,
    "59177_mass": [
        5,
        "kg"
    ],
    "59183_failureRate": 0.0002,
    "59184_mass": [
        5.5,
        "kg"
    ],
    "59190_failureRate": 0.0002,
    "59191_mass": [
        5.5,
        "kg"
    ]
}