{
    "288102_mass": [
        53.5,
        "kg"
    ],
    "288103_failureRate": 9.518584834405521e-12,
    "288104_logFailureRate": -11.021427615091765,
    "288110_failureRate": 0.0001,
    "288111_mass": [
        6,
        "kg"
    ],
    "288117_failureRate": 0.0001,
    "288118_mass": [
        6,
        "kg"
    ],
    "288124_failureRate": 0.0001,
    "288125_mass": [
        6,
        "kg"
    ],
    "288132_failureRate": 0.0001,
    "288133_mass": [
        3,
        "kg"
    ],
    "288140_failureRate": 4e-05,
    "288141_mass": [
        5,
        "kg"
    ],
    "288148_failureRate": 4e-05,
    "288149_mass": [
        5,
        "kg"
    ],
    "288155_failureRate": 8e-05,
    "288156_mass": [
        3.5,
        "kg"
    ],
    "288162_failureRate": 0.0001,
    "288163_mass": [
        9.5,
        "kg"
    ],
    "288169_failureRate": 0.0001,
    "288170_mass": [
        9.5,
        "kg"
    ]
}