{
    "40876_mass": [
        43.5,
        "kg"
    ],
    "40877_failureRate": 2.9300099913582956e-08,
    "40878_logFailureRate": -7.533130898695592,
    "40884_failureRate": 0.00015,
    "40885_mass": [
        3,
        "kg"
    ],
    "40891_failureRate": 0.00015,
    "40892_mass": [
        3,
        "kg"
    ],
    "40899_failureRate": 4e-05,
    "40900_mass": [
        5,
        "kg"
    ],
    "40907_failureRate": 2e-05,
    "40908_mass": [
        10,
        "kg"
    ],
    "40914_failureRate": 8e-05,
    "40915_mass": [
        3.5,
        "kg"
    ],
    "40921_failureRate": 0.0001,
    "40922_mass": [
        9.5,
        "kg"
    ],
    "40928_failureRate": 0.0001,
    "40929_mass": [
        9.5,
        "kg"
    ]
}