{
    "133964_mass": [
        35.5,
        "kg"
    ],
    "133965_failureRate": 2.00000040149197e-05,
    "133966_logFailureRate": -4.698969917153154,
    "133972_failureRate": 0.00015,
    "133973_mass": [
        3,
        "kg"
    ],
    "133979_failureRate": 0.00015,
    "133980_mass": [
        3,
        "kg"
    ],
    "133986_failureRate": 0.00015,
    "133987_mass": [
        3,
        "kg"
    ],
    "133994_failureRate": 2e-05,
    "133995_mass": [
        10,
        "kg"
    ],
    "134001_failureRate": 8e-05,
    "134002_mass": [
        3.5,
        "kg"
    ],
    "134008_failureRate": 8e-05,
    "134009_mass": [
        3.5,
        "kg"
    ],
    "134015_failureRate": 0.0001,
    "134016_mass": [
        9.5,
        "kg"
    ]
}