{
    "231022_mass": [
        24.5,
        "kg"
    ],
    "231023_failureRate": 0.00017999200099982004,
    "231024_logFailureRate": -3.744746794890193,
    "231030_failureRate": 0.0001,
    "231031_mass": [
        6,
        "kg"
    ],
    "231037_failureRate": 0.0001,
    "231038_mass": [
        6,
        "kg"
    ],
    "231044_failureRate": 0.0001,
    "231045_mass": [
        6,
        "kg"
    ],
    "231052_failureRate": 0.0001,
    "231053_mass": [
        3,
        "kg"
    ],
    "231059_failureRate": 8e-05,
    "231060_mass": [
        3.5,
        "kg"
    ]
}