{
    "325137_mass": [
        37.5,
        "kg"
    ],
    "325138_failureRate": 0.00020000000312126882,
    "325139_logFailureRate": -3.6989699975582697,
    "325145_failureRate": 0.00015,
    "325146_mass": [
        3,
        "kg"
    ],
    "325152_failureRate": 0.00015,
    "325153_mass": [
        3,
        "kg"
    ],
    "325159_failureRate": 0.0001,
    "325160_mass": [
        6,
        "kg"
    ],
    "325167_failureRate": 4e-05,
    "325168_mass": [
        5,
        "kg"
    ],
    "325175_failureRate": 4e-05,
    "325176_mass": [
        5,
        "kg"
    ],
    "325183_failureRate": 2e-05,
    "325184_mass": [
        10,
        "kg"
    ],
    "325190_failureRate": 0.0002,
    "325191_mass": [
        5.5,
        "kg"
    ]
}