{
    "154515_mass": [
        36,
        "kg"
    ],
    "154516_failureRate": 3.68993996728135e-08,
    "154517_logFailureRate": -7.4329806994481284,
    "154523_failureRate": 0.00015,
    "154524_mass": [
        3,
        "kg"
    ],
    "154530_failureRate": 0.00015,
    "154531_mass": [
        3,
        "kg"
    ],
    "154538_failureRate": 0.0001,
    "154539_mass": [
        3,
        "kg"
    ],
    "154546_failureRate": 2e-05,
    "154547_mass": [
        10,
        "kg"
    ],
    "154554_failureRate": 2e-05,
    "154555_mass": [
        10,
        "kg"
    ],
    "154561_failureRate": 8e-05,
    "154562_mass": [
        3.5,
        "kg"
    ],
    "154568_failureRate": 8e-05,
    "154569_mass": [
        3.5,
        "kg"
    ]
}