{
    "209074_mass": [
        48.5,
        "kg"
    ],
    "209075_failureRate": 2.980175697226886e-12,
    "209076_logFailureRate": -11.525758131196628,
    "209082_failureRate": 0.00015,
    "209083_mass": [
        3,
        "kg"
    ],
    "209089_failureRate": 0.0001,
    "209090_mass": [
        6,
        "kg"
    ],
    "209096_failureRate": 0.0001,
    "209097_mass": [
        6,
        "kg"
    ],
    "209104_failureRate": 0.0001,
    "209105_mass": [
        3,
        "kg"
    ],
    "209112_failureRate": 2e-05,
    "209113_mass": [
        10,
        "kg"
    ],
    "209120_failureRate": 2e-05,
    "209121_mass": [
        10,
        "kg"
    ],
    "209127_failureRate": 8e-05,
    "209128_mass": [
        3.5,
        "kg"
    ],
    "209134_failureRate": 8e-05,
    "209135_mass": [
        3.5,
        "kg"
    ],
    "209141_failureRate": 8e-05,
    "209142_mass": [
        3.5,
        "kg"
    ]
}