{
    "175607_mass": [
        65.5,
        "kg"
    ],
    "175608_failureRate": 2.1498861946547993e-12,
    "175609_logFailureRate": -11.667584529080477,
    "175615_failureRate": 0.0001,
    "175616_mass": [
        6,
        "kg"
    ],
    "175622_failureRate": 5e-05,
    "175623_mass": [
        9,
        "kg"
    ],
    "175629_failureRate": 5e-05,
    "175630_mass": [
        9,
        "kg"
    ],
    "175637_failureRate": 4e-05,
    "175638_mass": [
        5,
        "kg"
    ],
    "175645_failureRate": 2e-05,
    "175646_mass": [
        10,
        "kg"
    ],
    "175653_failureRate": 2e-05,
    "175654_mass": [
        10,
        "kg"
    ],
    "175660_failureRate": 8e-05,
    "175661_mass": [
        3.5,
        "kg"
    ],
    "175667_failureRate": 8e-05,
    "175668_mass": [
        3.5,
        "kg"
    ],
    "175674_failureRate": 0.0001,
    "175675_mass": [
        9.5,
        "kg"
    ]
}