{
    "4277_mass": [
        56,
        "kg"
    ],
    "4278_failureRate": 1.6000624757011902e-08,
    "4279_logFailureRate": -7.795863059642475,
    "4285_failureRate": 5e-05,
    "4286_mass": [
        9,
        "kg"
    ],
    "4292_failureRate": 5e-05,
    "4293_mass": [
        9,
        "kg"
    ],
    "4299_failureRate": 5e-05,
    "4300_mass": [
        9,
        "kg"
    ],
    "4307_failureRate": 0.0001,
    "4308_mass": [
        3,
        "kg"
    ],
    "4315_failureRate": 0.0001,
    "4316_mass": [
        3,
        "kg"
    ],
    "4323_failureRate": 2e-05,
    "4324_mass": [
        10,
        "kg"
    ],
    "4330_failureRate": 8e-05,
    "4331_mass": [
        3.5,
        "kg"
    ],
    "4337_failureRate": 0.0001,
    "4338_mass": [
        9.5,
        "kg"
    ]
}