{
    "156103_mass": [
        40.5,
        "kg"
    ],
    "156104_failureRate": 2.0011472450102764e-08,
    "156105_logFailureRate": -7.698720954670761,
    "156111_failureRate": 0.00015,
    "156112_mass": [
        3,
        "kg"
    ],
    "156118_failureRate": 0.00015,
    "156119_mass": [
        3,
        "kg"
    ],
    "156125_failureRate": 0.00015,
    "156126_mass": [
        3,
        "kg"
    ],
    "156133_failureRate": 0.0001,
    "156134_mass": [
        3,
        "kg"
    ],
    "156141_failureRate": 0.0001,
    "156142_mass": [
        3,
        "kg"
    ],
    "156149_failureRate": 0.0001,
    "156150_mass": [
        3,
        "kg"
    ],
    "156156_failureRate": 8e-05,
    "156157_mass": [
        3.5,
        "kg"
    ],
    "156163_failureRate": 0.0001,
    "156164_mass": [
        9.5,
        "kg"
    ],
    "156170_failureRate": 0.0001,
    "156171_mass": [
        9.5,
        "kg"
    ]
}