{
    "208760_mass": [
        55.5,
        "kg"
    ],
    "208761_failureRate": 5.001459845364328e-09,
    "208762_logFailureRate": -8.300903213614067,
    "208768_failureRate": 0.0001,
    "208769_mass": [
        6,
        "kg"
    ],
    "208775_failureRate": 5e-05,
    "208776_mass": [
        9,
        "kg"
    ],
    "208783_failureRate": 2e-05,
    "208784_mass": [
        10,
        "kg"
    ],
    "208791_failureRate": 2e-05,
    "208792_mass": [
        10,
        "kg"
    ],
    "208799_failureRate": 2e-05,
    "208800_mass": [
        10,
        "kg"
    ],
    "208806_failureRate": 8e-05,
    "208807_mass": [
        3.5,
        "kg"
    ],
    "208813_failureRate": 8e-05,
    "208814_mass": [
        3.5,
        "kg"
    ],
    "208820_failureRate": 8e-05,
    "208821_mass": [
        3.5,
        "kg"
    ]
}