{
    "60314_mass": [
        49.5,
        "kg"
    ],
    "60315_failureRate": 8.488896434840848e-12,
    "60316_logFailureRate": -11.071148764810303,
    "60322_failureRate": 0.0001,
    "60323_mass": [
        6,
        "kg"
    ],
    "60329_failureRate": 5e-05,
    "60330_mass": [
        9,
        "kg"
    ],
    "60336_failureRate": 5e-05,
    "60337_mass": [
        9,
        "kg"
    ],
    "60344_failureRate": 0.0001,
    "60345_mass": [
        3,
        "kg"
    ],
    "60352_failureRate": 4e-05,
    "60353_mass": [
        5,
        "kg"
    ],
    "60360_failureRate": 4e-05,
    "60361_mass": [
        5,
        "kg"
    ],
    "60367_failureRate": 8e-05,
    "60368_mass": [
        3.5,
        "kg"
    ],
    "60374_failureRate": 8e-05,
    "60375_mass": [
        3.5,
        "kg"
    ],
    "60381_failureRate": 0.0002,
    "60382_mass": [
        5.5,
        "kg"
    ]
}