{
    "119306_mass": [
        31.5,
        "kg"
    ],
    "119307_failureRate": 0.00010000250026194882,
    "119308_logFailureRate": -3.9999891416360662,
    "119314_failureRate": 5e-05,
    "119315_mass": [
        9,
        "kg"
    ],
    "119321_failureRate": 5e-05,
    "119322_mass": [
        9,
        "kg"
    ],
    "119329_failureRate": 0.0001,
    "119330_mass": [
        3,
        "kg"
    ],
    "119336_failureRate": 8e-05,
    "119337_mass": [
        3.5,
        "kg"
    ],
    "119343_failureRate": 8e-05,
    "119344_mass": [
        3.5,
        "kg"
    ],
    "119350_failureRate": 8e-05,
    "119351_mass": [
        3.5,
        "kg"
    ]
}