{
    "100000_mass": [
        28,
        "kg"
    ],
    "100001_failureRate": 0.00010000889910998401,
    "100002_logFailureRate": -3.999961353375978,
    "100008_failureRate": 5e-05,
    "100009_mass": [
        9,
        "kg"
    ],
    "100015_failureRate": 5e-05,
    "100016_mass": [
        9,
        "kg"
    ],
    "100023_failureRate": 0.0001,
    "100024_mass": [
        3,
        "kg"
    ],
    "100030_failureRate": 8e-05,
    "100031_mass": [
        3.5,
        "kg"
    ],
    "100037_failureRate": 8e-05,
    "100038_mass": [
        3.5,
        "kg"
    ]
}