{
    "283957_mass": [
        34.5,
        "kg"
    ],
    "283958_failureRate": 2.8501227602730167e-08,
    "283959_logFailureRate": -7.545136433689391,
    "283965_failureRate": 0.00015,
    "283966_mass": [
        3,
        "kg"
    ],
    "283972_failureRate": 0.00015,
    "283973_mass": [
        3,
        "kg"
    ],
    "283980_failureRate": 0.0001,
    "283981_mass": [
        3,
        "kg"
    ],
    "283988_failureRate": 4e-05,
    "283989_mass": [
        5,
        "kg"
    ],
    "283996_failureRate": 2e-05,
    "283997_mass": [
        10,
        "kg"
    ],
    "284003_failureRate": 8e-05,
    "284004_mass": [
        3.5,
        "kg"
    ],
    "284010_failureRate": 8e-05,
    "284011_mass": [
        3.5,
        "kg"
    ],
    "284017_failureRate": 8e-05,
    "284018_mass": [
        3.5,
        "kg"
    ]
}