{
    "361803_mass": [
        32.5,
        "kg"
    ],
    "361804_failureRate": 0.00011999680024997,
    "361805_logFailureRate": -3.920830334388282,
    "361811_failureRate": 0.0001,
    "361812_mass": [
        6,
        "kg"
    ],
    "361818_failureRate": 5e-05,
    "361819_mass": [
        9,
        "kg"
    ],
    "361825_failureRate": 5e-05,
    "361826_mass": [
        9,
        "kg"
    ],
    "361833_failureRate": 4e-05,
    "361834_mass": [
        5,
        "kg"
    ],
    "361840_failureRate": 8e-05,
    "361841_mass": [
        3.5,
        "kg"
    ]
}