{
    "61491_mass": [
        16.5,
        "kg"
    ],
    "61492_failureRate": 0.000249985000511872,
    "61493_logFailureRate": -3.602086048889372,
    "61499_failureRate": 0.00015,
    "61500_mass": [
        3,
        "kg"
    ],
    "61507_failureRate": 0.0001,
    "61508_mass": [
        3,
        "kg"
    ],
    "61514_failureRate": 8e-05,
    "61515_mass": [
        3.5,
        "kg"
    ],
    "61521_failureRate": 8e-05,
    "61522_mass": [
        3.5,
        "kg"
    ],
    "61528_failureRate": 8e-05,
    "61529_mass": [
        3.5,
        "kg"
    ]
}