{
    "60705_mass": [
        21.5,
        "kg"
    ],
    "60706_failureRate": 0.00034997199930006005,
    "60707_logFailureRate": -3.455966701466677,
    "60713_failureRate": 0.00015,
    "60714_mass": [
        3,
        "kg"
    ],
    "60721_failureRate": 0.0001,
    "60722_mass": [
        3,
        "kg"
    ],
    "60729_failureRate": 2e-05,
    "60730_mass": [
        10,
        "kg"
    ],
    "60736_failureRate": 0.0002,
    "60737_mass": [
        5.5,
        "kg"
    ]
}