{
    "325021_mass": [
        52.5,
        "kg"
    ],
    "325022_failureRate": 1.58739123250175e-11,
    "325023_logFailureRate": -10.799316022724238,
    "325029_failureRate": 5e-05,
    "325030_mass": [
        9,
        "kg"
    ],
    "325036_failureRate": 5e-05,
    "325037_mass": [
        9,
        "kg"
    ],
    "325043_failureRate": 5e-05,
    "325044_mass": [
        9,
        "kg"
    ],
    "325051_failureRate": 0.0001,
    "325052_mass": [
        3,
        "kg"
    ],
    "325059_failureRate": 0.0001,
    "325060_mass": [
        3,
        "kg"
    ],
    "325067_failureRate": 0.0001,
    "325068_mass": [
        3,
        "kg"
    ],
    "325074_failureRate": 0.0002,
    "325075_mass": [
        5.5,
        "kg"
    ],
    "325081_failureRate": 0.0002,
    "325082_mass": [
        5.5,
        "kg"
    ],
    "325088_failureRate": 0.0002,
    "325089_mass": [
        5.5,
        "kg"
    ]
}