{
    "172120_mass": [
        70.5,
        "kg"
    ],
    "172121_failureRate": 3.948195137720775e-12,
    "172122_logFailureRate": -11.403601390667799,
    "172128_failureRate": 0.00015,
    "172129_mass": [
        3,
        "kg"
    ],
    "172135_failureRate": 0.00015,
    "172136_mass": [
        3,
        "kg"
    ],
    "172142_failureRate": 0.0001,
    "172143_mass": [
        6,
        "kg"
    ],
    "172150_failureRate": 2e-05,
    "172151_mass": [
        10,
        "kg"
    ],
    "172158_failureRate": 2e-05,
    "172159_mass": [
        10,
        "kg"
    ],
    "172166_failureRate": 2e-05,
    "172167_mass": [
        10,
        "kg"
    ],
    "172173_failureRate": 0.0001,
    "172174_mass": [
        9.5,
        "kg"
    ],
    "172180_failureRate": 0.0001,
    "172181_mass": [
        9.5,
        "kg"
    ],
    "172187_failureRate": 0.0001,
    "172188_mass": [
        9.5,
        "kg"
    ]
}