{
    "78870_mass": [
        33.5,
        "kg"
    ],
    "78871_failureRate": 0.0001799920001249775,
    "78872_logFailureRate": -3.7447467970010604,
    "78878_failureRate": 5e-05,
    "78879_mass": [
        9,
        "kg"
    ],
    "78885_failureRate": 5e-05,
    "78886_mass": [
        9,
        "kg"
    ],
    "78892_failureRate": 5e-05,
    "78893_mass": [
        9,
        "kg"
    ],
    "78900_failureRate": 0.0001,
    "78901_mass": [
        3,
        "kg"
    ],
    "78907_failureRate": 8e-05,
    "78908_mass": [
        3.5,
        "kg"
    ]
}