{
    "116744_mass": [
        23,
        "kg"
    ],
    "116745_failureRate": 3.9697995875205764e-08,
    "116746_logFailureRate": -7.401231417728297,
    "116752_failureRate": 0.00015,
    "116753_mass": [
        3,
        "kg"
    ],
    "116759_failureRate": 0.00015,
    "116760_mass": [
        3,
        "kg"
    ],
    "116767_failureRate": 4e-05,
    "116768_mass": [
        5,
        "kg"
    ],
    "116775_failureRate": 4e-05,
    "116776_mass": [
        5,
        "kg"
    ],
    "116782_failureRate": 8e-05,
    "116783_mass": [
        3.5,
        "kg"
    ],
    "116789_failureRate": 8e-05,
    "116790_mass": [
        3.5,
        "kg"
    ]
}