{
    "326169_mass": [
        47,
        "kg"
    ],
    "326170_failureRate": 1.05021395910231e-08,
    "326171_logFailureRate": -7.978722213509621,
    "326177_failureRate": 5e-05,
    "326178_mass": [
        9,
        "kg"
    ],
    "326184_failureRate": 5e-05,
    "326185_mass": [
        9,
        "kg"
    ],
    "326192_failureRate": 0.0001,
    "326193_mass": [
        3,
        "kg"
    ],
    "326200_failureRate": 0.0001,
    "326201_mass": [
        3,
        "kg"
    ],
    "326208_failureRate": 2e-05,
    "326209_mass": [
        10,
        "kg"
    ],
    "326215_failureRate": 8e-05,
    "326216_mass": [
        3.5,
        "kg"
    ],
    "326222_failureRate": 0.0001,
    "326223_mass": [
        9.5,
        "kg"
    ]
}