{
    "305680_mass": [
        30.5,
        "kg"
    ],
    "305681_failureRate": 1.0951595650169808e-11,
    "305682_logFailureRate": -10.960522599401259,
    "305688_failureRate": 0.00015,
    "305689_mass": [
        3,
        "kg"
    ],
    "305695_failureRate": 0.00015,
    "305696_mass": [
        3,
        "kg"
    ],
    "305702_failureRate": 0.00015,
    "305703_mass": [
        3,
        "kg"
    ],
    "305710_failureRate": 0.0001,
    "305711_mass": [
        3,
        "kg"
    ],
    "305718_failureRate": 0.0001,
    "305719_mass": [
        3,
        "kg"
    ],
    "305726_failureRate": 4e-05,
    "305727_mass": [
        5,
        "kg"
    ],
    "305733_failureRate": 8e-05,
    "305734_mass": [
        3.5,
        "kg"
    ],
    "305740_failureRate": 8e-05,
    "305741_mass": [
        3.5,
        "kg"
    ],
    "305747_failureRate": 8e-05,
    "305748_mass": [
        3.5,
        "kg"
    ]
}