{
    "190878_mass": [
        32.5,
        "kg"
    ],
    "190879_failureRate": 2.4101215889733662e-08,
    "190880_logFailureRate": -7.617961047015101,
    "190886_failureRate": 0.00015,
    "190887_mass": [
        3,
        "kg"
    ],
    "190893_failureRate": 0.00015,
    "190894_mass": [
        3,
        "kg"
    ],
    "190901_failureRate": 4e-05,
    "190902_mass": [
        5,
        "kg"
    ],
    "190909_failureRate": 4e-05,
    "190910_mass": [
        5,
        "kg"
    ],
    "190916_failureRate": 8e-05,
    "190917_mass": [
        3.5,
        "kg"
    ],
    "190923_failureRate": 8e-05,
    "190924_mass": [
        3.5,
        "kg"
    ],
    "190930_failureRate": 0.0001,
    "190931_mass": [
        9.5,
        "kg"
    ]
}