{
    "58893_mass": [
        35,
        "kg"
    ],
    "58894_failureRate": 3.239734203544086e-08,
    "58895_logFailureRate": -7.4894906190122885,
    "58901_failureRate": 0.00015,
    "58902_mass": [
        3,
        "kg"
    ],
    "58908_failureRate": 0.0001,
    "58909_mass": [
        6,
        "kg"
    ],
    "58915_failureRate": 5e-05,
    "58916_mass": [
        9,
        "kg"
    ],
    "58923_failureRate": 4e-05,
    "58924_mass": [
        5,
        "kg"
    ],
    "58931_failureRate": 4e-05,
    "58932_mass": [
        5,
        "kg"
    ],
    "58938_failureRate": 8e-05,
    "58939_mass": [
        3.5,
        "kg"
    ],
    "58945_failureRate": 8e-05,
    "58946_mass": [
        3.5,
        "kg"
    ]
}