{
    "302843_mass": [
        61.5,
        "kg"
    ],
    "302844_failureRate": 3.2500249650000003e-12,
    "302845_logFailureRate": -11.488113302984171,
    "302851_failureRate": 0.0001,
    "302852_mass": [
        6,
        "kg"
    ],
    "302858_failureRate": 5e-05,
    "302859_mass": [
        9,
        "kg"
    ],
    "302865_failureRate": 5e-05,
    "302866_mass": [
        9,
        "kg"
    ],
    "302873_failureRate": 0.0001,
    "302874_mass": [
        3,
        "kg"
    ],
    "302881_failureRate": 0.0001,
    "302882_mass": [
        3,
        "kg"
    ],
    "302889_failureRate": 0.0001,
    "302890_mass": [
        3,
        "kg"
    ],
    "302896_failureRate": 0.0001,
    "302897_mass": [
        9.5,
        "kg"
    ],
    "302903_failureRate": 0.0001,
    "302904_mass": [
        9.5,
        "kg"
    ],
    "302910_failureRate": 0.0001,
    "302911_mass": [
        9.5,
        "kg"
    ]
}