{
    "115672_mass": [
        44,
        "kg"
    ],
    "115673_failureRate": 2.001499969995e-05,
    "115674_logFailureRate": -4.698644412069496,
    "115680_failureRate": 0.0001,
    "115681_mass": [
        6,
        "kg"
    ],
    "115687_failureRate": 5e-05,
    "115688_mass": [
        9,
        "kg"
    ],
    "115695_failureRate": 2e-05,
    "115696_mass": [
        10,
        "kg"
    ],
    "115702_failureRate": 0.0001,
    "115703_mass": [
        9.5,
        "kg"
    ],
    "115709_failureRate": 0.0001,
    "115710_mass": [
        9.5,
        "kg"
    ]
}