{
    "229395_mass": [
        50.5,
        "kg"
    ],
    "229396_failureRate": 8.574527392511901e-12,
    "229397_logFailureRate": -11.066789807901,
    "229403_failureRate": 5e-05,
    "229404_mass": [
        9,
        "kg"
    ],
    "229410_failureRate": 5e-05,
    "229411_mass": [
        9,
        "kg"
    ],
    "229417_failureRate": 5e-05,
    "229418_mass": [
        9,
        "kg"
    ],
    "229425_failureRate": 0.0001,
    "229426_mass": [
        3,
        "kg"
    ],
    "229433_failureRate": 0.0001,
    "229434_mass": [
        3,
        "kg"
    ],
    "229441_failureRate": 0.0001,
    "229442_mass": [
        3,
        "kg"
    ],
    "229448_failureRate": 8e-05,
    "229449_mass": [
        3.5,
        "kg"
    ],
    "229455_failureRate": 0.0002,
    "229456_mass": [
        5.5,
        "kg"
    ],
    "229462_failureRate": 0.0002,
    "229463_mass": [
        5.5,
        "kg"
    ]
}