{
    "118800_mass": [
        36.5,
        "kg"
    ],
    "118801_failureRate": 2.552393626920159e-11,
    "118802_logFailureRate": -10.593052348439578,
    "118808_failureRate": 0.00015,
    "118809_mass": [
        3,
        "kg"
    ],
    "118815_failureRate": 0.00015,
    "118816_mass": [
        3,
        "kg"
    ],
    "118822_failureRate": 0.00015,
    "118823_mass": [
        3,
        "kg"
    ],
    "118830_failureRate": 0.0001,
    "118831_mass": [
        3,
        "kg"
    ],
    "118838_failureRate": 0.0001,
    "118839_mass": [
        3,
        "kg"
    ],
    "118846_failureRate": 4e-05,
    "118847_mass": [
        5,
        "kg"
    ],
    "118853_failureRate": 0.0002,
    "118854_mass": [
        5.5,
        "kg"
    ],
    "118860_failureRate": 0.0002,
    "118861_mass": [
        5.5,
        "kg"
    ],
    "118867_failureRate": 0.0002,
    "118868_mass": [
        5.5,
        "kg"
    ]
}