{
    "155249_mass": [
        35,
        "kg"
    ],
    "155250_failureRate": 2.4400559640016007e-08,
    "155251_logFailureRate": -7.612600212768502,
    "155257_failureRate": 0.0001,
    "155258_mass": [
        6,
        "kg"
    ],
    "155264_failureRate": 0.0001,
    "155265_mass": [
        6,
        "kg"
    ],
    "155272_failureRate": 0.0001,
    "155273_mass": [
        3,
        "kg"
    ],
    "155280_failureRate": 0.0001,
    "155281_mass": [
        3,
        "kg"
    ],
    "155288_failureRate": 2e-05,
    "155289_mass": [
        10,
        "kg"
    ],
    "155295_failureRate": 8e-05,
    "155296_mass": [
        3.5,
        "kg"
    ],
    "155302_failureRate": 8e-05,
    "155303_mass": [
        3.5,
        "kg"
    ]
}