{
    "268909_mass": [
        65.5,
        "kg"
    ],
    "268910_failureRate": 5.42428003374935e-12,
    "268911_logFailureRate": -11.265657897685843,
    "268917_failureRate": 5e-05,
    "268918_mass": [
        9,
        "kg"
    ],
    "268924_failureRate": 5e-05,
    "268925_mass": [
        9,
        "kg"
    ],
    "268931_failureRate": 5e-05,
    "268932_mass": [
        9,
        "kg"
    ],
    "268939_failureRate": 0.0001,
    "268940_mass": [
        3,
        "kg"
    ],
    "268947_failureRate": 0.0001,
    "268948_mass": [
        3,
        "kg"
    ],
    "268955_failureRate": 2e-05,
    "268956_mass": [
        10,
        "kg"
    ],
    "268962_failureRate": 8e-05,
    "268963_mass": [
        3.5,
        "kg"
    ],
    "268969_failureRate": 0.0001,
    "268970_mass": [
        9.5,
        "kg"
    ],
    "268976_failureRate": 0.0001,
    "268977_mass": [
        9.5,
        "kg"
    ]
}