{
    "212492_mass": [
        44,
        "kg"
    ],
    "212493_failureRate": 7.199418388798369e-08,
    "212494_logFailureRate": -7.1427025870045755,
    "212500_failureRate": 0.0001,
    "212501_mass": [
        6,
        "kg"
    ],
    "212507_failureRate": 0.0001,
    "212508_mass": [
        6,
        "kg"
    ],
    "212514_failureRate": 0.0001,
    "212515_mass": [
        6,
        "kg"
    ],
    "212522_failureRate": 4e-05,
    "212523_mass": [
        5,
        "kg"
    ],
    "212530_failureRate": 4e-05,
    "212531_mass": [
        5,
        "kg"
    ],
    "212538_failureRate": 4e-05,
    "212539_mass": [
        5,
        "kg"
    ],
    "212545_failureRate": 0.0002,
    "212546_mass": [
        5.5,
        "kg"
    ],
    "212552_failureRate": 0.0002,
    "212553_mass": [
        5.5,
        "kg"
    ]
}