{
    "135433_mass": [
        49.5,
        "kg"
    ],
    "135434_failureRate": 4.087208303082712e-12,
    "135435_logFailureRate": -11.388573228064258,
    "135441_failureRate": 0.00015,
    "135442_mass": [
        3,
        "kg"
    ],
    "135448_failureRate": 0.00015,
    "135449_mass": [
        3,
        "kg"
    ],
    "135455_failureRate": 0.00015,
    "135456_mass": [
        3,
        "kg"
    ],
    "135463_failureRate": 2e-05,
    "135464_mass": [
        10,
        "kg"
    ],
    "135471_failureRate": 2e-05,
    "135472_mass": [
        10,
        "kg"
    ],
    "135479_failureRate": 2e-05,
    "135480_mass": [
        10,
        "kg"
    ],
    "135486_failureRate": 8e-05,
    "135487_mass": [
        3.5,
        "kg"
    ],
    "135493_failureRate": 8e-05,
    "135494_mass": [
        3.5,
        "kg"
    ],
    "135500_failureRate": 8e-05,
    "135501_mass": [
        3.5,
        "kg"
    ]
}