{
    "173637_mass": [
        31,
        "kg"
    ],
    "173638_failureRate": 4.8494950060006e-08,
    "173639_logFailureRate": -7.314303483568044,
    "173645_failureRate": 0.00015,
    "173646_mass": [
        3,
        "kg"
    ],
    "173652_failureRate": 5e-05,
    "173653_mass": [
        9,
        "kg"
    ],
    "173660_failureRate": 0.0001,
    "173661_mass": [
        3,
        "kg"
    ],
    "173668_failureRate": 0.0001,
    "173669_mass": [
        3,
        "kg"
    ],
    "173675_failureRate": 8e-05,
    "173676_mass": [
        3.5,
        "kg"
    ],
    "173682_failureRate": 0.0001,
    "173683_mass": [
        9.5,
        "kg"
    ]
}