{
    "78599_mass": [
        15.5,
        "kg"
    ],
    "78600_failureRate": 0.00017999200337439253,
    "78601_logFailureRate": -3.744746789160695,
    "78607_failureRate": 0.00015,
    "78608_mass": [
        3,
        "kg"
    ],
    "78614_failureRate": 0.00015,
    "78615_mass": [
        3,
        "kg"
    ],
    "78621_failureRate": 0.00015,
    "78622_mass": [
        3,
        "kg"
    ],
    "78629_failureRate": 0.0001,
    "78630_mass": [
        3,
        "kg"
    ],
    "78636_failureRate": 8e-05,
    "78637_mass": [
        3.5,
        "kg"
    ]
}