{
    "324293_mass": [
        46.5,
        "kg"
    ],
    "324294_failureRate": 5.004836281533441e-09,
    "324295_logFailureRate": -8.30061012461614,
    "324301_failureRate": 5e-05,
    "324302_mass": [
        9,
        "kg"
    ],
    "324308_failureRate": 5e-05,
    "324309_mass": [
        9,
        "kg"
    ],
    "324315_failureRate": 5e-05,
    "324316_mass": [
        9,
        "kg"
    ],
    "324323_failureRate": 0.0001,
    "324324_mass": [
        3,
        "kg"
    ],
    "324331_failureRate": 0.0001,
    "324332_mass": [
        3,
        "kg"
    ],
    "324339_failureRate": 0.0001,
    "324340_mass": [
        3,
        "kg"
    ],
    "324346_failureRate": 8e-05,
    "324347_mass": [
        3.5,
        "kg"
    ],
    "324353_failureRate": 8e-05,
    "324354_mass": [
        3.5,
        "kg"
    ],
    "324360_failureRate": 8e-05,
    "324361_mass": [
        3.5,
        "kg"
    ]
}