{
    "285096_mass": [
        36,
        "kg"
    ],
    "285097_failureRate": 2.8901859425023055e-08,
    "285098_logFailureRate": -7.5390742156500385,
    "285104_failureRate": 0.00015,
    "285105_mass": [
        3,
        "kg"
    ],
    "285111_failureRate": 0.00015,
    "285112_mass": [
        3,
        "kg"
    ],
    "285119_failureRate": 0.0001,
    "285120_mass": [
        3,
        "kg"
    ],
    "285127_failureRate": 2e-05,
    "285128_mass": [
        10,
        "kg"
    ],
    "285135_failureRate": 2e-05,
    "285136_mass": [
        10,
        "kg"
    ],
    "285142_failureRate": 8e-05,
    "285143_mass": [
        3.5,
        "kg"
    ],
    "285149_failureRate": 8e-05,
    "285150_mass": [
        3.5,
        "kg"
    ]
}