{
    "152749_mass": [
        49,
        "kg"
    ],
    "152750_failureRate": 2.799795202096044e-08,
    "152751_logFailureRate": -7.552873735033665,
    "152757_failureRate": 0.0001,
    "152758_mass": [
        6,
        "kg"
    ],
    "152764_failureRate": 0.0001,
    "152765_mass": [
        6,
        "kg"
    ],
    "152772_failureRate": 2e-05,
    "152773_mass": [
        10,
        "kg"
    ],
    "152780_failureRate": 2e-05,
    "152781_mass": [
        10,
        "kg"
    ],
    "152788_failureRate": 2e-05,
    "152789_mass": [
        10,
        "kg"
    ],
    "152795_failureRate": 8e-05,
    "152796_mass": [
        3.5,
        "kg"
    ],
    "152802_failureRate": 8e-05,
    "152803_mass": [
        3.5,
        "kg"
    ]
}