{
    "192600_mass": [
        45.5,
        "kg"
    ],
    "192601_failureRate": 5.121922793270846e-12,
    "192602_logFailureRate": -11.290566972277029,
    "192608_failureRate": 0.00015,
    "192609_mass": [
        3,
        "kg"
    ],
    "192615_failureRate": 0.0001,
    "192616_mass": [
        6,
        "kg"
    ],
    "192622_failureRate": 5e-05,
    "192623_mass": [
        9,
        "kg"
    ],
    "192630_failureRate": 4e-05,
    "192631_mass": [
        5,
        "kg"
    ],
    "192638_failureRate": 4e-05,
    "192639_mass": [
        5,
        "kg"
    ],
    "192646_failureRate": 4e-05,
    "192647_mass": [
        5,
        "kg"
    ],
    "192653_failureRate": 8e-05,
    "192654_mass": [
        3.5,
        "kg"
    ],
    "192660_failureRate": 8e-05,
    "192661_mass": [
        3.5,
        "kg"
    ],
    "192667_failureRate": 0.0002,
    "192668_mass": [
        5.5,
        "kg"
    ]
}