{
    "152334_mass": [
        25,
        "kg"
    ],
    "152335_failureRate": 5.639509972204001e-08,
    "152336_logFailureRate": -7.248758631054517,
    "152342_failureRate": 0.00015,
    "152343_mass": [
        3,
        "kg"
    ],
    "152349_failureRate": 0.0001,
    "152350_mass": [
        6,
        "kg"
    ],
    "152357_failureRate": 0.0001,
    "152358_mass": [
        3,
        "kg"
    ],
    "152365_failureRate": 0.0001,
    "152366_mass": [
        3,
        "kg"
    ],
    "152373_failureRate": 0.0001,
    "152374_mass": [
        3,
        "kg"
    ],
    "152380_failureRate": 8e-05,
    "152381_mass": [
        3.5,
        "kg"
    ],
    "152387_failureRate": 8e-05,
    "152388_mass": [
        3.5,
        "kg"
    ]
}