{
    "343984_mass": [
        46.5,
        "kg"
    ],
    "343985_failureRate": 7.064119517601461e-12,
    "343986_logFailureRate": -11.150941961554539,
    "343992_failureRate": 0.00015,
    "343993_mass": [
        3,
        "kg"
    ],
    "343999_failureRate": 5e-05,
    "344000_mass": [
        9,
        "kg"
    ],
    "344006_failureRate": 5e-05,
    "344007_mass": [
        9,
        "kg"
    ],
    "344014_failureRate": 0.0001,
    "344015_mass": [
        3,
        "kg"
    ],
    "344022_failureRate": 0.0001,
    "344023_mass": [
        3,
        "kg"
    ],
    "344030_failureRate": 0.0001,
    "344031_mass": [
        3,
        "kg"
    ],
    "344037_failureRate": 8e-05,
    "344038_mass": [
        3.5,
        "kg"
    ],
    "344044_failureRate": 8e-05,
    "344045_mass": [
        3.5,
        "kg"
    ],
    "344051_failureRate": 0.0001,
    "344052_mass": [
        9.5,
        "kg"
    ]
}