{
    "155756_mass": [
        35.5,
        "kg"
    ],
    "155757_failureRate": 1.5004611192827454e-08,
    "155758_logFailureRate": -7.823775253754443,
    "155764_failureRate": 0.00015,
    "155765_mass": [
        3,
        "kg"
    ],
    "155771_failureRate": 0.0001,
    "155772_mass": [
        6,
        "kg"
    ],
    "155779_failureRate": 0.0001,
    "155780_mass": [
        3,
        "kg"
    ],
    "155787_failureRate": 0.0001,
    "155788_mass": [
        3,
        "kg"
    ],
    "155795_failureRate": 2e-05,
    "155796_mass": [
        10,
        "kg"
    ],
    "155802_failureRate": 8e-05,
    "155803_mass": [
        3.5,
        "kg"
    ],
    "155809_failureRate": 8e-05,
    "155810_mass": [
        3.5,
        "kg"
    ],
    "155816_failureRate": 8e-05,
    "155817_mass": [
        3.5,
        "kg"
    ]
}