{
    "340759_mass": [
        58.5,
        "kg"
    ],
    "340760_failureRate": 1.1138909074158984e-11,
    "340761_logFailureRate": -10.9531573411437,
    "340767_failureRate": 0.00015,
    "340768_mass": [
        3,
        "kg"
    ],
    "340774_failureRate": 0.00015,
    "340775_mass": [
        3,
        "kg"
    ],
    "340781_failureRate": 0.0001,
    "340782_mass": [
        6,
        "kg"
    ],
    "340789_failureRate": 2e-05,
    "340790_mass": [
        10,
        "kg"
    ],
    "340797_failureRate": 2e-05,
    "340798_mass": [
        10,
        "kg"
    ],
    "340805_failureRate": 2e-05,
    "340806_mass": [
        10,
        "kg"
    ],
    "340812_failureRate": 0.0002,
    "340813_mass": [
        5.5,
        "kg"
    ],
    "340819_failureRate": 0.0002,
    "340820_mass": [
        5.5,
        "kg"
    ],
    "340826_failureRate": 0.0002,
    "340827_mass": [
        5.5,
        "kg"
    ]
}