{
    "285009_mass": [
        16,
        "kg"
    ],
    "285010_failureRate": 0.00015002439490021597,
    "285011_logFailureRate": -3.823838116216771,
    "285017_failureRate": 0.00015,
    "285018_mass": [
        3,
        "kg"
    ],
    "285025_failureRate": 0.0001,
    "285026_mass": [
        3,
        "kg"
    ],
    "285033_failureRate": 0.0001,
    "285034_mass": [
        3,
        "kg"
    ],
    "285040_failureRate": 8e-05,
    "285041_mass": [
        3.5,
        "kg"
    ],
    "285047_failureRate": 8e-05,
    "285048_mass": [
        3.5,
        "kg"
    ]
}