{
    "192187_mass": [
        48.5,
        "kg"
    ],
    "192188_failureRate": 8.143917738879929e-12,
    "192189_logFailureRate": -11.0891666217621,
    "192195_failureRate": 0.00015,
    "192196_mass": [
        3,
        "kg"
    ],
    "192202_failureRate": 5e-05,
    "192203_mass": [
        9,
        "kg"
    ],
    "192209_failureRate": 5e-05,
    "192210_mass": [
        9,
        "kg"
    ],
    "192217_failureRate": 0.0001,
    "192218_mass": [
        3,
        "kg"
    ],
    "192225_failureRate": 4e-05,
    "192226_mass": [
        5,
        "kg"
    ],
    "192233_failureRate": 4e-05,
    "192234_mass": [
        5,
        "kg"
    ],
    "192240_failureRate": 8e-05,
    "192241_mass": [
        3.5,
        "kg"
    ],
    "192247_failureRate": 0.0002,
    "192248_mass": [
        5.5,
        "kg"
    ],
    "192254_failureRate": 0.0002,
    "192255_mass": [
        5.5,
        "kg"
    ]
}