{
    "326466_mass": [
        38,
        "kg"
    ],
    "326467_failureRate": 6.000599700016003e-08,
    "326468_logFailureRate": -7.221805344050889,
    "326474_failureRate": 0.0001,
    "326475_mass": [
        6,
        "kg"
    ],
    "326481_failureRate": 0.0001,
    "326482_mass": [
        6,
        "kg"
    ],
    "326488_failureRate": 0.0001,
    "326489_mass": [
        6,
        "kg"
    ],
    "326496_failureRate": 0.0001,
    "326497_mass": [
        3,
        "kg"
    ],
    "326504_failureRate": 0.0001,
    "326505_mass": [
        3,
        "kg"
    ],
    "326512_failureRate": 0.0001,
    "326513_mass": [
        3,
        "kg"
    ],
    "326519_failureRate": 0.0002,
    "326520_mass": [
        5.5,
        "kg"
    ],
    "326526_failureRate": 0.0002,
    "326527_mass": [
        5.5,
        "kg"
    ]
}