{
    "57767_mass": [
        37,
        "kg"
    ],
    "57768_failureRate": 9.9886910222e-08,
    "57769_logFailureRate": -7.000491420591082,
    "57775_failureRate": 0.00015,
    "57776_mass": [
        3,
        "kg"
    ],
    "57782_failureRate": 0.00015,
    "57783_mass": [
        3,
        "kg"
    ],
    "57790_failureRate": 2e-05,
    "57791_mass": [
        10,
        "kg"
    ],
    "57798_failureRate": 2e-05,
    "57799_mass": [
        10,
        "kg"
    ],
    "57805_failureRate": 0.0002,
    "57806_mass": [
        5.5,
        "kg"
    ],
    "57812_failureRate": 0.0002,
    "57813_mass": [
        5.5,
        "kg"
    ]
}