{
    "265118_mass": [
        31.5,
        "kg"
    ],
    "265119_failureRate": 3.0018371050078765e-08,
    "265120_logFailureRate": -7.522612878487036,
    "265126_failureRate": 0.00015,
    "265127_mass": [
        3,
        "kg"
    ],
    "265133_failureRate": 0.00015,
    "265134_mass": [
        3,
        "kg"
    ],
    "265140_failureRate": 0.00015,
    "265141_mass": [
        3,
        "kg"
    ],
    "265148_failureRate": 0.0001,
    "265149_mass": [
        3,
        "kg"
    ],
    "265156_failureRate": 0.0001,
    "265157_mass": [
        3,
        "kg"
    ],
    "265163_failureRate": 0.0002,
    "265164_mass": [
        5.5,
        "kg"
    ],
    "265170_failureRate": 0.0002,
    "265171_mass": [
        5.5,
        "kg"
    ],
    "265177_failureRate": 0.0002,
    "265178_mass": [
        5.5,
        "kg"
    ]
}