{
    "193931_mass": [
        37,
        "kg"
    ],
    "193932_failureRate": 4.999500000001e-08,
    "193933_logFailureRate": -7.3010734272837015,
    "193939_failureRate": 0.0001,
    "193940_mass": [
        6,
        "kg"
    ],
    "193946_failureRate": 0.0001,
    "193947_mass": [
        6,
        "kg"
    ],
    "193954_failureRate": 0.0001,
    "193955_mass": [
        3,
        "kg"
    ],
    "193962_failureRate": 0.0001,
    "193963_mass": [
        3,
        "kg"
    ],
    "193969_failureRate": 0.0001,
    "193970_mass": [
        9.5,
        "kg"
    ],
    "193976_failureRate": 0.0001,
    "193977_mass": [
        9.5,
        "kg"
    ]
}