{
    "59441_mass": [
        40.5,
        "kg"
    ],
    "59442_failureRate": 4.0000005124795e-05,
    "59443_logFailureRate": -4.397939953030287,
    "59449_failureRate": 0.00015,
    "59450_mass": [
        3,
        "kg"
    ],
    "59456_failureRate": 0.00015,
    "59457_mass": [
        3,
        "kg"
    ],
    "59463_failureRate": 5e-05,
    "59464_mass": [
        9,
        "kg"
    ],
    "59471_failureRate": 4e-05,
    "59472_mass": [
        5,
        "kg"
    ],
    "59478_failureRate": 0.0002,
    "59479_mass": [
        5.5,
        "kg"
    ],
    "59485_failureRate": 0.0002,
    "59486_mass": [
        5.5,
        "kg"
    ],
    "59492_failureRate": 0.0001,
    "59493_mass": [
        9.5,
        "kg"
    ]
}