{
    "250438_mass": [
        9.5,
        "kg"
    ],
    "250439_failureRate": 0.0003299650012,
    "250440_logFailureRate": -3.481532122521482,
    "250446_failureRate": 0.00015,
    "250447_mass": [
        3,
        "kg"
    ],
    "250454_failureRate": 0.0001,
    "250455_mass": [
        3,
        "kg"
    ],
    "250461_failureRate": 8e-05,
    "250462_mass": [
        3.5,
        "kg"
    ]
}