{
    "362074_mass": [
        40.5,
        "kg"
    ],
    "362075_failureRate": 0.00010002549713600861,
    "362076_logFailureRate": -3.9998892814597,
    "362082_failureRate": 0.00015,
    "362083_mass": [
        3,
        "kg"
    ],
    "362089_failureRate": 0.00015,
    "362090_mass": [
        3,
        "kg"
    ],
    "362097_failureRate": 4e-05,
    "362098_mass": [
        5,
        "kg"
    ],
    "362105_failureRate": 2e-05,
    "362106_mass": [
        10,
        "kg"
    ],
    "362113_failureRate": 2e-05,
    "362114_mass": [
        10,
        "kg"
    ],
    "362120_failureRate": 0.0001,
    "362121_mass": [
        9.5,
        "kg"
    ]
}