{
    "232255_mass": [
        28,
        "kg"
    ],
    "232256_failureRate": 1.8901049686012e-08,
    "232257_logFailureRate": -7.723514076240308,
    "232263_failureRate": 0.00015,
    "232264_mass": [
        3,
        "kg"
    ],
    "232270_failureRate": 5e-05,
    "232271_mass": [
        9,
        "kg"
    ],
    "232278_failureRate": 0.0001,
    "232279_mass": [
        3,
        "kg"
    ],
    "232286_failureRate": 0.0001,
    "232287_mass": [
        3,
        "kg"
    ],
    "232294_failureRate": 0.0001,
    "232295_mass": [
        3,
        "kg"
    ],
    "232301_failureRate": 8e-05,
    "232302_mass": [
        3.5,
        "kg"
    ],
    "232308_failureRate": 8e-05,
    "232309_mass": [
        3.5,
        "kg"
    ]
}