{
    "192092_mass": [
        37,
        "kg"
    ],
    "192093_failureRate": 0.00010000639948498751,
    "192094_logFailureRate": -3.999972208279083,
    "192100_failureRate": 5e-05,
    "192101_mass": [
        9,
        "kg"
    ],
    "192107_failureRate": 5e-05,
    "192108_mass": [
        9,
        "kg"
    ],
    "192114_failureRate": 5e-05,
    "192115_mass": [
        9,
        "kg"
    ],
    "192122_failureRate": 0.0001,
    "192123_mass": [
        3,
        "kg"
    ],
    "192129_failureRate": 8e-05,
    "192130_mass": [
        3.5,
        "kg"
    ],
    "192136_failureRate": 8e-05,
    "192137_mass": [
        3.5,
        "kg"
    ]
}