{
    "99354_mass": [
        56.5,
        "kg"
    ],
    "99355_failureRate": 8.22379005724915e-12,
    "99356_logFailureRate": -11.084927985185134,
    "99362_failureRate": 5e-05,
    "99363_mass": [
        9,
        "kg"
    ],
    "99369_failureRate": 5e-05,
    "99370_mass": [
        9,
        "kg"
    ],
    "99376_failureRate": 5e-05,
    "99377_mass": [
        9,
        "kg"
    ],
    "99384_failureRate": 0.0001,
    "99385_mass": [
        3,
        "kg"
    ],
    "99392_failureRate": 0.0001,
    "99393_mass": [
        3,
        "kg"
    ],
    "99400_failureRate": 4e-05,
    "99401_mass": [
        5,
        "kg"
    ],
    "99407_failureRate": 8e-05,
    "99408_mass": [
        3.5,
        "kg"
    ],
    "99414_failureRate": 0.0002,
    "99415_mass": [
        5.5,
        "kg"
    ],
    "99421_failureRate": 0.0001,
    "99422_mass": [
        9.5,
        "kg"
    ]
}