{
    "265227_mass": [
        27,
        "kg"
    ],
    "265228_failureRate": 1.6008624977092796e-08,
    "265229_logFailureRate": -7.795645969174166,
    "265235_failureRate": 0.00015,
    "265236_mass": [
        3,
        "kg"
    ],
    "265242_failureRate": 0.00015,
    "265243_mass": [
        3,
        "kg"
    ],
    "265249_failureRate": 0.00015,
    "265250_mass": [
        3,
        "kg"
    ],
    "265257_failureRate": 0.0001,
    "265258_mass": [
        3,
        "kg"
    ],
    "265265_failureRate": 0.0001,
    "265266_mass": [
        3,
        "kg"
    ],
    "265273_failureRate": 0.0001,
    "265274_mass": [
        3,
        "kg"
    ],
    "265280_failureRate": 8e-05,
    "265281_mass": [
        3.5,
        "kg"
    ],
    "265287_failureRate": 0.0002,
    "265288_mass": [
        5.5,
        "kg"
    ]
}