{
    "326678_mass": [
        50.5,
        "kg"
    ],
    "326679_failureRate": 1.4999931950079157e-08,
    "326680_logFailureRate": -7.823910711195795,
    "326686_failureRate": 0.0001,
    "326687_mass": [
        6,
        "kg"
    ],
    "326693_failureRate": 5e-05,
    "326694_mass": [
        9,
        "kg"
    ],
    "326701_failureRate": 4e-05,
    "326702_mass": [
        5,
        "kg"
    ],
    "326709_failureRate": 2e-05,
    "326710_mass": [
        10,
        "kg"
    ],
    "326717_failureRate": 2e-05,
    "326718_mass": [
        10,
        "kg"
    ],
    "326724_failureRate": 8e-05,
    "326725_mass": [
        3.5,
        "kg"
    ],
    "326731_failureRate": 8e-05,
    "326732_mass": [
        3.5,
        "kg"
    ],
    "326738_failureRate": 8e-05,
    "326739_mass": [
        3.5,
        "kg"
    ]
}