{
    "114914_mass": [
        45,
        "kg"
    ],
    "114915_failureRate": 0.000100012398520024,
    "114916_logFailureRate": -3.999946157249481,
    "114922_failureRate": 0.0001,
    "114923_mass": [
        6,
        "kg"
    ],
    "114930_failureRate": 2e-05,
    "114931_mass": [
        10,
        "kg"
    ],
    "114938_failureRate": 2e-05,
    "114939_mass": [
        10,
        "kg"
    ],
    "114945_failureRate": 0.0001,
    "114946_mass": [
        9.5,
        "kg"
    ],
    "114952_failureRate": 0.0001,
    "114953_mass": [
        9.5,
        "kg"
    ]
}