{
    "284675_mass": [
        53.5,
        "kg"
    ],
    "284676_failureRate": 2.564947932336085e-12,
    "284677_logFailureRate": -11.590921446508748,
    "284683_failureRate": 5e-05,
    "284684_mass": [
        9,
        "kg"
    ],
    "284690_failureRate": 5e-05,
    "284691_mass": [
        9,
        "kg"
    ],
    "284697_failureRate": 5e-05,
    "284698_mass": [
        9,
        "kg"
    ],
    "284705_failureRate": 0.0001,
    "284706_mass": [
        3,
        "kg"
    ],
    "284713_failureRate": 0.0001,
    "284714_mass": [
        3,
        "kg"
    ],
    "284721_failureRate": 2e-05,
    "284722_mass": [
        10,
        "kg"
    ],
    "284728_failureRate": 8e-05,
    "284729_mass": [
        3.5,
        "kg"
    ],
    "284735_failureRate": 8e-05,
    "284736_mass": [
        3.5,
        "kg"
    ],
    "284742_failureRate": 8e-05,
    "284743_mass": [
        3.5,
        "kg"
    ]
}