{
    "212822_mass": [
        55.5,
        "kg"
    ],
    "212823_failureRate": 8.499499852518248e-12,
    "212824_logFailureRate": -11.070606629307138,
    "212830_failureRate": 0.00015,
    "212831_mass": [
        3,
        "kg"
    ],
    "212837_failureRate": 0.0001,
    "212838_mass": [
        6,
        "kg"
    ],
    "212844_failureRate": 5e-05,
    "212845_mass": [
        9,
        "kg"
    ],
    "212852_failureRate": 0.0001,
    "212853_mass": [
        3,
        "kg"
    ],
    "212860_failureRate": 0.0001,
    "212861_mass": [
        3,
        "kg"
    ],
    "212868_failureRate": 0.0001,
    "212869_mass": [
        3,
        "kg"
    ],
    "212875_failureRate": 0.0001,
    "212876_mass": [
        9.5,
        "kg"
    ],
    "212882_failureRate": 0.0001,
    "212883_mass": [
        9.5,
        "kg"
    ],
    "212889_failureRate": 0.0001,
    "212890_mass": [
        9.5,
        "kg"
    ]
}