{
    "285546_mass": [
        47.5,
        "kg"
    ],
    "285547_failureRate": 8.169098014300417e-12,
    "285548_logFailureRate": -11.08782589316617,
    "285554_failureRate": 0.00015,
    "285555_mass": [
        3,
        "kg"
    ],
    "285561_failureRate": 0.00015,
    "285562_mass": [
        3,
        "kg"
    ],
    "285568_failureRate": 0.0001,
    "285569_mass": [
        6,
        "kg"
    ],
    "285576_failureRate": 0.0001,
    "285577_mass": [
        3,
        "kg"
    ],
    "285584_failureRate": 4e-05,
    "285585_mass": [
        5,
        "kg"
    ],
    "285592_failureRate": 4e-05,
    "285593_mass": [
        5,
        "kg"
    ],
    "285599_failureRate": 8e-05,
    "285600_mass": [
        3.5,
        "kg"
    ],
    "285606_failureRate": 0.0001,
    "285607_mass": [
        9.5,
        "kg"
    ],
    "285613_failureRate": 0.0001,
    "285614_mass": [
        9.5,
        "kg"
    ]
}