{
    "231504_mass": [
        35,
        "kg"
    ],
    "231505_failureRate": 6.30921902739976e-08,
    "231506_logFailureRate": -7.200024395602421,
    "231512_failureRate": 0.00015,
    "231513_mass": [
        3,
        "kg"
    ],
    "231519_failureRate": 0.00015,
    "231520_mass": [
        3,
        "kg"
    ],
    "231527_failureRate": 4e-05,
    "231528_mass": [
        5,
        "kg"
    ],
    "231535_failureRate": 4e-05,
    "231536_mass": [
        5,
        "kg"
    ],
    "231542_failureRate": 0.0001,
    "231543_mass": [
        9.5,
        "kg"
    ],
    "231549_failureRate": 0.0001,
    "231550_mass": [
        9.5,
        "kg"
    ]
}