{
    "119134_mass": [
        19,
        "kg"
    ],
    "119135_failureRate": 0.000100024396120144,
    "119136_logFailureRate": -3.9998940619182815,
    "119142_failureRate": 0.0001,
    "119143_mass": [
        6,
        "kg"
    ],
    "119150_failureRate": 0.0001,
    "119151_mass": [
        3,
        "kg"
    ],
    "119158_failureRate": 0.0001,
    "119159_mass": [
        3,
        "kg"
    ],
    "119165_failureRate": 8e-05,
    "119166_mass": [
        3.5,
        "kg"
    ],
    "119172_failureRate": 8e-05,
    "119173_mass": [
        3.5,
        "kg"
    ]
}