{
    "360294_mass": [
        46.5,
        "kg"
    ],
    "360295_failureRate": 1.2001736807190598e-08,
    "360296_logFailureRate": -7.920755901352467,
    "360302_failureRate": 5e-05,
    "360303_mass": [
        9,
        "kg"
    ],
    "360309_failureRate": 5e-05,
    "360310_mass": [
        9,
        "kg"
    ],
    "360316_failureRate": 5e-05,
    "360317_mass": [
        9,
        "kg"
    ],
    "360324_failureRate": 0.0001,
    "360325_mass": [
        3,
        "kg"
    ],
    "360332_failureRate": 0.0001,
    "360333_mass": [
        3,
        "kg"
    ],
    "360340_failureRate": 0.0001,
    "360341_mass": [
        3,
        "kg"
    ],
    "360347_failureRate": 8e-05,
    "360348_mass": [
        3.5,
        "kg"
    ],
    "360354_failureRate": 8e-05,
    "360355_mass": [
        3.5,
        "kg"
    ],
    "360361_failureRate": 8e-05,
    "360362_mass": [
        3.5,
        "kg"
    ]
}