{
    "208870_mass": [
        58.5,
        "kg"
    ],
    "208871_failureRate": 1.450591121363072e-08,
    "208872_logFailureRate": -7.838454985053526,
    "208878_failureRate": 5e-05,
    "208879_mass": [
        9,
        "kg"
    ],
    "208885_failureRate": 5e-05,
    "208886_mass": [
        9,
        "kg"
    ],
    "208893_failureRate": 4e-05,
    "208894_mass": [
        5,
        "kg"
    ],
    "208901_failureRate": 4e-05,
    "208902_mass": [
        5,
        "kg"
    ],
    "208909_failureRate": 2e-05,
    "208910_mass": [
        10,
        "kg"
    ],
    "208916_failureRate": 0.0002,
    "208917_mass": [
        5.5,
        "kg"
    ],
    "208923_failureRate": 0.0002,
    "208924_mass": [
        5.5,
        "kg"
    ],
    "208930_failureRate": 0.0001,
    "208931_mass": [
        9.5,
        "kg"
    ]
}