{
    "61091_mass": [
        37.5,
        "kg"
    ],
    "61092_failureRate": 2.3248824107632745e-11,
    "61093_logFailureRate": -10.633599008214071,
    "61099_failureRate": 0.00015,
    "61100_mass": [
        3,
        "kg"
    ],
    "61106_failureRate": 0.00015,
    "61107_mass": [
        3,
        "kg"
    ],
    "61113_failureRate": 0.0001,
    "61114_mass": [
        6,
        "kg"
    ],
    "61121_failureRate": 0.0001,
    "61122_mass": [
        3,
        "kg"
    ],
    "61129_failureRate": 0.0001,
    "61130_mass": [
        3,
        "kg"
    ],
    "61137_failureRate": 0.0001,
    "61138_mass": [
        3,
        "kg"
    ],
    "61144_failureRate": 0.0002,
    "61145_mass": [
        5.5,
        "kg"
    ],
    "61151_failureRate": 0.0002,
    "61152_mass": [
        5.5,
        "kg"
    ],
    "61158_failureRate": 0.0002,
    "61159_mass": [
        5.5,
        "kg"
    ]
}