{
    "210594_mass": [
        53.5,
        "kg"
    ],
    "210595_failureRate": 1.001005596340363e-08,
    "210596_logFailureRate": -7.999563494495762,
    "210602_failureRate": 0.00015,
    "210603_mass": [
        3,
        "kg"
    ],
    "210609_failureRate": 0.00015,
    "210610_mass": [
        3,
        "kg"
    ],
    "210616_failureRate": 0.00015,
    "210617_mass": [
        3,
        "kg"
    ],
    "210624_failureRate": 4e-05,
    "210625_mass": [
        5,
        "kg"
    ],
    "210632_failureRate": 4e-05,
    "210633_mass": [
        5,
        "kg"
    ],
    "210640_failureRate": 2e-05,
    "210641_mass": [
        10,
        "kg"
    ],
    "210647_failureRate": 0.0002,
    "210648_mass": [
        5.5,
        "kg"
    ],
    "210654_failureRate": 0.0001,
    "210655_mass": [
        9.5,
        "kg"
    ],
    "210661_failureRate": 0.0001,
    "210662_mass": [
        9.5,
        "kg"
    ]
}