{
    "322209_mass": [
        51.5,
        "kg"
    ],
    "322210_failureRate": 2.0000003324933504e-05,
    "322211_logFailureRate": -4.698969932136011,
    "322217_failureRate": 5e-05,
    "322218_mass": [
        9,
        "kg"
    ],
    "322224_failureRate": 5e-05,
    "322225_mass": [
        9,
        "kg"
    ],
    "322231_failureRate": 5e-05,
    "322232_mass": [
        9,
        "kg"
    ],
    "322239_failureRate": 2e-05,
    "322240_mass": [
        10,
        "kg"
    ],
    "322246_failureRate": 8e-05,
    "322247_mass": [
        3.5,
        "kg"
    ],
    "322253_failureRate": 0.0002,
    "322254_mass": [
        5.5,
        "kg"
    ],
    "322260_failureRate": 0.0002,
    "322261_mass": [
        5.5,
        "kg"
    ]
}