{
    "41278_mass": [
        19.5,
        "kg"
    ],
    "41279_failureRate": 0.00017999359971201283,
    "41280_logFailureRate": -3.7447429374476613,
    "41286_failureRate": 0.0001,
    "41287_mass": [
        6,
        "kg"
    ],
    "41294_failureRate": 4e-05,
    "41295_mass": [
        5,
        "kg"
    ],
    "41302_failureRate": 4e-05,
    "41303_mass": [
        5,
        "kg"
    ],
    "41309_failureRate": 8e-05,
    "41310_mass": [
        3.5,
        "kg"
    ]
}