{
    "58217_mass": [
        28.5,
        "kg"
    ],
    "58218_failureRate": 4.001500259987195e-05,
    "58219_logFailureRate": -4.397777150552854,
    "58225_failureRate": 0.00015,
    "58226_mass": [
        3,
        "kg"
    ],
    "58232_failureRate": 0.0001,
    "58233_mass": [
        6,
        "kg"
    ],
    "58240_failureRate": 4e-05,
    "58241_mass": [
        5,
        "kg"
    ],
    "58247_failureRate": 8e-05,
    "58248_mass": [
        3.5,
        "kg"
    ],
    "58254_failureRate": 0.0002,
    "58255_mass": [
        5.5,
        "kg"
    ],
    "58261_failureRate": 0.0002,
    "58262_mass": [
        5.5,
        "kg"
    ]
}