{
    "22055_mass": [
        26,
        "kg"
    ],
    "22056_failureRate": 5.008998350099998e-05,
    "22057_logFailureRate": -4.300249111361511,
    "22063_failureRate": 5e-05,
    "22064_mass": [
        9,
        "kg"
    ],
    "22071_failureRate": 0.0001,
    "22072_mass": [
        3,
        "kg"
    ],
    "22079_failureRate": 0.0001,
    "22080_mass": [
        3,
        "kg"
    ],
    "22086_failureRate": 0.0002,
    "22087_mass": [
        5.5,
        "kg"
    ],
    "22093_failureRate": 0.0002,
    "22094_mass": [
        5.5,
        "kg"
    ]
}