{
    "266600_mass": [
        23,
        "kg"
    ],
    "266601_failureRate": 0.00010005499449940007,
    "266602_logFailureRate": -3.999761227573589,
    "266608_failureRate": 0.00015,
    "266609_mass": [
        3,
        "kg"
    ],
    "266615_failureRate": 0.0001,
    "266616_mass": [
        6,
        "kg"
    ],
    "266623_failureRate": 0.0001,
    "266624_mass": [
        3,
        "kg"
    ],
    "266630_failureRate": 0.0002,
    "266631_mass": [
        5.5,
        "kg"
    ],
    "266637_failureRate": 0.0002,
    "266638_mass": [
        5.5,
        "kg"
    ]
}