{
    "117022_mass": [
        39.5,
        "kg"
    ],
    "117023_failureRate": 8.002549751803416e-05,
    "117024_logFailureRate": -4.096771617169269,
    "117030_failureRate": 0.00015,
    "117031_mass": [
        3,
        "kg"
    ],
    "117037_failureRate": 0.00015,
    "117038_mass": [
        3,
        "kg"
    ],
    "117045_failureRate": 2e-05,
    "117046_mass": [
        10,
        "kg"
    ],
    "117053_failureRate": 2e-05,
    "117054_mass": [
        10,
        "kg"
    ],
    "117061_failureRate": 2e-05,
    "117062_mass": [
        10,
        "kg"
    ],
    "117068_failureRate": 8e-05,
    "117069_mass": [
        3.5,
        "kg"
    ]
}