{
    "231934_mass": [
        42,
        "kg"
    ],
    "231935_failureRate": 1.0648469638320398e-07,
    "231936_logFailureRate": -6.972712803059937,
    "231942_failureRate": 0.00015,
    "231943_mass": [
        3,
        "kg"
    ],
    "231949_failureRate": 0.00015,
    "231950_mass": [
        3,
        "kg"
    ],
    "231957_failureRate": 4e-05,
    "231958_mass": [
        5,
        "kg"
    ],
    "231965_failureRate": 2e-05,
    "231966_mass": [
        10,
        "kg"
    ],
    "231973_failureRate": 2e-05,
    "231974_mass": [
        10,
        "kg"
    ],
    "231980_failureRate": 0.0002,
    "231981_mass": [
        5.5,
        "kg"
    ],
    "231987_failureRate": 0.0002,
    "231988_mass": [
        5.5,
        "kg"
    ]
}