{
    "286920_mass": [
        37.5,
        "kg"
    ],
    "286921_failureRate": 2.280185148802096e-08,
    "286922_logFailureRate": -7.642029887280939,
    "286928_failureRate": 0.00015,
    "286929_mass": [
        3,
        "kg"
    ],
    "286935_failureRate": 0.0001,
    "286936_mass": [
        6,
        "kg"
    ],
    "286942_failureRate": 0.0001,
    "286943_mass": [
        6,
        "kg"
    ],
    "286950_failureRate": 4e-05,
    "286951_mass": [
        5,
        "kg"
    ],
    "286958_failureRate": 4e-05,
    "286959_mass": [
        5,
        "kg"
    ],
    "286965_failureRate": 8e-05,
    "286966_mass": [
        3.5,
        "kg"
    ],
    "286972_failureRate": 8e-05,
    "286973_mass": [
        3.5,
        "kg"
    ],
    "286979_failureRate": 0.0002,
    "286980_mass": [
        5.5,
        "kg"
    ]
}