{
    "191488_mass": [
        46.5,
        "kg"
    ],
    "191489_failureRate": 1.6004079156040804e-08,
    "191490_logFailureRate": -7.795769309270876,
    "191496_failureRate": 0.0001,
    "191497_mass": [
        6,
        "kg"
    ],
    "191503_failureRate": 0.0001,
    "191504_mass": [
        6,
        "kg"
    ],
    "191510_failureRate": 0.0001,
    "191511_mass": [
        6,
        "kg"
    ],
    "191518_failureRate": 0.0001,
    "191519_mass": [
        3,
        "kg"
    ],
    "191526_failureRate": 0.0001,
    "191527_mass": [
        3,
        "kg"
    ],
    "191534_failureRate": 2e-05,
    "191535_mass": [
        10,
        "kg"
    ],
    "191541_failureRate": 8e-05,
    "191542_mass": [
        3.5,
        "kg"
    ],
    "191548_failureRate": 8e-05,
    "191549_mass": [
        3.5,
        "kg"
    ],
    "191555_failureRate": 0.0002,
    "191556_mass": [
        5.5,
        "kg"
    ]
}