{
    "302733_mass": [
        32.5,
        "kg"
    ],
    "302734_failureRate": 4.805333391535121e-09,
    "302735_logFailureRate": -8.318276475824536,
    "302741_failureRate": 0.00015,
    "302742_mass": [
        3,
        "kg"
    ],
    "302748_failureRate": 0.00015,
    "302749_mass": [
        3,
        "kg"
    ],
    "302755_failureRate": 0.0001,
    "302756_mass": [
        6,
        "kg"
    ],
    "302763_failureRate": 4e-05,
    "302764_mass": [
        5,
        "kg"
    ],
    "302771_failureRate": 4e-05,
    "302772_mass": [
        5,
        "kg"
    ],
    "302778_failureRate": 8e-05,
    "302779_mass": [
        3.5,
        "kg"
    ],
    "302785_failureRate": 8e-05,
    "302786_mass": [
        3.5,
        "kg"
    ],
    "302792_failureRate": 8e-05,
    "302793_mass": [
        3.5,
        "kg"
    ]
}