{
    "81525_mass": [
        25.5,
        "kg"
    ],
    "81526_failureRate": 2.2510689186825586e-08,
    "81527_logFailureRate": -7.647611208444461,
    "81533_failureRate": 0.00015,
    "81534_mass": [
        3,
        "kg"
    ],
    "81540_failureRate": 0.00015,
    "81541_mass": [
        3,
        "kg"
    ],
    "81548_failureRate": 0.0001,
    "81549_mass": [
        3,
        "kg"
    ],
    "81556_failureRate": 0.0001,
    "81557_mass": [
        3,
        "kg"
    ],
    "81564_failureRate": 0.0001,
    "81565_mass": [
        3,
        "kg"
    ],
    "81571_failureRate": 8e-05,
    "81572_mass": [
        3.5,
        "kg"
    ],
    "81578_failureRate": 8e-05,
    "81579_mass": [
        3.5,
        "kg"
    ],
    "81585_failureRate": 8e-05,
    "81586_mass": [
        3.5,
        "kg"
    ]
}