{
    "340293_mass": [
        64.5,
        "kg"
    ],
    "340294_failureRate": 2.5500757948777413e-08,
    "340295_logFailureRate": -7.593446911013904,
    "340301_failureRate": 0.00015,
    "340302_mass": [
        3,
        "kg"
    ],
    "340308_failureRate": 0.00015,
    "340309_mass": [
        3,
        "kg"
    ],
    "340316_failureRate": 2e-05,
    "340317_mass": [
        10,
        "kg"
    ],
    "340324_failureRate": 2e-05,
    "340325_mass": [
        10,
        "kg"
    ],
    "340332_failureRate": 2e-05,
    "340333_mass": [
        10,
        "kg"
    ],
    "340339_failureRate": 0.0001,
    "340340_mass": [
        9.5,
        "kg"
    ],
    "340346_failureRate": 0.0001,
    "340347_mass": [
        9.5,
        "kg"
    ],
    "340353_failureRate": 0.0001,
    "340354_mass": [
        9.5,
        "kg"
    ]
}