{
    "324411_mass": [
        47.5,
        "kg"
    ],
    "324412_failureRate": 4.160856025982848e-12,
    "324413_logFailureRate": -11.380817311412763,
    "324419_failureRate": 0.00015,
    "324420_mass": [
        3,
        "kg"
    ],
    "324426_failureRate": 0.00015,
    "324427_mass": [
        3,
        "kg"
    ],
    "324433_failureRate": 5e-05,
    "324434_mass": [
        9,
        "kg"
    ],
    "324441_failureRate": 4e-05,
    "324442_mass": [
        5,
        "kg"
    ],
    "324449_failureRate": 4e-05,
    "324450_mass": [
        5,
        "kg"
    ],
    "324457_failureRate": 2e-05,
    "324458_mass": [
        10,
        "kg"
    ],
    "324464_failureRate": 8e-05,
    "324465_mass": [
        3.5,
        "kg"
    ],
    "324471_failureRate": 8e-05,
    "324472_mass": [
        3.5,
        "kg"
    ],
    "324478_failureRate": 0.0002,
    "324479_mass": [
        5.5,
        "kg"
    ]
}