{
    "174661_mass": [
        37,
        "kg"
    ],
    "174662_failureRate": 4.4998999200070004e-08,
    "174663_logFailureRate": -7.346797145040664,
    "174669_failureRate": 0.00015,
    "174670_mass": [
        3,
        "kg"
    ],
    "174676_failureRate": 0.0001,
    "174677_mass": [
        6,
        "kg"
    ],
    "174684_failureRate": 0.0001,
    "174685_mass": [
        3,
        "kg"
    ],
    "174692_failureRate": 0.0001,
    "174693_mass": [
        3,
        "kg"
    ],
    "174700_failureRate": 0.0001,
    "174701_mass": [
        3,
        "kg"
    ],
    "174707_failureRate": 0.0001,
    "174708_mass": [
        9.5,
        "kg"
    ],
    "174714_failureRate": 0.0001,
    "174715_mass": [
        9.5,
        "kg"
    ]
}