{
    "208643_mass": [
        68.5,
        "kg"
    ],
    "208644_failureRate": 9.909859001397754e-13,
    "208645_logFailureRate": -12.003932524662105,
    "208651_failureRate": 5e-05,
    "208652_mass": [
        9,
        "kg"
    ],
    "208658_failureRate": 5e-05,
    "208659_mass": [
        9,
        "kg"
    ],
    "208665_failureRate": 5e-05,
    "208666_mass": [
        9,
        "kg"
    ],
    "208673_failureRate": 4e-05,
    "208674_mass": [
        5,
        "kg"
    ],
    "208681_failureRate": 2e-05,
    "208682_mass": [
        10,
        "kg"
    ],
    "208689_failureRate": 2e-05,
    "208690_mass": [
        10,
        "kg"
    ],
    "208696_failureRate": 8e-05,
    "208697_mass": [
        3.5,
        "kg"
    ],
    "208703_failureRate": 8e-05,
    "208704_mass": [
        3.5,
        "kg"
    ],
    "208710_failureRate": 0.0001,
    "208711_mass": [
        9.5,
        "kg"
    ]
}