{
    "134936_mass": [
        54.5,
        "kg"
    ],
    "134937_failureRate": 4.089452904739947e-12,
    "134938_logFailureRate": -11.388334788898561,
    "134944_failureRate": 0.00015,
    "134945_mass": [
        3,
        "kg"
    ],
    "134951_failureRate": 0.00015,
    "134952_mass": [
        3,
        "kg"
    ],
    "134958_failureRate": 5e-05,
    "134959_mass": [
        9,
        "kg"
    ],
    "134966_failureRate": 4e-05,
    "134967_mass": [
        5,
        "kg"
    ],
    "134974_failureRate": 4e-05,
    "134975_mass": [
        5,
        "kg"
    ],
    "134982_failureRate": 4e-05,
    "134983_mass": [
        5,
        "kg"
    ],
    "134989_failureRate": 0.0002,
    "134990_mass": [
        5.5,
        "kg"
    ],
    "134996_failureRate": 0.0001,
    "134997_mass": [
        9.5,
        "kg"
    ],
    "135003_failureRate": 0.0001,
    "135004_mass": [
        9.5,
        "kg"
    ]
}