{
    "304938_mass": [
        48.5,
        "kg"
    ],
    "304939_failureRate": 7.5748448047708e-12,
    "304940_logFailureRate": -11.12062626066356,
    "304946_failureRate": 0.00015,
    "304947_mass": [
        3,
        "kg"
    ],
    "304953_failureRate": 5e-05,
    "304954_mass": [
        9,
        "kg"
    ],
    "304960_failureRate": 5e-05,
    "304961_mass": [
        9,
        "kg"
    ],
    "304968_failureRate": 0.0001,
    "304969_mass": [
        3,
        "kg"
    ],
    "304976_failureRate": 0.0001,
    "304977_mass": [
        3,
        "kg"
    ],
    "304984_failureRate": 0.0001,
    "304985_mass": [
        3,
        "kg"
    ],
    "304991_failureRate": 8e-05,
    "304992_mass": [
        3.5,
        "kg"
    ],
    "304998_failureRate": 0.0002,
    "304999_mass": [
        5.5,
        "kg"
    ],
    "305005_failureRate": 0.0001,
    "305006_mass": [
        9.5,
        "kg"
    ]
}