{
    "246576_mass": [
        46.5,
        "kg"
    ],
    "246577_failureRate": 1.5011093173320088e-08,
    "246578_logFailureRate": -7.823587679385428,
    "246584_failureRate": 0.00015,
    "246585_mass": [
        3,
        "kg"
    ],
    "246591_failureRate": 0.00015,
    "246592_mass": [
        3,
        "kg"
    ],
    "246598_failureRate": 0.00015,
    "246599_mass": [
        3,
        "kg"
    ],
    "246606_failureRate": 0.0001,
    "246607_mass": [
        3,
        "kg"
    ],
    "246614_failureRate": 2e-05,
    "246615_mass": [
        10,
        "kg"
    ],
    "246622_failureRate": 2e-05,
    "246623_mass": [
        10,
        "kg"
    ],
    "246629_failureRate": 8e-05,
    "246630_mass": [
        3.5,
        "kg"
    ],
    "246636_failureRate": 0.0002,
    "246637_mass": [
        5.5,
        "kg"
    ],
    "246643_failureRate": 0.0002,
    "246644_mass": [
        5.5,
        "kg"
    ]
}