{
    "22936_mass": [
        35,
        "kg"
    ],
    "22937_failureRate": 6.54917502540024e-08,
    "22938_logFailureRate": -7.183813402982437,
    "22944_failureRate": 0.00015,
    "22945_mass": [
        3,
        "kg"
    ],
    "22951_failureRate": 0.00015,
    "22952_mass": [
        3,
        "kg"
    ],
    "22959_failureRate": 0.0001,
    "22960_mass": [
        3,
        "kg"
    ],
    "22967_failureRate": 0.0001,
    "22968_mass": [
        3,
        "kg"
    ],
    "22975_failureRate": 2e-05,
    "22976_mass": [
        10,
        "kg"
    ],
    "22982_failureRate": 8e-05,
    "22983_mass": [
        3.5,
        "kg"
    ],
    "22989_failureRate": 0.0001,
    "22990_mass": [
        9.5,
        "kg"
    ]
}