{
    "137503_mass": [
        48.5,
        "kg"
    ],
    "137504_failureRate": 4.1218695915987396e-12,
    "137505_logFailureRate": -11.384905752621089,
    "137511_failureRate": 0.00015,
    "137512_mass": [
        3,
        "kg"
    ],
    "137518_failureRate": 0.00015,
    "137519_mass": [
        3,
        "kg"
    ],
    "137525_failureRate": 0.0001,
    "137526_mass": [
        6,
        "kg"
    ],
    "137533_failureRate": 4e-05,
    "137534_mass": [
        5,
        "kg"
    ],
    "137541_failureRate": 4e-05,
    "137542_mass": [
        5,
        "kg"
    ],
    "137549_failureRate": 2e-05,
    "137550_mass": [
        10,
        "kg"
    ],
    "137556_failureRate": 8e-05,
    "137557_mass": [
        3.5,
        "kg"
    ],
    "137563_failureRate": 8e-05,
    "137564_mass": [
        3.5,
        "kg"
    ],
    "137570_failureRate": 0.0001,
    "137571_mass": [
        9.5,
        "kg"
    ]
}