{
    "209621_mass": [
        28.5,
        "kg"
    ],
    "209622_failureRate": 3.010077982717503e-08,
    "209623_logFailureRate": -7.521422252902773,
    "209629_failureRate": 0.00015,
    "209630_mass": [
        3,
        "kg"
    ],
    "209636_failureRate": 0.00015,
    "209637_mass": [
        3,
        "kg"
    ],
    "209644_failureRate": 4e-05,
    "209645_mass": [
        5,
        "kg"
    ],
    "209652_failureRate": 4e-05,
    "209653_mass": [
        5,
        "kg"
    ],
    "209659_failureRate": 8e-05,
    "209660_mass": [
        3.5,
        "kg"
    ],
    "209666_failureRate": 8e-05,
    "209667_mass": [
        3.5,
        "kg"
    ],
    "209673_failureRate": 0.0002,
    "209674_mass": [
        5.5,
        "kg"
    ]
}