{
    "343748_mass": [
        37.5,
        "kg"
    ],
    "343749_failureRate": 7.550976843198847e-12,
    "343750_logFailureRate": -11.1219968615935,
    "343756_failureRate": 0.0001,
    "343757_mass": [
        6,
        "kg"
    ],
    "343763_failureRate": 0.0001,
    "343764_mass": [
        6,
        "kg"
    ],
    "343770_failureRate": 0.0001,
    "343771_mass": [
        6,
        "kg"
    ],
    "343778_failureRate": 0.0001,
    "343779_mass": [
        3,
        "kg"
    ],
    "343786_failureRate": 0.0001,
    "343787_mass": [
        3,
        "kg"
    ],
    "343794_failureRate": 0.0001,
    "343795_mass": [
        3,
        "kg"
    ],
    "343801_failureRate": 8e-05,
    "343802_mass": [
        3.5,
        "kg"
    ],
    "343808_failureRate": 8e-05,
    "343809_mass": [
        3.5,
        "kg"
    ],
    "343815_failureRate": 8e-05,
    "343816_mass": [
        3.5,
        "kg"
    ]
}