{
    "134521_mass": [
        52.5,
        "kg"
    ],
    "134522_failureRate": 2.6919460537298137e-12,
    "134523_logFailureRate": -11.56993364756924,
    "134529_failureRate": 0.0001,
    "134530_mass": [
        6,
        "kg"
    ],
    "134536_failureRate": 0.0001,
    "134537_mass": [
        6,
        "kg"
    ],
    "134543_failureRate": 5e-05,
    "134544_mass": [
        9,
        "kg"
    ],
    "134551_failureRate": 4e-05,
    "134552_mass": [
        5,
        "kg"
    ],
    "134559_failureRate": 4e-05,
    "134560_mass": [
        5,
        "kg"
    ],
    "134567_failureRate": 4e-05,
    "134568_mass": [
        5,
        "kg"
    ],
    "134574_failureRate": 8e-05,
    "134575_mass": [
        3.5,
        "kg"
    ],
    "134581_failureRate": 8e-05,
    "134582_mass": [
        3.5,
        "kg"
    ],
    "134588_failureRate": 0.0001,
    "134589_mass": [
        9.5,
        "kg"
    ]
}