{
    "156854_mass": [
        41.5,
        "kg"
    ],
    "156855_failureRate": 1.0800916948600001e-08,
    "156856_logFailureRate": -7.966539373326669,
    "156862_failureRate": 0.00015,
    "156863_mass": [
        3,
        "kg"
    ],
    "156869_failureRate": 0.00015,
    "156870_mass": [
        3,
        "kg"
    ],
    "156876_failureRate": 5e-05,
    "156877_mass": [
        9,
        "kg"
    ],
    "156884_failureRate": 4e-05,
    "156885_mass": [
        5,
        "kg"
    ],
    "156892_failureRate": 4e-05,
    "156893_mass": [
        5,
        "kg"
    ],
    "156899_failureRate": 8e-05,
    "156900_mass": [
        3.5,
        "kg"
    ],
    "156906_failureRate": 8e-05,
    "156907_mass": [
        3.5,
        "kg"
    ],
    "156913_failureRate": 0.0001,
    "156914_mass": [
        9.5,
        "kg"
    ]
}