{
    "361085_mass": [
        51,
        "kg"
    ],
    "361086_failureRate": 1.8401491537870324e-08,
    "361087_logFailureRate": -7.735146973707122,
    "361093_failureRate": 0.0001,
    "361094_mass": [
        6,
        "kg"
    ],
    "361100_failureRate": 0.0001,
    "361101_mass": [
        6,
        "kg"
    ],
    "361107_failureRate": 5e-05,
    "361108_mass": [
        9,
        "kg"
    ],
    "361115_failureRate": 0.0001,
    "361116_mass": [
        3,
        "kg"
    ],
    "361123_failureRate": 2e-05,
    "361124_mass": [
        10,
        "kg"
    ],
    "361131_failureRate": 2e-05,
    "361132_mass": [
        10,
        "kg"
    ],
    "361138_failureRate": 8e-05,
    "361139_mass": [
        3.5,
        "kg"
    ],
    "361145_failureRate": 8e-05,
    "361146_mass": [
        3.5,
        "kg"
    ]
}