{
    "322123_mass": [
        27.5,
        "kg"
    ],
    "322124_failureRate": 0.00019999000112477504,
    "322125_logFailureRate": -3.6989917171604603,
    "322131_failureRate": 0.00015,
    "322132_mass": [
        3,
        "kg"
    ],
    "322138_failureRate": 0.00015,
    "322139_mass": [
        3,
        "kg"
    ],
    "322145_failureRate": 5e-05,
    "322146_mass": [
        9,
        "kg"
    ],
    "322153_failureRate": 0.0001,
    "322154_mass": [
        3,
        "kg"
    ],
    "322160_failureRate": 0.0001,
    "322161_mass": [
        9.5,
        "kg"
    ]
}