{
    "23350_mass": [
        27.5,
        "kg"
    ],
    "23351_failureRate": 8.001749785006001e-05,
    "23352_logFailureRate": -4.096815033148246,
    "23358_failureRate": 5e-05,
    "23359_mass": [
        9,
        "kg"
    ],
    "23365_failureRate": 5e-05,
    "23366_mass": [
        9,
        "kg"
    ],
    "23373_failureRate": 0.0001,
    "23374_mass": [
        3,
        "kg"
    ],
    "23381_failureRate": 0.0001,
    "23382_mass": [
        3,
        "kg"
    ],
    "23388_failureRate": 8e-05,
    "23389_mass": [
        3.5,
        "kg"
    ]
}