{
    "343637_mass": [
        47,
        "kg"
    ],
    "343638_failureRate": 2.0001379976761324e-08,
    "343639_logFailureRate": -7.698940039555144,
    "343645_failureRate": 0.00015,
    "343646_mass": [
        3,
        "kg"
    ],
    "343652_failureRate": 0.0001,
    "343653_mass": [
        6,
        "kg"
    ],
    "343659_failureRate": 0.0001,
    "343660_mass": [
        6,
        "kg"
    ],
    "343667_failureRate": 0.0001,
    "343668_mass": [
        3,
        "kg"
    ],
    "343675_failureRate": 2e-05,
    "343676_mass": [
        10,
        "kg"
    ],
    "343683_failureRate": 2e-05,
    "343684_mass": [
        10,
        "kg"
    ],
    "343690_failureRate": 8e-05,
    "343691_mass": [
        3.5,
        "kg"
    ],
    "343697_failureRate": 0.0002,
    "343698_mass": [
        5.5,
        "kg"
    ]
}