{
    "192304_mass": [
        27.5,
        "kg"
    ],
    "192305_failureRate": 4.950656637742327e-08,
    "192306_logFailureRate": -7.3053371939482465,
    "192312_failureRate": 0.00015,
    "192313_mass": [
        3,
        "kg"
    ],
    "192319_failureRate": 0.00015,
    "192320_mass": [
        3,
        "kg"
    ],
    "192327_failureRate": 0.0001,
    "192328_mass": [
        3,
        "kg"
    ],
    "192335_failureRate": 0.0001,
    "192336_mass": [
        3,
        "kg"
    ],
    "192343_failureRate": 0.0001,
    "192344_mass": [
        3,
        "kg"
    ],
    "192350_failureRate": 8e-05,
    "192351_mass": [
        3.5,
        "kg"
    ],
    "192357_failureRate": 8e-05,
    "192358_mass": [
        3.5,
        "kg"
    ],
    "192364_failureRate": 0.0002,
    "192365_mass": [
        5.5,
        "kg"
    ]
}