{
    "268681_mass": [
        60.5,
        "kg"
    ],
    "268682_failureRate": 3.2799411601069795e-12,
    "268683_logFailureRate": -11.48413394716334,
    "268689_failureRate": 0.0001,
    "268690_mass": [
        6,
        "kg"
    ],
    "268696_failureRate": 0.0001,
    "268697_mass": [
        6,
        "kg"
    ],
    "268703_failureRate": 5e-05,
    "268704_mass": [
        9,
        "kg"
    ],
    "268711_failureRate": 0.0001,
    "268712_mass": [
        3,
        "kg"
    ],
    "268719_failureRate": 2e-05,
    "268720_mass": [
        10,
        "kg"
    ],
    "268727_failureRate": 2e-05,
    "268728_mass": [
        10,
        "kg"
    ],
    "268734_failureRate": 8e-05,
    "268735_mass": [
        3.5,
        "kg"
    ],
    "268741_failureRate": 8e-05,
    "268742_mass": [
        3.5,
        "kg"
    ],
    "268748_failureRate": 0.0001,
    "268749_mass": [
        9.5,
        "kg"
    ]
}