{
    "97250_mass": [
        28,
        "kg"
    ],
    "97251_failureRate": 1.22977201359976e-07,
    "97252_logFailureRate": -6.910175394587428,
    "97258_failureRate": 0.00015,
    "97259_mass": [
        3,
        "kg"
    ],
    "97265_failureRate": 0.0001,
    "97266_mass": [
        6,
        "kg"
    ],
    "97273_failureRate": 0.0001,
    "97274_mass": [
        3,
        "kg"
    ],
    "97281_failureRate": 4e-05,
    "97282_mass": [
        5,
        "kg"
    ],
    "97288_failureRate": 0.0002,
    "97289_mass": [
        5.5,
        "kg"
    ],
    "97295_failureRate": 0.0002,
    "97296_mass": [
        5.5,
        "kg"
    ]
}