{
    "190784_mass": [
        31,
        "kg"
    ],
    "190785_failureRate": 6.74927499250225e-08,
    "190786_logFailureRate": -7.17074287660105,
    "190792_failureRate": 0.00015,
    "190793_mass": [
        3,
        "kg"
    ],
    "190799_failureRate": 0.00015,
    "190800_mass": [
        3,
        "kg"
    ],
    "190807_failureRate": 0.0001,
    "190808_mass": [
        3,
        "kg"
    ],
    "190815_failureRate": 0.0001,
    "190816_mass": [
        3,
        "kg"
    ],
    "190822_failureRate": 0.0001,
    "190823_mass": [
        9.5,
        "kg"
    ],
    "190829_failureRate": 0.0001,
    "190830_mass": [
        9.5,
        "kg"
    ]
}