{
    "304079_mass": [
        25.5,
        "kg"
    ],
    "304080_failureRate": 2.5005276032781436e-08,
    "304081_logFailureRate": -7.601968346921067,
    "304087_failureRate": 0.00015,
    "304088_mass": [
        3,
        "kg"
    ],
    "304094_failureRate": 0.00015,
    "304095_mass": [
        3,
        "kg"
    ],
    "304101_failureRate": 0.00015,
    "304102_mass": [
        3,
        "kg"
    ],
    "304109_failureRate": 0.0001,
    "304110_mass": [
        3,
        "kg"
    ],
    "304117_failureRate": 0.0001,
    "304118_mass": [
        3,
        "kg"
    ],
    "304124_failureRate": 8e-05,
    "304125_mass": [
        3.5,
        "kg"
    ],
    "304131_failureRate": 8e-05,
    "304132_mass": [
        3.5,
        "kg"
    ],
    "304138_failureRate": 8e-05,
    "304139_mass": [
        3.5,
        "kg"
    ]
}