{
    "134637_mass": [
        25,
        "kg"
    ],
    "134638_failureRate": 2.9405658010182192e-08,
    "134639_logFailureRate": -7.5315690979489425,
    "134645_failureRate": 0.00015,
    "134646_mass": [
        3,
        "kg"
    ],
    "134652_failureRate": 0.0001,
    "134653_mass": [
        6,
        "kg"
    ],
    "134660_failureRate": 0.0001,
    "134661_mass": [
        3,
        "kg"
    ],
    "134668_failureRate": 0.0001,
    "134669_mass": [
        3,
        "kg"
    ],
    "134676_failureRate": 0.0001,
    "134677_mass": [
        3,
        "kg"
    ],
    "134683_failureRate": 8e-05,
    "134684_mass": [
        3.5,
        "kg"
    ],
    "134690_failureRate": 8e-05,
    "134691_mass": [
        3.5,
        "kg"
    ]
}