{
    "40698_mass": [
        33,
        "kg"
    ],
    "40699_failureRate": 4.0008001179939996e-05,
    "40700_logFailureRate": -4.397853145651915,
    "40706_failureRate": 0.00015,
    "40707_mass": [
        3,
        "kg"
    ],
    "40713_failureRate": 0.0001,
    "40714_mass": [
        6,
        "kg"
    ],
    "40720_failureRate": 0.0001,
    "40721_mass": [
        6,
        "kg"
    ],
    "40728_failureRate": 4e-05,
    "40729_mass": [
        5,
        "kg"
    ],
    "40735_failureRate": 8e-05,
    "40736_mass": [
        3.5,
        "kg"
    ],
    "40742_failureRate": 0.0001,
    "40743_mass": [
        9.5,
        "kg"
    ]
}