{
    "190575_mass": [
        35,
        "kg"
    ],
    "190576_failureRate": 2.1401284767491774e-08,
    "190577_logFailureRate": -7.6695601541889475,
    "190583_failureRate": 0.00015,
    "190584_mass": [
        3,
        "kg"
    ],
    "190590_failureRate": 0.00015,
    "190591_mass": [
        3,
        "kg"
    ],
    "190597_failureRate": 5e-05,
    "190598_mass": [
        9,
        "kg"
    ],
    "190605_failureRate": 0.0001,
    "190606_mass": [
        3,
        "kg"
    ],
    "190613_failureRate": 4e-05,
    "190614_mass": [
        5,
        "kg"
    ],
    "190621_failureRate": 4e-05,
    "190622_mass": [
        5,
        "kg"
    ],
    "190628_failureRate": 8e-05,
    "190629_mass": [
        3.5,
        "kg"
    ],
    "190635_failureRate": 8e-05,
    "190636_mass": [
        3.5,
        "kg"
    ]
}