{
    "80223_mass": [
        34.5,
        "kg"
    ],
    "80224_failureRate": 3.5002614002548605e-08,
    "80225_logFailureRate": -7.455899521235689,
    "80231_failureRate": 0.00015,
    "80232_mass": [
        3,
        "kg"
    ],
    "80238_failureRate": 0.00015,
    "80239_mass": [
        3,
        "kg"
    ],
    "80245_failureRate": 0.00015,
    "80246_mass": [
        3,
        "kg"
    ],
    "80253_failureRate": 0.0001,
    "80254_mass": [
        3,
        "kg"
    ],
    "80261_failureRate": 0.0001,
    "80262_mass": [
        3,
        "kg"
    ],
    "80269_failureRate": 0.0001,
    "80270_mass": [
        3,
        "kg"
    ],
    "80276_failureRate": 8e-05,
    "80277_mass": [
        3.5,
        "kg"
    ],
    "80283_failureRate": 8e-05,
    "80284_mass": [
        3.5,
        "kg"
    ],
    "80290_failureRate": 0.0001,
    "80291_mass": [
        9.5,
        "kg"
    ]
}