{
    "171394_mass": [
        45.5,
        "kg"
    ],
    "171395_failureRate": 7.6792719384912e-12,
    "171396_logFailureRate": -11.11467995289612,
    "171402_failureRate": 0.0001,
    "171403_mass": [
        6,
        "kg"
    ],
    "171409_failureRate": 0.0001,
    "171410_mass": [
        6,
        "kg"
    ],
    "171416_failureRate": 0.0001,
    "171417_mass": [
        6,
        "kg"
    ],
    "171424_failureRate": 0.0001,
    "171425_mass": [
        3,
        "kg"
    ],
    "171432_failureRate": 0.0001,
    "171433_mass": [
        3,
        "kg"
    ],
    "171440_failureRate": 4e-05,
    "171441_mass": [
        5,
        "kg"
    ],
    "171447_failureRate": 8e-05,
    "171448_mass": [
        3.5,
        "kg"
    ],
    "171454_failureRate": 8e-05,
    "171455_mass": [
        3.5,
        "kg"
    ],
    "171461_failureRate": 0.0001,
    "171462_mass": [
        9.5,
        "kg"
    ]
}