{
    "60429_mass": [
        26,
        "kg"
    ],
    "60430_failureRate": 5.38954498800144e-08,
    "60431_logFailureRate": -7.268447898550091,
    "60437_failureRate": 0.00015,
    "60438_mass": [
        3,
        "kg"
    ],
    "60444_failureRate": 0.00015,
    "60445_mass": [
        3,
        "kg"
    ],
    "60452_failureRate": 0.0001,
    "60453_mass": [
        3,
        "kg"
    ],
    "60460_failureRate": 2e-05,
    "60461_mass": [
        10,
        "kg"
    ],
    "60467_failureRate": 8e-05,
    "60468_mass": [
        3.5,
        "kg"
    ],
    "60474_failureRate": 8e-05,
    "60475_mass": [
        3.5,
        "kg"
    ]
}