{
    "305569_mass": [
        31,
        "kg"
    ],
    "305570_failureRate": 6.406999249970208e-09,
    "305571_logFailureRate": -8.193345326848442,
    "305577_failureRate": 0.00015,
    "305578_mass": [
        3,
        "kg"
    ],
    "305584_failureRate": 0.0001,
    "305585_mass": [
        6,
        "kg"
    ],
    "305591_failureRate": 0.0001,
    "305592_mass": [
        6,
        "kg"
    ],
    "305599_failureRate": 0.0001,
    "305600_mass": [
        3,
        "kg"
    ],
    "305607_failureRate": 0.0001,
    "305608_mass": [
        3,
        "kg"
    ],
    "305615_failureRate": 0.0001,
    "305616_mass": [
        3,
        "kg"
    ],
    "305622_failureRate": 8e-05,
    "305623_mass": [
        3.5,
        "kg"
    ],
    "305629_failureRate": 8e-05,
    "305630_mass": [
        3.5,
        "kg"
    ]
}