{
    "344218_mass": [
        29,
        "kg"
    ],
    "344219_failureRate": 7.000349685028e-08,
    "344220_logFailureRate": -7.154880265345036,
    "344226_failureRate": 0.00015,
    "344227_mass": [
        3,
        "kg"
    ],
    "344233_failureRate": 0.0001,
    "344234_mass": [
        6,
        "kg"
    ],
    "344241_failureRate": 0.0001,
    "344242_mass": [
        3,
        "kg"
    ],
    "344249_failureRate": 0.0001,
    "344250_mass": [
        3,
        "kg"
    ],
    "344257_failureRate": 0.0001,
    "344258_mass": [
        3,
        "kg"
    ],
    "344264_failureRate": 0.0002,
    "344265_mass": [
        5.5,
        "kg"
    ],
    "344271_failureRate": 0.0002,
    "344272_mass": [
        5.5,
        "kg"
    ]
}