{
    "362335_mass": [
        18,
        "kg"
    ],
    "362336_failureRate": 0.00010003849614964006,
    "362337_logFailureRate": -3.999832845518324,
    "362343_failureRate": 0.00015,
    "362344_mass": [
        3,
        "kg"
    ],
    "362350_failureRate": 0.00015,
    "362351_mass": [
        3,
        "kg"
    ],
    "362358_failureRate": 0.0001,
    "362359_mass": [
        3,
        "kg"
    ],
    "362365_failureRate": 8e-05,
    "362366_mass": [
        3.5,
        "kg"
    ],
    "362372_failureRate": 0.0002,
    "362373_mass": [
        5.5,
        "kg"
    ]
}