{
    "343326_mass": [
        47.5,
        "kg"
    ],
    "343327_failureRate": 1.0005424484979251e-08,
    "343328_logFailureRate": -7.999764481483194,
    "343334_failureRate": 5e-05,
    "343335_mass": [
        9,
        "kg"
    ],
    "343341_failureRate": 5e-05,
    "343342_mass": [
        9,
        "kg"
    ],
    "343348_failureRate": 5e-05,
    "343349_mass": [
        9,
        "kg"
    ],
    "343356_failureRate": 0.0001,
    "343357_mass": [
        3,
        "kg"
    ],
    "343364_failureRate": 0.0001,
    "343365_mass": [
        3,
        "kg"
    ],
    "343371_failureRate": 8e-05,
    "343372_mass": [
        3.5,
        "kg"
    ],
    "343378_failureRate": 0.0002,
    "343379_mass": [
        5.5,
        "kg"
    ],
    "343385_failureRate": 0.0002,
    "343386_mass": [
        5.5,
        "kg"
    ]
}