{
    "24271_mass": [
        20,
        "kg"
    ],
    "24272_failureRate": 0.0001700033989120192,
    "24273_logFailureRate": -3.7695423955983256,
    "24279_failureRate": 0.00015,
    "24280_mass": [
        3,
        "kg"
    ],
    "24287_failureRate": 2e-05,
    "24288_mass": [
        10,
        "kg"
    ],
    "24294_failureRate": 8e-05,
    "24295_mass": [
        3.5,
        "kg"
    ],
    "24301_failureRate": 8e-05,
    "24302_mass": [
        3.5,
        "kg"
    ]
}