{
    "135549_mass": [
        49,
        "kg"
    ],
    "135550_failureRate": 2.7997960019360534e-08,
    "135551_logFailureRate": -7.552873610965286,
    "135557_failureRate": 0.0001,
    "135558_mass": [
        6,
        "kg"
    ],
    "135564_failureRate": 0.0001,
    "135565_mass": [
        6,
        "kg"
    ],
    "135572_failureRate": 2e-05,
    "135573_mass": [
        10,
        "kg"
    ],
    "135580_failureRate": 2e-05,
    "135581_mass": [
        10,
        "kg"
    ],
    "135588_failureRate": 2e-05,
    "135589_mass": [
        10,
        "kg"
    ],
    "135595_failureRate": 8e-05,
    "135596_mass": [
        3.5,
        "kg"
    ],
    "135602_failureRate": 8e-05,
    "135603_mass": [
        3.5,
        "kg"
    ]
}