{
    "79133_mass": [
        26.5,
        "kg"
    ],
    "79134_failureRate": 4.001500067994879e-05,
    "79135_logFailureRate": -4.39777717139034,
    "79141_failureRate": 0.00015,
    "79142_mass": [
        3,
        "kg"
    ],
    "79148_failureRate": 0.0001,
    "79149_mass": [
        6,
        "kg"
    ],
    "79156_failureRate": 4e-05,
    "79157_mass": [
        5,
        "kg"
    ],
    "79163_failureRate": 8e-05,
    "79164_mass": [
        3.5,
        "kg"
    ],
    "79170_failureRate": 8e-05,
    "79171_mass": [
        3.5,
        "kg"
    ],
    "79177_failureRate": 0.0002,
    "79178_mass": [
        5.5,
        "kg"
    ]
}