{
    "115331_mass": [
        38.5,
        "kg"
    ],
    "115332_failureRate": 1.6797400036009002e-11,
    "115333_logFailureRate": -10.77475793478586,
    "115339_failureRate": 0.00015,
    "115340_mass": [
        3,
        "kg"
    ],
    "115346_failureRate": 0.0001,
    "115347_mass": [
        6,
        "kg"
    ],
    "115353_failureRate": 0.0001,
    "115354_mass": [
        6,
        "kg"
    ],
    "115361_failureRate": 0.0001,
    "115362_mass": [
        3,
        "kg"
    ],
    "115369_failureRate": 0.0001,
    "115370_mass": [
        3,
        "kg"
    ],
    "115377_failureRate": 0.0001,
    "115378_mass": [
        3,
        "kg"
    ],
    "115384_failureRate": 8e-05,
    "115385_mass": [
        3.5,
        "kg"
    ],
    "115391_failureRate": 0.0002,
    "115392_mass": [
        5.5,
        "kg"
    ],
    "115398_failureRate": 0.0002,
    "115399_mass": [
        5.5,
        "kg"
    ]
}