{
    "22666_mass": [
        41.5,
        "kg"
    ],
    "22667_failureRate": 0.00010000000239962004,
    "22668_logFailureRate": -3.9999999895785825,
    "22674_failureRate": 0.0001,
    "22675_mass": [
        6,
        "kg"
    ],
    "22681_failureRate": 0.0001,
    "22682_mass": [
        6,
        "kg"
    ],
    "22688_failureRate": 5e-05,
    "22689_mass": [
        9,
        "kg"
    ],
    "22696_failureRate": 0.0001,
    "22697_mass": [
        3,
        "kg"
    ],
    "22704_failureRate": 0.0001,
    "22705_mass": [
        3,
        "kg"
    ],
    "22712_failureRate": 4e-05,
    "22713_mass": [
        5,
        "kg"
    ],
    "22719_failureRate": 0.0001,
    "22720_mass": [
        9.5,
        "kg"
    ]
}