{
    "268798_mass": [
        46.5,
        "kg"
    ],
    "268799_failureRate": 2.9008062761590088e-08,
    "268800_logFailureRate": -7.537481273611819,
    "268806_failureRate": 0.0001,
    "268807_mass": [
        6,
        "kg"
    ],
    "268813_failureRate": 5e-05,
    "268814_mass": [
        9,
        "kg"
    ],
    "268821_failureRate": 4e-05,
    "268822_mass": [
        5,
        "kg"
    ],
    "268829_failureRate": 4e-05,
    "268830_mass": [
        5,
        "kg"
    ],
    "268837_failureRate": 4e-05,
    "268838_mass": [
        5,
        "kg"
    ],
    "268844_failureRate": 0.0002,
    "268845_mass": [
        5.5,
        "kg"
    ],
    "268851_failureRate": 0.0002,
    "268852_mass": [
        5.5,
        "kg"
    ],
    "268858_failureRate": 0.0002,
    "268859_mass": [
        5.5,
        "kg"
    ]
}