{
    "340995_mass": [
        33.5,
        "kg"
    ],
    "340996_failureRate": 8.007960791839481e-09,
    "340997_logFailureRate": -8.096478061893553,
    "341003_failureRate": 0.00015,
    "341004_mass": [
        3,
        "kg"
    ],
    "341010_failureRate": 0.00015,
    "341011_mass": [
        3,
        "kg"
    ],
    "341017_failureRate": 0.0001,
    "341018_mass": [
        6,
        "kg"
    ],
    "341025_failureRate": 0.0001,
    "341026_mass": [
        3,
        "kg"
    ],
    "341033_failureRate": 0.0001,
    "341034_mass": [
        3,
        "kg"
    ],
    "341041_failureRate": 4e-05,
    "341042_mass": [
        5,
        "kg"
    ],
    "341048_failureRate": 8e-05,
    "341049_mass": [
        3.5,
        "kg"
    ],
    "341055_failureRate": 8e-05,
    "341056_mass": [
        3.5,
        "kg"
    ],
    "341062_failureRate": 8e-05,
    "341063_mass": [
        3.5,
        "kg"
    ]
}