{
    "266227_mass": [
        14.5,
        "kg"
    ],
    "266228_failureRate": 0.00021998480032,
    "266229_logFailureRate": -3.657607325383229,
    "266235_failureRate": 0.0001,
    "266236_mass": [
        6,
        "kg"
    ],
    "266243_failureRate": 4e-05,
    "266244_mass": [
        5,
        "kg"
    ],
    "266250_failureRate": 8e-05,
    "266251_mass": [
        3.5,
        "kg"
    ]
}