{
    "43157_mass": [
        23.5,
        "kg"
    ],
    "43158_failureRate": 0.00015000400195934723,
    "43159_logFailureRate": -3.8238971542398077,
    "43165_failureRate": 0.00015,
    "43166_mass": [
        3,
        "kg"
    ],
    "43173_failureRate": 0.0001,
    "43174_mass": [
        3,
        "kg"
    ],
    "43181_failureRate": 4e-05,
    "43182_mass": [
        5,
        "kg"
    ],
    "43188_failureRate": 8e-05,
    "43189_mass": [
        3.5,
        "kg"
    ],
    "43195_failureRate": 8e-05,
    "43196_mass": [
        3.5,
        "kg"
    ],
    "43202_failureRate": 0.0002,
    "43203_mass": [
        5.5,
        "kg"
    ]
}