{
    "39810_mass": [
        27,
        "kg"
    ],
    "39811_failureRate": 0.0001500149970001,
    "39812_logFailureRate": -3.8238653223521877,
    "39818_failureRate": 5e-05,
    "39819_mass": [
        9,
        "kg"
    ],
    "39826_failureRate": 0.0001,
    "39827_mass": [
        3,
        "kg"
    ],
    "39833_failureRate": 0.0002,
    "39834_mass": [
        5.5,
        "kg"
    ],
    "39840_failureRate": 0.0001,
    "39841_mass": [
        9.5,
        "kg"
    ]
}