{
    "324204_mass": [
        18.5,
        "kg"
    ],
    "324205_failureRate": 8.003999380024002e-05,
    "324206_logFailureRate": -4.096692953675527,
    "324212_failureRate": 0.00015,
    "324213_mass": [
        3,
        "kg"
    ],
    "324219_failureRate": 0.0001,
    "324220_mass": [
        6,
        "kg"
    ],
    "324227_failureRate": 0.0001,
    "324228_mass": [
        3,
        "kg"
    ],
    "324235_failureRate": 0.0001,
    "324236_mass": [
        3,
        "kg"
    ],
    "324242_failureRate": 8e-05,
    "324243_mass": [
        3.5,
        "kg"
    ]
}