{
    "341803_mass": [
        45,
        "kg"
    ],
    "341804_failureRate": 3.2997924927505e-08,
    "341805_logFailureRate": -7.481513369845423,
    "341811_failureRate": 5e-05,
    "341812_mass": [
        9,
        "kg"
    ],
    "341818_failureRate": 5e-05,
    "341819_mass": [
        9,
        "kg"
    ],
    "341825_failureRate": 5e-05,
    "341826_mass": [
        9,
        "kg"
    ],
    "341833_failureRate": 0.0001,
    "341834_mass": [
        3,
        "kg"
    ],
    "341841_failureRate": 0.0001,
    "341842_mass": [
        3,
        "kg"
    ],
    "341849_failureRate": 0.0001,
    "341850_mass": [
        3,
        "kg"
    ],
    "341856_failureRate": 8e-05,
    "341857_mass": [
        3.5,
        "kg"
    ],
    "341863_failureRate": 0.0002,
    "341864_mass": [
        5.5,
        "kg"
    ]
}