{
    "58061_mass": [
        17.5,
        "kg"
    ],
    "58062_failureRate": 0.000179995999280032,
    "58063_logFailureRate": -3.7447371477295546,
    "58069_failureRate": 0.0001,
    "58070_mass": [
        6,
        "kg"
    ],
    "58077_failureRate": 0.0001,
    "58078_mass": [
        3,
        "kg"
    ],
    "58085_failureRate": 4e-05,
    "58086_mass": [
        5,
        "kg"
    ],
    "58092_failureRate": 8e-05,
    "58093_mass": [
        3.5,
        "kg"
    ]
}