{
    "173117_mass": [
        41.5,
        "kg"
    ],
    "173118_failureRate": 2.312079012972274e-12,
    "173119_logFailureRate": -11.63599732842127,
    "173125_failureRate": 0.0001,
    "173126_mass": [
        6,
        "kg"
    ],
    "173132_failureRate": 0.0001,
    "173133_mass": [
        6,
        "kg"
    ],
    "173139_failureRate": 0.0001,
    "173140_mass": [
        6,
        "kg"
    ],
    "173147_failureRate": 0.0001,
    "173148_mass": [
        3,
        "kg"
    ],
    "173155_failureRate": 4e-05,
    "173156_mass": [
        5,
        "kg"
    ],
    "173163_failureRate": 4e-05,
    "173164_mass": [
        5,
        "kg"
    ],
    "173170_failureRate": 8e-05,
    "173171_mass": [
        3.5,
        "kg"
    ],
    "173177_failureRate": 8e-05,
    "173178_mass": [
        3.5,
        "kg"
    ],
    "173184_failureRate": 8e-05,
    "173185_mass": [
        3.5,
        "kg"
    ]
}