{
    "247304_mass": [
        46.5,
        "kg"
    ],
    "247305_failureRate": 4.121760175682111e-12,
    "247306_logFailureRate": -11.384917281214722,
    "247312_failureRate": 0.00015,
    "247313_mass": [
        3,
        "kg"
    ],
    "247319_failureRate": 0.0001,
    "247320_mass": [
        6,
        "kg"
    ],
    "247326_failureRate": 5e-05,
    "247327_mass": [
        9,
        "kg"
    ],
    "247334_failureRate": 0.0001,
    "247335_mass": [
        3,
        "kg"
    ],
    "247342_failureRate": 4e-05,
    "247343_mass": [
        5,
        "kg"
    ],
    "247350_failureRate": 2e-05,
    "247351_mass": [
        10,
        "kg"
    ],
    "247357_failureRate": 8e-05,
    "247358_mass": [
        3.5,
        "kg"
    ],
    "247364_failureRate": 8e-05,
    "247365_mass": [
        3.5,
        "kg"
    ],
    "247371_failureRate": 8e-05,
    "247372_mass": [
        3.5,
        "kg"
    ]
}