{
    "174427_mass": [
        46.5,
        "kg"
    ],
    "174428_failureRate": 5.439490006598722e-12,
    "174429_logFailureRate": -11.26444181679129,
    "174435_failureRate": 0.0001,
    "174436_mass": [
        6,
        "kg"
    ],
    "174442_failureRate": 0.0001,
    "174443_mass": [
        6,
        "kg"
    ],
    "174449_failureRate": 5e-05,
    "174450_mass": [
        9,
        "kg"
    ],
    "174457_failureRate": 0.0001,
    "174458_mass": [
        3,
        "kg"
    ],
    "174465_failureRate": 0.0001,
    "174466_mass": [
        3,
        "kg"
    ],
    "174473_failureRate": 0.0001,
    "174474_mass": [
        3,
        "kg"
    ],
    "174480_failureRate": 8e-05,
    "174481_mass": [
        3.5,
        "kg"
    ],
    "174487_failureRate": 8e-05,
    "174488_mass": [
        3.5,
        "kg"
    ],
    "174494_failureRate": 0.0001,
    "174495_mass": [
        9.5,
        "kg"
    ]
}