{
    "171276_mass": [
        67.5,
        "kg"
    ],
    "171277_failureRate": 3.833627208580052e-12,
    "171278_logFailureRate": -11.41639012127751,
    "171284_failureRate": 0.0001,
    "171285_mass": [
        6,
        "kg"
    ],
    "171291_failureRate": 5e-05,
    "171292_mass": [
        9,
        "kg"
    ],
    "171298_failureRate": 5e-05,
    "171299_mass": [
        9,
        "kg"
    ],
    "171306_failureRate": 4e-05,
    "171307_mass": [
        5,
        "kg"
    ],
    "171314_failureRate": 4e-05,
    "171315_mass": [
        5,
        "kg"
    ],
    "171322_failureRate": 4e-05,
    "171323_mass": [
        5,
        "kg"
    ],
    "171329_failureRate": 0.0001,
    "171330_mass": [
        9.5,
        "kg"
    ],
    "171336_failureRate": 0.0001,
    "171337_mass": [
        9.5,
        "kg"
    ],
    "171343_failureRate": 0.0001,
    "171344_mass": [
        9.5,
        "kg"
    ]
}