{
    "264933_mass": [
        48.5,
        "kg"
    ],
    "264934_failureRate": 2.5940880592502953e-11,
    "264935_logFailureRate": -10.586015285384798,
    "264941_failureRate": 0.00015,
    "264942_mass": [
        3,
        "kg"
    ],
    "264948_failureRate": 0.00015,
    "264949_mass": [
        3,
        "kg"
    ],
    "264955_failureRate": 0.00015,
    "264956_mass": [
        3,
        "kg"
    ],
    "264963_failureRate": 0.0001,
    "264964_mass": [
        3,
        "kg"
    ],
    "264971_failureRate": 2e-05,
    "264972_mass": [
        10,
        "kg"
    ],
    "264979_failureRate": 2e-05,
    "264980_mass": [
        10,
        "kg"
    ],
    "264986_failureRate": 0.0002,
    "264987_mass": [
        5.5,
        "kg"
    ],
    "264993_failureRate": 0.0002,
    "264994_mass": [
        5.5,
        "kg"
    ],
    "265000_failureRate": 0.0002,
    "265001_mass": [
        5.5,
        "kg"
    ]
}