{
    "284067_mass": [
        38.5,
        "kg"
    ],
    "284068_failureRate": 1.00022267613012e-08,
    "284069_logFailureRate": -7.999903303751011,
    "284075_failureRate": 0.00015,
    "284076_mass": [
        3,
        "kg"
    ],
    "284082_failureRate": 0.00015,
    "284083_mass": [
        3,
        "kg"
    ],
    "284089_failureRate": 5e-05,
    "284090_mass": [
        9,
        "kg"
    ],
    "284097_failureRate": 0.0001,
    "284098_mass": [
        3,
        "kg"
    ],
    "284105_failureRate": 2e-05,
    "284106_mass": [
        10,
        "kg"
    ],
    "284112_failureRate": 8e-05,
    "284113_mass": [
        3.5,
        "kg"
    ],
    "284119_failureRate": 8e-05,
    "284120_mass": [
        3.5,
        "kg"
    ],
    "284126_failureRate": 8e-05,
    "284127_mass": [
        3.5,
        "kg"
    ]
}