{
    "363166_mass": [
        79.5,
        "kg"
    ],
    "363167_failureRate": 2.252869100270029e-12,
    "363168_logFailureRate": -11.647264041601488,
    "363174_failureRate": 0.00015,
    "363175_mass": [
        3,
        "kg"
    ],
    "363181_failureRate": 5e-05,
    "363182_mass": [
        9,
        "kg"
    ],
    "363188_failureRate": 5e-05,
    "363189_mass": [
        9,
        "kg"
    ],
    "363196_failureRate": 2e-05,
    "363197_mass": [
        10,
        "kg"
    ],
    "363204_failureRate": 2e-05,
    "363205_mass": [
        10,
        "kg"
    ],
    "363212_failureRate": 2e-05,
    "363213_mass": [
        10,
        "kg"
    ],
    "363219_failureRate": 0.0001,
    "363220_mass": [
        9.5,
        "kg"
    ],
    "363226_failureRate": 0.0001,
    "363227_mass": [
        9.5,
        "kg"
    ],
    "363233_failureRate": 0.0001,
    "363234_mass": [
        9.5,
        "kg"
    ]
}