{
    "156650_mass": [
        35,
        "kg"
    ],
    "156651_failureRate": 3.3400609459427925e-08,
    "156652_logFailureRate": -7.476245608564136,
    "156658_failureRate": 0.00015,
    "156659_mass": [
        3,
        "kg"
    ],
    "156665_failureRate": 0.00015,
    "156666_mass": [
        3,
        "kg"
    ],
    "156672_failureRate": 0.0001,
    "156673_mass": [
        6,
        "kg"
    ],
    "156680_failureRate": 0.0001,
    "156681_mass": [
        3,
        "kg"
    ],
    "156688_failureRate": 0.0001,
    "156689_mass": [
        3,
        "kg"
    ],
    "156696_failureRate": 2e-05,
    "156697_mass": [
        10,
        "kg"
    ],
    "156703_failureRate": 8e-05,
    "156704_mass": [
        3.5,
        "kg"
    ],
    "156710_failureRate": 8e-05,
    "156711_mass": [
        3.5,
        "kg"
    ]
}