{
    "267846_mass": [
        34.5,
        "kg"
    ],
    "267847_failureRate": 1.1014408769579796e-11,
    "267848_logFailureRate": -10.958038809906794,
    "267854_failureRate": 0.00015,
    "267855_mass": [
        3,
        "kg"
    ],
    "267861_failureRate": 0.00015,
    "267862_mass": [
        3,
        "kg"
    ],
    "267868_failureRate": 0.00015,
    "267869_mass": [
        3,
        "kg"
    ],
    "267876_failureRate": 0.0001,
    "267877_mass": [
        3,
        "kg"
    ],
    "267884_failureRate": 0.0001,
    "267885_mass": [
        3,
        "kg"
    ],
    "267892_failureRate": 0.0001,
    "267893_mass": [
        3,
        "kg"
    ],
    "267899_failureRate": 8e-05,
    "267900_mass": [
        3.5,
        "kg"
    ],
    "267906_failureRate": 8e-05,
    "267907_mass": [
        3.5,
        "kg"
    ],
    "267913_failureRate": 0.0001,
    "267914_mass": [
        9.5,
        "kg"
    ]
}