{
    "21428_mass": [
        25.5,
        "kg"
    ],
    "21429_failureRate": 0.00021998600020000001,
    "21430_logFailureRate": -3.657604956583925,
    "21436_failureRate": 0.0001,
    "21437_mass": [
        6,
        "kg"
    ],
    "21444_failureRate": 2e-05,
    "21445_mass": [
        10,
        "kg"
    ],
    "21451_failureRate": 0.0001,
    "21452_mass": [
        9.5,
        "kg"
    ]
}