{
    "118280_mass": [
        29,
        "kg"
    ],
    "118281_failureRate": 5.00179980120672e-05,
    "118282_logFailureRate": -4.300873695046778,
    "118288_failureRate": 5e-05,
    "118289_mass": [
        9,
        "kg"
    ],
    "118296_failureRate": 0.0001,
    "118297_mass": [
        3,
        "kg"
    ],
    "118304_failureRate": 2e-05,
    "118305_mass": [
        10,
        "kg"
    ],
    "118311_failureRate": 8e-05,
    "118312_mass": [
        3.5,
        "kg"
    ],
    "118318_failureRate": 8e-05,
    "118319_mass": [
        3.5,
        "kg"
    ]
}