{
    "135138_mass": [
        55.5,
        "kg"
    ],
    "135139_failureRate": 1.5002874465014998e-08,
    "135140_logFailureRate": -7.8238255246311805,
    "135146_failureRate": 5e-05,
    "135147_mass": [
        9,
        "kg"
    ],
    "135153_failureRate": 5e-05,
    "135154_mass": [
        9,
        "kg"
    ],
    "135160_failureRate": 5e-05,
    "135161_mass": [
        9,
        "kg"
    ],
    "135168_failureRate": 0.0001,
    "135169_mass": [
        3,
        "kg"
    ],
    "135176_failureRate": 0.0001,
    "135177_mass": [
        3,
        "kg"
    ],
    "135183_failureRate": 8e-05,
    "135184_mass": [
        3.5,
        "kg"
    ],
    "135190_failureRate": 0.0001,
    "135191_mass": [
        9.5,
        "kg"
    ],
    "135197_failureRate": 0.0001,
    "135198_mass": [
        9.5,
        "kg"
    ]
}