{
    "133855_mass": [
        31.5,
        "kg"
    ],
    "133856_failureRate": 2.25040610170307e-08,
    "133857_logFailureRate": -7.64773910330447,
    "133863_failureRate": 0.00015,
    "133864_mass": [
        3,
        "kg"
    ],
    "133870_failureRate": 5e-05,
    "133871_mass": [
        9,
        "kg"
    ],
    "133878_failureRate": 0.0001,
    "133879_mass": [
        3,
        "kg"
    ],
    "133886_failureRate": 0.0001,
    "133887_mass": [
        3,
        "kg"
    ],
    "133894_failureRate": 0.0001,
    "133895_mass": [
        3,
        "kg"
    ],
    "133901_failureRate": 8e-05,
    "133902_mass": [
        3.5,
        "kg"
    ],
    "133908_failureRate": 8e-05,
    "133909_mass": [
        3.5,
        "kg"
    ],
    "133915_failureRate": 8e-05,
    "133916_mass": [
        3.5,
        "kg"
    ]
}