{
    "266011_mass": [
        31,
        "kg"
    ],
    "266012_failureRate": 3.2100423627613915e-08,
    "266013_logFailureRate": -7.493489236195716,
    "266019_failureRate": 0.00015,
    "266020_mass": [
        3,
        "kg"
    ],
    "266026_failureRate": 0.00015,
    "266027_mass": [
        3,
        "kg"
    ],
    "266034_failureRate": 0.0001,
    "266035_mass": [
        3,
        "kg"
    ],
    "266042_failureRate": 4e-05,
    "266043_mass": [
        5,
        "kg"
    ],
    "266050_failureRate": 2e-05,
    "266051_mass": [
        10,
        "kg"
    ],
    "266057_failureRate": 8e-05,
    "266058_mass": [
        3.5,
        "kg"
    ],
    "266064_failureRate": 8e-05,
    "266065_mass": [
        3.5,
        "kg"
    ]
}