{
    "189649_mass": [
        20.5,
        "kg"
    ],
    "189650_failureRate": 0.00017999200039992802,
    "189651_logFailureRate": -3.744746796337645,
    "189657_failureRate": 0.0001,
    "189658_mass": [
        6,
        "kg"
    ],
    "189665_failureRate": 0.0001,
    "189666_mass": [
        3,
        "kg"
    ],
    "189673_failureRate": 0.0001,
    "189674_mass": [
        3,
        "kg"
    ],
    "189681_failureRate": 4e-05,
    "189682_mass": [
        5,
        "kg"
    ],
    "189688_failureRate": 8e-05,
    "189689_mass": [
        3.5,
        "kg"
    ]
}