{
    "136412_mass": [
        35.5,
        "kg"
    ],
    "136413_failureRate": 0.00020000000499845018,
    "136414_logFailureRate": -3.6989699934820224,
    "136420_failureRate": 0.0001,
    "136421_mass": [
        6,
        "kg"
    ],
    "136427_failureRate": 0.0001,
    "136428_mass": [
        6,
        "kg"
    ],
    "136434_failureRate": 5e-05,
    "136435_mass": [
        9,
        "kg"
    ],
    "136442_failureRate": 0.0001,
    "136443_mass": [
        3,
        "kg"
    ],
    "136450_failureRate": 0.0001,
    "136451_mass": [
        3,
        "kg"
    ],
    "136458_failureRate": 0.0001,
    "136459_mass": [
        3,
        "kg"
    ],
    "136465_failureRate": 0.0002,
    "136466_mass": [
        5.5,
        "kg"
    ]
}