{
    "268377_mass": [
        46.5,
        "kg"
    ],
    "268378_failureRate": 1.5005109495360137e-08,
    "268379_logFailureRate": -7.823760831091698,
    "268385_failureRate": 0.00015,
    "268386_mass": [
        3,
        "kg"
    ],
    "268392_failureRate": 0.0001,
    "268393_mass": [
        6,
        "kg"
    ],
    "268399_failureRate": 5e-05,
    "268400_mass": [
        9,
        "kg"
    ],
    "268407_failureRate": 0.0001,
    "268408_mass": [
        3,
        "kg"
    ],
    "268415_failureRate": 0.0001,
    "268416_mass": [
        3,
        "kg"
    ],
    "268423_failureRate": 2e-05,
    "268424_mass": [
        10,
        "kg"
    ],
    "268430_failureRate": 8e-05,
    "268431_mass": [
        3.5,
        "kg"
    ],
    "268437_failureRate": 8e-05,
    "268438_mass": [
        3.5,
        "kg"
    ],
    "268444_failureRate": 0.0002,
    "268445_mass": [
        5.5,
        "kg"
    ]
}