{
    "267178_mass": [
        36.5,
        "kg"
    ],
    "267179_failureRate": 4.045315890702085e-12,
    "267180_logFailureRate": -11.393047559531999,
    "267186_failureRate": 0.00015,
    "267187_mass": [
        3,
        "kg"
    ],
    "267193_failureRate": 0.00015,
    "267194_mass": [
        3,
        "kg"
    ],
    "267200_failureRate": 5e-05,
    "267201_mass": [
        9,
        "kg"
    ],
    "267208_failureRate": 0.0001,
    "267209_mass": [
        3,
        "kg"
    ],
    "267216_failureRate": 0.0001,
    "267217_mass": [
        3,
        "kg"
    ],
    "267224_failureRate": 0.0001,
    "267225_mass": [
        3,
        "kg"
    ],
    "267231_failureRate": 8e-05,
    "267232_mass": [
        3.5,
        "kg"
    ],
    "267238_failureRate": 8e-05,
    "267239_mass": [
        3.5,
        "kg"
    ],
    "267245_failureRate": 0.0002,
    "267246_mass": [
        5.5,
        "kg"
    ]
}