{
    "359295_mass": [
        40.5,
        "kg"
    ],
    "359296_failureRate": 5.0000001087917444e-05,
    "359297_logFailureRate": -4.30102998621445,
    "359303_failureRate": 5e-05,
    "359304_mass": [
        9,
        "kg"
    ],
    "359311_failureRate": 4e-05,
    "359312_mass": [
        5,
        "kg"
    ],
    "359319_failureRate": 4e-05,
    "359320_mass": [
        5,
        "kg"
    ],
    "359327_failureRate": 4e-05,
    "359328_mass": [
        5,
        "kg"
    ],
    "359334_failureRate": 8e-05,
    "359335_mass": [
        3.5,
        "kg"
    ],
    "359341_failureRate": 8e-05,
    "359342_mass": [
        3.5,
        "kg"
    ],
    "359348_failureRate": 0.0001,
    "359349_mass": [
        9.5,
        "kg"
    ]
}