{
    "194463_mass": [
        35,
        "kg"
    ],
    "194464_failureRate": 2.0015499689940003e-05,
    "194465_logFailureRate": -4.698633563196912,
    "194471_failureRate": 0.00015,
    "194472_mass": [
        3,
        "kg"
    ],
    "194478_failureRate": 5e-05,
    "194479_mass": [
        9,
        "kg"
    ],
    "194486_failureRate": 2e-05,
    "194487_mass": [
        10,
        "kg"
    ],
    "194493_failureRate": 8e-05,
    "194494_mass": [
        3.5,
        "kg"
    ],
    "194500_failureRate": 0.0001,
    "194501_mass": [
        9.5,
        "kg"
    ]
}