{
    "302957_mass": [
        23.5,
        "kg"
    ],
    "302958_failureRate": 0.000129996000399948,
    "302959_logFailureRate": -3.886070009469728,
    "302965_failureRate": 5e-05,
    "302966_mass": [
        9,
        "kg"
    ],
    "302973_failureRate": 0.0001,
    "302974_mass": [
        3,
        "kg"
    ],
    "302981_failureRate": 0.0001,
    "302982_mass": [
        3,
        "kg"
    ],
    "302989_failureRate": 4e-05,
    "302990_mass": [
        5,
        "kg"
    ],
    "302996_failureRate": 8e-05,
    "302997_mass": [
        3.5,
        "kg"
    ]
}