{
    "100358_mass": [
        45.5,
        "kg"
    ],
    "100359_failureRate": 1.4009373370056252e-08,
    "100360_logFailureRate": -7.853581289982822,
    "100366_failureRate": 0.00015,
    "100367_mass": [
        3,
        "kg"
    ],
    "100373_failureRate": 0.00015,
    "100374_mass": [
        3,
        "kg"
    ],
    "100380_failureRate": 0.00015,
    "100381_mass": [
        3,
        "kg"
    ],
    "100388_failureRate": 0.0001,
    "100389_mass": [
        3,
        "kg"
    ],
    "100396_failureRate": 4e-05,
    "100397_mass": [
        5,
        "kg"
    ],
    "100403_failureRate": 0.0001,
    "100404_mass": [
        9.5,
        "kg"
    ],
    "100410_failureRate": 0.0001,
    "100411_mass": [
        9.5,
        "kg"
    ],
    "100417_failureRate": 0.0001,
    "100418_mass": [
        9.5,
        "kg"
    ]
}