{
    "246694_mass": [
        48.5,
        "kg"
    ],
    "246695_failureRate": 2.9678579097285066e-12,
    "246696_logFailureRate": -11.527556895339783,
    "246702_failureRate": 0.0001,
    "246703_mass": [
        6,
        "kg"
    ],
    "246709_failureRate": 0.0001,
    "246710_mass": [
        6,
        "kg"
    ],
    "246716_failureRate": 0.0001,
    "246717_mass": [
        6,
        "kg"
    ],
    "246724_failureRate": 4e-05,
    "246725_mass": [
        5,
        "kg"
    ],
    "246732_failureRate": 4e-05,
    "246733_mass": [
        5,
        "kg"
    ],
    "246740_failureRate": 2e-05,
    "246741_mass": [
        10,
        "kg"
    ],
    "246747_failureRate": 8e-05,
    "246748_mass": [
        3.5,
        "kg"
    ],
    "246754_failureRate": 8e-05,
    "246755_mass": [
        3.5,
        "kg"
    ],
    "246761_failureRate": 8e-05,
    "246762_mass": [
        3.5,
        "kg"
    ]
}