{
    "171884_mass": [
        52.5,
        "kg"
    ],
    "171885_failureRate": 3.6120060894320987e-12,
    "171886_logFailureRate": -11.442251526186736,
    "171892_failureRate": 0.00015,
    "171893_mass": [
        3,
        "kg"
    ],
    "171899_failureRate": 0.00015,
    "171900_mass": [
        3,
        "kg"
    ],
    "171906_failureRate": 0.0001,
    "171907_mass": [
        6,
        "kg"
    ],
    "171914_failureRate": 2e-05,
    "171915_mass": [
        10,
        "kg"
    ],
    "171922_failureRate": 2e-05,
    "171923_mass": [
        10,
        "kg"
    ],
    "171930_failureRate": 2e-05,
    "171931_mass": [
        10,
        "kg"
    ],
    "171937_failureRate": 8e-05,
    "171938_mass": [
        3.5,
        "kg"
    ],
    "171944_failureRate": 8e-05,
    "171945_mass": [
        3.5,
        "kg"
    ],
    "171951_failureRate": 8e-05,
    "171952_mass": [
        3.5,
        "kg"
    ]
}