{
    "61304_mass": [
        19.5,
        "kg"
    ],
    "61305_failureRate": 0.00024000699640012,
    "61306_logFailureRate": -3.6197760980647375,
    "61312_failureRate": 0.00015,
    "61313_mass": [
        3,
        "kg"
    ],
    "61319_failureRate": 0.0001,
    "61320_mass": [
        6,
        "kg"
    ],
    "61327_failureRate": 4e-05,
    "61328_mass": [
        5,
        "kg"
    ],
    "61334_failureRate": 0.0002,
    "61335_mass": [
        5.5,
        "kg"
    ]
}