{
    "326273_mass": [
        35.5,
        "kg"
    ],
    "326274_failureRate": 1.0200591047224277e-11,
    "326275_logFailureRate": -10.991374663423247,
    "326281_failureRate": 0.00015,
    "326282_mass": [
        3,
        "kg"
    ],
    "326288_failureRate": 0.00015,
    "326289_mass": [
        3,
        "kg"
    ],
    "326295_failureRate": 0.0001,
    "326296_mass": [
        6,
        "kg"
    ],
    "326303_failureRate": 0.0001,
    "326304_mass": [
        3,
        "kg"
    ],
    "326311_failureRate": 4e-05,
    "326312_mass": [
        5,
        "kg"
    ],
    "326319_failureRate": 4e-05,
    "326320_mass": [
        5,
        "kg"
    ],
    "326326_failureRate": 8e-05,
    "326327_mass": [
        3.5,
        "kg"
    ],
    "326333_failureRate": 8e-05,
    "326334_mass": [
        3.5,
        "kg"
    ],
    "326340_failureRate": 8e-05,
    "326341_mass": [
        3.5,
        "kg"
    ]
}