{
    "153786_mass": [
        16.5,
        "kg"
    ],
    "153787_failureRate": 0.00034997399860012,
    "153788_logFailureRate": -3.4559642204610386,
    "153794_failureRate": 0.00015,
    "153795_mass": [
        3,
        "kg"
    ],
    "153802_failureRate": 0.0001,
    "153803_mass": [
        3,
        "kg"
    ],
    "153810_failureRate": 4e-05,
    "153811_mass": [
        5,
        "kg"
    ],
    "153817_failureRate": 0.0002,
    "153818_mass": [
        5.5,
        "kg"
    ]
}