{
    "152434_mass": [
        25,
        "kg"
    ],
    "152435_failureRate": 0.00010003599300042,
    "152436_logFailureRate": -3.9998437125098962,
    "152442_failureRate": 0.0001,
    "152443_mass": [
        6,
        "kg"
    ],
    "152450_failureRate": 0.0001,
    "152451_mass": [
        3,
        "kg"
    ],
    "152458_failureRate": 0.0001,
    "152459_mass": [
        3,
        "kg"
    ],
    "152465_failureRate": 8e-05,
    "152466_mass": [
        3.5,
        "kg"
    ],
    "152472_failureRate": 0.0001,
    "152473_mass": [
        9.5,
        "kg"
    ]
}