{
    "249277_mass": [
        33.5,
        "kg"
    ],
    "249278_failureRate": 0.00010000000227977201,
    "249279_logFailureRate": -3.999999990099076,
    "249285_failureRate": 0.0001,
    "249286_mass": [
        6,
        "kg"
    ],
    "249292_failureRate": 0.0001,
    "249293_mass": [
        6,
        "kg"
    ],
    "249299_failureRate": 0.0001,
    "249300_mass": [
        6,
        "kg"
    ],
    "249307_failureRate": 0.0001,
    "249308_mass": [
        3,
        "kg"
    ],
    "249314_failureRate": 8e-05,
    "249315_mass": [
        3.5,
        "kg"
    ],
    "249321_failureRate": 8e-05,
    "249322_mass": [
        3.5,
        "kg"
    ],
    "249328_failureRate": 0.0002,
    "249329_mass": [
        5.5,
        "kg"
    ]
}