{
    "118916_mass": [
        22,
        "kg"
    ],
    "118917_failureRate": 3.69018591010444e-08,
    "118918_logFailureRate": -7.432951753705808,
    "118924_failureRate": 0.00015,
    "118925_mass": [
        3,
        "kg"
    ],
    "118931_failureRate": 0.00015,
    "118932_mass": [
        3,
        "kg"
    ],
    "118939_failureRate": 0.0001,
    "118940_mass": [
        3,
        "kg"
    ],
    "118947_failureRate": 0.0001,
    "118948_mass": [
        3,
        "kg"
    ],
    "118955_failureRate": 0.0001,
    "118956_mass": [
        3,
        "kg"
    ],
    "118962_failureRate": 8e-05,
    "118963_mass": [
        3.5,
        "kg"
    ],
    "118969_failureRate": 8e-05,
    "118970_mass": [
        3.5,
        "kg"
    ]
}