{
    "340398_mass": [
        21.5,
        "kg"
    ],
    "340399_failureRate": 0.0003199740004,
    "340400_logFailureRate": -3.494885308997425,
    "340406_failureRate": 0.0001,
    "340407_mass": [
        6,
        "kg"
    ],
    "340414_failureRate": 2e-05,
    "340415_mass": [
        10,
        "kg"
    ],
    "340421_failureRate": 0.0002,
    "340422_mass": [
        5.5,
        "kg"
    ]
}