{
    "267067_mass": [
        34.5,
        "kg"
    ],
    "267068_failureRate": 1.500207967200709e-08,
    "267069_logFailureRate": -7.82384853244623,
    "267075_failureRate": 0.00015,
    "267076_mass": [
        3,
        "kg"
    ],
    "267082_failureRate": 0.0001,
    "267083_mass": [
        6,
        "kg"
    ],
    "267090_failureRate": 4e-05,
    "267091_mass": [
        5,
        "kg"
    ],
    "267098_failureRate": 4e-05,
    "267099_mass": [
        5,
        "kg"
    ],
    "267106_failureRate": 4e-05,
    "267107_mass": [
        5,
        "kg"
    ],
    "267113_failureRate": 8e-05,
    "267114_mass": [
        3.5,
        "kg"
    ],
    "267120_failureRate": 8e-05,
    "267121_mass": [
        3.5,
        "kg"
    ],
    "267127_failureRate": 8e-05,
    "267128_mass": [
        3.5,
        "kg"
    ]
}