{
    "136296_mass": [
        55.5,
        "kg"
    ],
    "136297_failureRate": 2.540060533976716e-12,
    "136298_logFailureRate": -11.595155933278177,
    "136304_failureRate": 0.00015,
    "136305_mass": [
        3,
        "kg"
    ],
    "136311_failureRate": 0.0001,
    "136312_mass": [
        6,
        "kg"
    ],
    "136318_failureRate": 0.0001,
    "136319_mass": [
        6,
        "kg"
    ],
    "136326_failureRate": 2e-05,
    "136327_mass": [
        10,
        "kg"
    ],
    "136334_failureRate": 2e-05,
    "136335_mass": [
        10,
        "kg"
    ],
    "136342_failureRate": 2e-05,
    "136343_mass": [
        10,
        "kg"
    ],
    "136349_failureRate": 8e-05,
    "136350_mass": [
        3.5,
        "kg"
    ],
    "136356_failureRate": 8e-05,
    "136357_mass": [
        3.5,
        "kg"
    ],
    "136363_failureRate": 8e-05,
    "136364_mass": [
        3.5,
        "kg"
    ]
}