{
    "192718_mass": [
        37.5,
        "kg"
    ],
    "192719_failureRate": 8.006310968844885e-09,
    "192720_logFailureRate": -8.096567545703484,
    "192726_failureRate": 0.0001,
    "192727_mass": [
        6,
        "kg"
    ],
    "192733_failureRate": 0.0001,
    "192734_mass": [
        6,
        "kg"
    ],
    "192740_failureRate": 0.0001,
    "192741_mass": [
        6,
        "kg"
    ],
    "192748_failureRate": 0.0001,
    "192749_mass": [
        3,
        "kg"
    ],
    "192756_failureRate": 0.0001,
    "192757_mass": [
        3,
        "kg"
    ],
    "192764_failureRate": 0.0001,
    "192765_mass": [
        3,
        "kg"
    ],
    "192771_failureRate": 8e-05,
    "192772_mass": [
        3.5,
        "kg"
    ],
    "192778_failureRate": 8e-05,
    "192779_mass": [
        3.5,
        "kg"
    ],
    "192785_failureRate": 8e-05,
    "192786_mass": [
        3.5,
        "kg"
    ]
}