{
    "324751_mass": [
        18.5,
        "kg"
    ],
    "324752_failureRate": 0.00029997000100000004,
    "324753_logFailureRate": -3.522922175452352,
    "324759_failureRate": 0.0001,
    "324760_mass": [
        6,
        "kg"
    ],
    "324767_failureRate": 0.0001,
    "324768_mass": [
        3,
        "kg"
    ],
    "324774_failureRate": 0.0001,
    "324775_mass": [
        9.5,
        "kg"
    ]
}