{
    "78957_mass": [
        59.5,
        "kg"
    ],
    "78958_failureRate": 2.5502745413016936e-08,
    "78959_logFailureRate": -7.5934130645251035,
    "78965_failureRate": 0.00015,
    "78966_mass": [
        3,
        "kg"
    ],
    "78972_failureRate": 0.00015,
    "78973_mass": [
        3,
        "kg"
    ],
    "78980_failureRate": 4e-05,
    "78981_mass": [
        5,
        "kg"
    ],
    "78988_failureRate": 2e-05,
    "78989_mass": [
        10,
        "kg"
    ],
    "78996_failureRate": 2e-05,
    "78997_mass": [
        10,
        "kg"
    ],
    "79003_failureRate": 0.0001,
    "79004_mass": [
        9.5,
        "kg"
    ],
    "79010_failureRate": 0.0001,
    "79011_mass": [
        9.5,
        "kg"
    ],
    "79017_failureRate": 0.0001,
    "79018_mass": [
        9.5,
        "kg"
    ]
}