{
    "115852_mass": [
        28.5,
        "kg"
    ],
    "115853_failureRate": 1.5004451544746722e-08,
    "115854_logFailureRate": -7.82377987464388,
    "115860_failureRate": 0.00015,
    "115861_mass": [
        3,
        "kg"
    ],
    "115867_failureRate": 0.0001,
    "115868_mass": [
        6,
        "kg"
    ],
    "115875_failureRate": 0.0001,
    "115876_mass": [
        3,
        "kg"
    ],
    "115883_failureRate": 0.0001,
    "115884_mass": [
        3,
        "kg"
    ],
    "115891_failureRate": 0.0001,
    "115892_mass": [
        3,
        "kg"
    ],
    "115898_failureRate": 8e-05,
    "115899_mass": [
        3.5,
        "kg"
    ],
    "115905_failureRate": 8e-05,
    "115906_mass": [
        3.5,
        "kg"
    ],
    "115912_failureRate": 8e-05,
    "115913_mass": [
        3.5,
        "kg"
    ]
}