{
    "20422_mass": [
        24,
        "kg"
    ],
    "20423_failureRate": 0.0002000099960002,
    "20424_logFailureRate": -3.698948298839795,
    "20430_failureRate": 0.0001,
    "20431_mass": [
        6,
        "kg"
    ],
    "20438_failureRate": 0.0001,
    "20439_mass": [
        3,
        "kg"
    ],
    "20445_failureRate": 0.0002,
    "20446_mass": [
        5.5,
        "kg"
    ],
    "20452_failureRate": 0.0001,
    "20453_mass": [
        9.5,
        "kg"
    ]
}