{
    "43249_mass": [
        24.5,
        "kg"
    ],
    "43250_failureRate": 0.0001799920000639885,
    "43251_logFailureRate": -3.7447467971482182,
    "43257_failureRate": 0.0001,
    "43258_mass": [
        6,
        "kg"
    ],
    "43265_failureRate": 4e-05,
    "43266_mass": [
        5,
        "kg"
    ],
    "43273_failureRate": 4e-05,
    "43274_mass": [
        5,
        "kg"
    ],
    "43281_failureRate": 4e-05,
    "43282_mass": [
        5,
        "kg"
    ],
    "43288_failureRate": 8e-05,
    "43289_mass": [
        3.5,
        "kg"
    ]
}