{
    "116340_mass": [
        39.5,
        "kg"
    ],
    "116341_failureRate": 5.2499389191641906e-08,
    "116342_logFailureRate": -7.279845749398664,
    "116348_failureRate": 0.00015,
    "116349_mass": [
        3,
        "kg"
    ],
    "116355_failureRate": 5e-05,
    "116356_mass": [
        9,
        "kg"
    ],
    "116363_failureRate": 0.0001,
    "116364_mass": [
        3,
        "kg"
    ],
    "116371_failureRate": 4e-05,
    "116372_mass": [
        5,
        "kg"
    ],
    "116379_failureRate": 4e-05,
    "116380_mass": [
        5,
        "kg"
    ],
    "116386_failureRate": 8e-05,
    "116387_mass": [
        3.5,
        "kg"
    ],
    "116393_failureRate": 0.0002,
    "116394_mass": [
        5.5,
        "kg"
    ],
    "116400_failureRate": 0.0002,
    "116401_mass": [
        5.5,
        "kg"
    ]
}