{
    "79303_mass": [
        29.5,
        "kg"
    ],
    "79304_failureRate": 1.001282371741e-08,
    "79305_logFailureRate": -7.999443429817848,
    "79311_failureRate": 0.00015,
    "79312_mass": [
        3,
        "kg"
    ],
    "79318_failureRate": 0.00015,
    "79319_mass": [
        3,
        "kg"
    ],
    "79325_failureRate": 0.00015,
    "79326_mass": [
        3,
        "kg"
    ],
    "79333_failureRate": 0.0001,
    "79334_mass": [
        3,
        "kg"
    ],
    "79341_failureRate": 0.0001,
    "79342_mass": [
        3,
        "kg"
    ],
    "79348_failureRate": 8e-05,
    "79349_mass": [
        3.5,
        "kg"
    ],
    "79355_failureRate": 0.0002,
    "79356_mass": [
        5.5,
        "kg"
    ],
    "79362_failureRate": 0.0002,
    "79363_mass": [
        5.5,
        "kg"
    ]
}