{
    "137934_mass": [
        40.5,
        "kg"
    ],
    "137935_failureRate": 7.504587272155062e-09,
    "137936_logFailureRate": -8.124673187545222,
    "137942_failureRate": 0.00015,
    "137943_mass": [
        3,
        "kg"
    ],
    "137949_failureRate": 5e-05,
    "137950_mass": [
        9,
        "kg"
    ],
    "137957_failureRate": 0.0001,
    "137958_mass": [
        3,
        "kg"
    ],
    "137965_failureRate": 4e-05,
    "137966_mass": [
        5,
        "kg"
    ],
    "137973_failureRate": 2e-05,
    "137974_mass": [
        10,
        "kg"
    ],
    "137980_failureRate": 8e-05,
    "137981_mass": [
        3.5,
        "kg"
    ],
    "137987_failureRate": 8e-05,
    "137988_mass": [
        3.5,
        "kg"
    ],
    "137994_failureRate": 8e-05,
    "137995_mass": [
        3.5,
        "kg"
    ]
}