{
    "58612_mass": [
        42.5,
        "kg"
    ],
    "58613_failureRate": 0.00010001499812502501,
    "58614_logFailureRate": -3.9999348688547305,
    "58620_failureRate": 5e-05,
    "58621_mass": [
        9,
        "kg"
    ],
    "58627_failureRate": 5e-05,
    "58628_mass": [
        9,
        "kg"
    ],
    "58634_failureRate": 5e-05,
    "58635_mass": [
        9,
        "kg"
    ],
    "58642_failureRate": 0.0001,
    "58643_mass": [
        3,
        "kg"
    ],
    "58650_failureRate": 0.0001,
    "58651_mass": [
        3,
        "kg"
    ],
    "58657_failureRate": 0.0001,
    "58658_mass": [
        9.5,
        "kg"
    ]
}