{
    "360410_mass": [
        35,
        "kg"
    ],
    "360411_failureRate": 3.599781185161073e-08,
    "360412_logFailureRate": -7.443723897278622,
    "360418_failureRate": 0.00015,
    "360419_mass": [
        3,
        "kg"
    ],
    "360425_failureRate": 0.0001,
    "360426_mass": [
        6,
        "kg"
    ],
    "360432_failureRate": 0.0001,
    "360433_mass": [
        6,
        "kg"
    ],
    "360440_failureRate": 0.0001,
    "360441_mass": [
        3,
        "kg"
    ],
    "360448_failureRate": 2e-05,
    "360449_mass": [
        10,
        "kg"
    ],
    "360455_failureRate": 8e-05,
    "360456_mass": [
        3.5,
        "kg"
    ],
    "360462_failureRate": 8e-05,
    "360463_mass": [
        3.5,
        "kg"
    ]
}