{
    "265777_mass": [
        61.5,
        "kg"
    ],
    "265778_failureRate": 1.7119453539714637e-12,
    "265779_logFailureRate": -11.766510102303387,
    "265785_failureRate": 0.0001,
    "265786_mass": [
        6,
        "kg"
    ],
    "265792_failureRate": 0.0001,
    "265793_mass": [
        6,
        "kg"
    ],
    "265799_failureRate": 5e-05,
    "265800_mass": [
        9,
        "kg"
    ],
    "265807_failureRate": 2e-05,
    "265808_mass": [
        10,
        "kg"
    ],
    "265815_failureRate": 2e-05,
    "265816_mass": [
        10,
        "kg"
    ],
    "265823_failureRate": 2e-05,
    "265824_mass": [
        10,
        "kg"
    ],
    "265830_failureRate": 8e-05,
    "265831_mass": [
        3.5,
        "kg"
    ],
    "265837_failureRate": 8e-05,
    "265838_mass": [
        3.5,
        "kg"
    ],
    "265844_failureRate": 8e-05,
    "265845_mass": [
        3.5,
        "kg"
    ]
}