{
    "286685_mass": [
        50.5,
        "kg"
    ],
    "286686_failureRate": 5.075637335255026e-12,
    "286687_logFailureRate": -11.294509416704274,
    "286693_failureRate": 5e-05,
    "286694_mass": [
        9,
        "kg"
    ],
    "286700_failureRate": 5e-05,
    "286701_mass": [
        9,
        "kg"
    ],
    "286707_failureRate": 5e-05,
    "286708_mass": [
        9,
        "kg"
    ],
    "286715_failureRate": 0.0001,
    "286716_mass": [
        3,
        "kg"
    ],
    "286723_failureRate": 0.0001,
    "286724_mass": [
        3,
        "kg"
    ],
    "286731_failureRate": 0.0001,
    "286732_mass": [
        3,
        "kg"
    ],
    "286738_failureRate": 8e-05,
    "286739_mass": [
        3.5,
        "kg"
    ],
    "286745_failureRate": 0.0002,
    "286746_mass": [
        5.5,
        "kg"
    ],
    "286752_failureRate": 0.0002,
    "286753_mass": [
        5.5,
        "kg"
    ]
}