{
    "191993_mass": [
        56.5,
        "kg"
    ],
    "191994_failureRate": 2.0000001999960004e-05,
    "191995_logFailureRate": -4.698969960907442,
    "192001_failureRate": 0.0001,
    "192002_mass": [
        6,
        "kg"
    ],
    "192008_failureRate": 0.0001,
    "192009_mass": [
        6,
        "kg"
    ],
    "192015_failureRate": 0.0001,
    "192016_mass": [
        6,
        "kg"
    ],
    "192023_failureRate": 2e-05,
    "192024_mass": [
        10,
        "kg"
    ],
    "192030_failureRate": 0.0001,
    "192031_mass": [
        9.5,
        "kg"
    ],
    "192037_failureRate": 0.0001,
    "192038_mass": [
        9.5,
        "kg"
    ],
    "192044_failureRate": 0.0001,
    "192045_mass": [
        9.5,
        "kg"
    ]
}