{
    "323635_mass": [
        38.5,
        "kg"
    ],
    "323636_failureRate": 6.125454856245702e-12,
    "323637_logFailureRate": -11.212861656478044,
    "323643_failureRate": 0.00015,
    "323644_mass": [
        3,
        "kg"
    ],
    "323650_failureRate": 0.00015,
    "323651_mass": [
        3,
        "kg"
    ],
    "323657_failureRate": 5e-05,
    "323658_mass": [
        9,
        "kg"
    ],
    "323665_failureRate": 0.0001,
    "323666_mass": [
        3,
        "kg"
    ],
    "323673_failureRate": 0.0001,
    "323674_mass": [
        3,
        "kg"
    ],
    "323681_failureRate": 0.0001,
    "323682_mass": [
        3,
        "kg"
    ],
    "323688_failureRate": 8e-05,
    "323689_mass": [
        3.5,
        "kg"
    ],
    "323695_failureRate": 0.0002,
    "323696_mass": [
        5.5,
        "kg"
    ],
    "323702_failureRate": 0.0002,
    "323703_mass": [
        5.5,
        "kg"
    ]
}