{
    "21964_mass": [
        34.5,
        "kg"
    ],
    "21965_failureRate": 2.000750112997439e-05,
    "21966_logFailureRate": -4.698807149906121,
    "21972_failureRate": 0.00015,
    "21973_mass": [
        3,
        "kg"
    ],
    "21979_failureRate": 5e-05,
    "21980_mass": [
        9,
        "kg"
    ],
    "21987_failureRate": 2e-05,
    "21988_mass": [
        10,
        "kg"
    ],
    "21994_failureRate": 8e-05,
    "21995_mass": [
        3.5,
        "kg"
    ],
    "22001_failureRate": 8e-05,
    "22002_mass": [
        3.5,
        "kg"
    ],
    "22008_failureRate": 0.0002,
    "22009_mass": [
        5.5,
        "kg"
    ]
}