{
    "174545_mass": [
        45.5,
        "kg"
    ],
    "174546_failureRate": 5.6949359987121716e-12,
    "174547_logFailureRate": -11.244511152280635,
    "174553_failureRate": 0.00015,
    "174554_mass": [
        3,
        "kg"
    ],
    "174560_failureRate": 0.00015,
    "174561_mass": [
        3,
        "kg"
    ],
    "174567_failureRate": 0.00015,
    "174568_mass": [
        3,
        "kg"
    ],
    "174575_failureRate": 0.0001,
    "174576_mass": [
        3,
        "kg"
    ],
    "174583_failureRate": 4e-05,
    "174584_mass": [
        5,
        "kg"
    ],
    "174591_failureRate": 2e-05,
    "174592_mass": [
        10,
        "kg"
    ],
    "174598_failureRate": 8e-05,
    "174599_mass": [
        3.5,
        "kg"
    ],
    "174605_failureRate": 0.0002,
    "174606_mass": [
        5.5,
        "kg"
    ],
    "174612_failureRate": 0.0001,
    "174613_mass": [
        9.5,
        "kg"
    ]
}