{
    "136599_mass": [
        33.5,
        "kg"
    ],
    "136600_failureRate": 4.369792374929354e-08,
    "136601_logFailureRate": -7.359539197483724,
    "136607_failureRate": 0.00015,
    "136608_mass": [
        3,
        "kg"
    ],
    "136614_failureRate": 0.00015,
    "136615_mass": [
        3,
        "kg"
    ],
    "136622_failureRate": 4e-05,
    "136623_mass": [
        5,
        "kg"
    ],
    "136630_failureRate": 4e-05,
    "136631_mass": [
        5,
        "kg"
    ],
    "136638_failureRate": 4e-05,
    "136639_mass": [
        5,
        "kg"
    ],
    "136645_failureRate": 8e-05,
    "136646_mass": [
        3.5,
        "kg"
    ],
    "136652_failureRate": 8e-05,
    "136653_mass": [
        3.5,
        "kg"
    ],
    "136659_failureRate": 0.0002,
    "136660_mass": [
        5.5,
        "kg"
    ]
}