{
    "359501_mass": [
        67.5,
        "kg"
    ],
    "359502_failureRate": 1.2530890419534018e-12,
    "359503_logFailureRate": -11.902018067828623,
    "359509_failureRate": 0.00015,
    "359510_mass": [
        3,
        "kg"
    ],
    "359516_failureRate": 5e-05,
    "359517_mass": [
        9,
        "kg"
    ],
    "359523_failureRate": 5e-05,
    "359524_mass": [
        9,
        "kg"
    ],
    "359531_failureRate": 2e-05,
    "359532_mass": [
        10,
        "kg"
    ],
    "359539_failureRate": 2e-05,
    "359540_mass": [
        10,
        "kg"
    ],
    "359547_failureRate": 2e-05,
    "359548_mass": [
        10,
        "kg"
    ],
    "359554_failureRate": 8e-05,
    "359555_mass": [
        3.5,
        "kg"
    ],
    "359561_failureRate": 8e-05,
    "359562_mass": [
        3.5,
        "kg"
    ],
    "359568_failureRate": 0.0001,
    "359569_mass": [
        9.5,
        "kg"
    ]
}