{
    "307612_mass": [
        39.5,
        "kg"
    ],
    "307613_failureRate": 1.8003502501250772e-08,
    "307614_logFailureRate": -7.744642996619294,
    "307620_failureRate": 0.00015,
    "307621_mass": [
        3,
        "kg"
    ],
    "307627_failureRate": 0.00015,
    "307628_mass": [
        3,
        "kg"
    ],
    "307634_failureRate": 0.00015,
    "307635_mass": [
        3,
        "kg"
    ],
    "307642_failureRate": 4e-05,
    "307643_mass": [
        5,
        "kg"
    ],
    "307650_failureRate": 4e-05,
    "307651_mass": [
        5,
        "kg"
    ],
    "307658_failureRate": 2e-05,
    "307659_mass": [
        10,
        "kg"
    ],
    "307665_failureRate": 8e-05,
    "307666_mass": [
        3.5,
        "kg"
    ],
    "307672_failureRate": 8e-05,
    "307673_mass": [
        3.5,
        "kg"
    ],
    "307679_failureRate": 8e-05,
    "307680_mass": [
        3.5,
        "kg"
    ]
}