{
    "210374_mass": [
        40.5,
        "kg"
    ],
    "210375_failureRate": 1.173815607939976e-11,
    "210376_logFailureRate": -10.930400120076202,
    "210382_failureRate": 0.00015,
    "210383_mass": [
        3,
        "kg"
    ],
    "210389_failureRate": 0.0001,
    "210390_mass": [
        6,
        "kg"
    ],
    "210396_failureRate": 0.0001,
    "210397_mass": [
        6,
        "kg"
    ],
    "210404_failureRate": 0.0001,
    "210405_mass": [
        3,
        "kg"
    ],
    "210412_failureRate": 0.0001,
    "210413_mass": [
        3,
        "kg"
    ],
    "210420_failureRate": 0.0001,
    "210421_mass": [
        3,
        "kg"
    ],
    "210427_failureRate": 8e-05,
    "210428_mass": [
        3.5,
        "kg"
    ],
    "210434_failureRate": 8e-05,
    "210435_mass": [
        3.5,
        "kg"
    ],
    "210441_failureRate": 0.0001,
    "210442_mass": [
        9.5,
        "kg"
    ]
}