{
    "228668_mass": [
        25.5,
        "kg"
    ],
    "228669_failureRate": 0.00010000000276172381,
    "228670_logFailureRate": -3.999999988005986,
    "228676_failureRate": 0.00015,
    "228677_mass": [
        3,
        "kg"
    ],
    "228683_failureRate": 0.00015,
    "228684_mass": [
        3,
        "kg"
    ],
    "228690_failureRate": 0.0001,
    "228691_mass": [
        6,
        "kg"
    ],
    "228698_failureRate": 0.0001,
    "228699_mass": [
        3,
        "kg"
    ],
    "228705_failureRate": 8e-05,
    "228706_mass": [
        3.5,
        "kg"
    ],
    "228712_failureRate": 8e-05,
    "228713_mass": [
        3.5,
        "kg"
    ],
    "228719_failureRate": 8e-05,
    "228720_mass": [
        3.5,
        "kg"
    ]
}