{
    "117234_mass": [
        27.5,
        "kg"
    ],
    "117235_failureRate": 0.00010002999649990004,
    "117236_logFailureRate": -3.999869746390955,
    "117242_failureRate": 0.00015,
    "117243_mass": [
        3,
        "kg"
    ],
    "117249_failureRate": 0.0001,
    "117250_mass": [
        6,
        "kg"
    ],
    "117257_failureRate": 0.0001,
    "117258_mass": [
        3,
        "kg"
    ],
    "117265_failureRate": 0.0001,
    "117266_mass": [
        3,
        "kg"
    ],
    "117273_failureRate": 0.0001,
    "117274_mass": [
        3,
        "kg"
    ],
    "117280_failureRate": 0.0001,
    "117281_mass": [
        9.5,
        "kg"
    ]
}