{
    "173949_mass": [
        28,
        "kg"
    ],
    "173950_failureRate": 0.0001500299935003,
    "173951_logFailureRate": -3.8238219095474664,
    "173957_failureRate": 0.00015,
    "173958_mass": [
        3,
        "kg"
    ],
    "173965_failureRate": 0.0001,
    "173966_mass": [
        3,
        "kg"
    ],
    "173973_failureRate": 0.0001,
    "173974_mass": [
        3,
        "kg"
    ],
    "173980_failureRate": 0.0001,
    "173981_mass": [
        9.5,
        "kg"
    ],
    "173987_failureRate": 0.0001,
    "173988_mass": [
        9.5,
        "kg"
    ]
}