{
    "77657_mass": [
        46.5,
        "kg"
    ],
    "77658_failureRate": 7.500917889122112e-09,
    "77659_logFailureRate": -8.124885588636399,
    "77665_failureRate": 5e-05,
    "77666_mass": [
        9,
        "kg"
    ],
    "77672_failureRate": 5e-05,
    "77673_mass": [
        9,
        "kg"
    ],
    "77680_failureRate": 0.0001,
    "77681_mass": [
        3,
        "kg"
    ],
    "77688_failureRate": 4e-05,
    "77689_mass": [
        5,
        "kg"
    ],
    "77696_failureRate": 2e-05,
    "77697_mass": [
        10,
        "kg"
    ],
    "77703_failureRate": 8e-05,
    "77704_mass": [
        3.5,
        "kg"
    ],
    "77710_failureRate": 8e-05,
    "77711_mass": [
        3.5,
        "kg"
    ],
    "77717_failureRate": 8e-05,
    "77718_mass": [
        3.5,
        "kg"
    ]
}