{
    "153562_mass": [
        32.5,
        "kg"
    ],
    "153563_failureRate": 2.100141568928346e-08,
    "153564_logFailureRate": -7.6777514288222255,
    "153570_failureRate": 0.00015,
    "153571_mass": [
        3,
        "kg"
    ],
    "153577_failureRate": 0.0001,
    "153578_mass": [
        6,
        "kg"
    ],
    "153585_failureRate": 0.0001,
    "153586_mass": [
        3,
        "kg"
    ],
    "153593_failureRate": 4e-05,
    "153594_mass": [
        5,
        "kg"
    ],
    "153601_failureRate": 4e-05,
    "153602_mass": [
        5,
        "kg"
    ],
    "153608_failureRate": 8e-05,
    "153609_mass": [
        3.5,
        "kg"
    ],
    "153615_failureRate": 8e-05,
    "153616_mass": [
        3.5,
        "kg"
    ],
    "153622_failureRate": 8e-05,
    "153623_mass": [
        3.5,
        "kg"
    ]
}