{
    "155662_mass": [
        25,
        "kg"
    ],
    "155663_failureRate": 0.00010000800257466247,
    "155664_logFailureRate": -3.9999652466503934,
    "155670_failureRate": 0.00015,
    "155671_mass": [
        3,
        "kg"
    ],
    "155677_failureRate": 0.00015,
    "155678_mass": [
        3,
        "kg"
    ],
    "155684_failureRate": 0.00015,
    "155685_mass": [
        3,
        "kg"
    ],
    "155692_failureRate": 0.0001,
    "155693_mass": [
        3,
        "kg"
    ],
    "155699_failureRate": 8e-05,
    "155700_mass": [
        3.5,
        "kg"
    ],
    "155706_failureRate": 0.0001,
    "155707_mass": [
        9.5,
        "kg"
    ]
}