{
    "266682_mass": [
        12.5,
        "kg"
    ],
    "266683_failureRate": 0.00027997400080000004,
    "266684_logFailureRate": -3.552882296634029,
    "266690_failureRate": 0.0001,
    "266691_mass": [
        6,
        "kg"
    ],
    "266698_failureRate": 0.0001,
    "266699_mass": [
        3,
        "kg"
    ],
    "266705_failureRate": 8e-05,
    "266706_mass": [
        3.5,
        "kg"
    ]
}