{
    "267624_mass": [
        23.5,
        "kg"
    ],
    "267625_failureRate": 0.00020000000812288757,
    "267626_logFailureRate": -3.698969986697393,
    "267632_failureRate": 0.00015,
    "267633_mass": [
        3,
        "kg"
    ],
    "267639_failureRate": 0.00015,
    "267640_mass": [
        3,
        "kg"
    ],
    "267646_failureRate": 0.00015,
    "267647_mass": [
        3,
        "kg"
    ],
    "267654_failureRate": 0.0001,
    "267655_mass": [
        3,
        "kg"
    ],
    "267662_failureRate": 0.0001,
    "267663_mass": [
        3,
        "kg"
    ],
    "267670_failureRate": 0.0001,
    "267671_mass": [
        3,
        "kg"
    ],
    "267677_failureRate": 0.0002,
    "267678_mass": [
        5.5,
        "kg"
    ]
}