{
    "287333_mass": [
        40.5,
        "kg"
    ],
    "287334_failureRate": 1.0008013448597497e-08,
    "287335_logFailureRate": -7.999652119716739,
    "287341_failureRate": 0.00015,
    "287342_mass": [
        3,
        "kg"
    ],
    "287348_failureRate": 0.00015,
    "287349_mass": [
        3,
        "kg"
    ],
    "287355_failureRate": 5e-05,
    "287356_mass": [
        9,
        "kg"
    ],
    "287363_failureRate": 0.0001,
    "287364_mass": [
        3,
        "kg"
    ],
    "287371_failureRate": 0.0001,
    "287372_mass": [
        3,
        "kg"
    ],
    "287379_failureRate": 0.0001,
    "287380_mass": [
        3,
        "kg"
    ],
    "287386_failureRate": 8e-05,
    "287387_mass": [
        3.5,
        "kg"
    ],
    "287393_failureRate": 8e-05,
    "287394_mass": [
        3.5,
        "kg"
    ],
    "287400_failureRate": 0.0001,
    "287401_mass": [
        9.5,
        "kg"
    ]
}