{
    "154088_mass": [
        44.5,
        "kg"
    ],
    "154089_failureRate": 2.5971014887039476e-12,
    "154090_logFailureRate": -11.585511078817792,
    "154096_failureRate": 0.00015,
    "154097_mass": [
        3,
        "kg"
    ],
    "154103_failureRate": 5e-05,
    "154104_mass": [
        9,
        "kg"
    ],
    "154110_failureRate": 5e-05,
    "154111_mass": [
        9,
        "kg"
    ],
    "154118_failureRate": 0.0001,
    "154119_mass": [
        3,
        "kg"
    ],
    "154126_failureRate": 4e-05,
    "154127_mass": [
        5,
        "kg"
    ],
    "154134_failureRate": 4e-05,
    "154135_mass": [
        5,
        "kg"
    ],
    "154141_failureRate": 8e-05,
    "154142_mass": [
        3.5,
        "kg"
    ],
    "154148_failureRate": 8e-05,
    "154149_mass": [
        3.5,
        "kg"
    ],
    "154155_failureRate": 8e-05,
    "154156_mass": [
        3.5,
        "kg"
    ]
}