{
    "213362_mass": [
        48.5,
        "kg"
    ],
    "213363_failureRate": 7.104781620808094e-12,
    "213364_logFailureRate": -11.148449266411466,
    "213370_failureRate": 0.00015,
    "213371_mass": [
        3,
        "kg"
    ],
    "213377_failureRate": 0.00015,
    "213378_mass": [
        3,
        "kg"
    ],
    "213384_failureRate": 0.00015,
    "213385_mass": [
        3,
        "kg"
    ],
    "213392_failureRate": 0.0001,
    "213393_mass": [
        3,
        "kg"
    ],
    "213400_failureRate": 2e-05,
    "213401_mass": [
        10,
        "kg"
    ],
    "213408_failureRate": 2e-05,
    "213409_mass": [
        10,
        "kg"
    ],
    "213415_failureRate": 8e-05,
    "213416_mass": [
        3.5,
        "kg"
    ],
    "213422_failureRate": 8e-05,
    "213423_mass": [
        3.5,
        "kg"
    ],
    "213429_failureRate": 0.0001,
    "213430_mass": [
        9.5,
        "kg"
    ]
}