{
    "174863_mass": [
        24,
        "kg"
    ],
    "174864_failureRate": 4.8896399866011986e-08,
    "174865_logFailureRate": -7.31072311584331,
    "174871_failureRate": 0.00015,
    "174872_mass": [
        3,
        "kg"
    ],
    "174878_failureRate": 0.00015,
    "174879_mass": [
        3,
        "kg"
    ],
    "174886_failureRate": 0.0001,
    "174887_mass": [
        3,
        "kg"
    ],
    "174894_failureRate": 0.0001,
    "174895_mass": [
        3,
        "kg"
    ],
    "174902_failureRate": 4e-05,
    "174903_mass": [
        5,
        "kg"
    ],
    "174909_failureRate": 8e-05,
    "174910_mass": [
        3.5,
        "kg"
    ],
    "174916_failureRate": 8e-05,
    "174917_mass": [
        3.5,
        "kg"
    ]
}