{
    "117449_mass": [
        67.5,
        "kg"
    ],
    "117450_failureRate": 3.8996563978681725e-12,
    "117451_logFailureRate": -11.408973657353958,
    "117457_failureRate": 0.0001,
    "117458_mass": [
        6,
        "kg"
    ],
    "117464_failureRate": 0.0001,
    "117465_mass": [
        6,
        "kg"
    ],
    "117471_failureRate": 5e-05,
    "117472_mass": [
        9,
        "kg"
    ],
    "117479_failureRate": 2e-05,
    "117480_mass": [
        10,
        "kg"
    ],
    "117487_failureRate": 2e-05,
    "117488_mass": [
        10,
        "kg"
    ],
    "117495_failureRate": 2e-05,
    "117496_mass": [
        10,
        "kg"
    ],
    "117502_failureRate": 8e-05,
    "117503_mass": [
        3.5,
        "kg"
    ],
    "117509_failureRate": 8e-05,
    "117510_mass": [
        3.5,
        "kg"
    ],
    "117516_failureRate": 0.0001,
    "117517_mass": [
        9.5,
        "kg"
    ]
}