{
    "266501_mass": [
        32.5,
        "kg"
    ],
    "266502_failureRate": 3.999711192000768e-08,
    "266503_logFailureRate": -7.3979713667342075,
    "266509_failureRate": 0.00015,
    "266510_mass": [
        3,
        "kg"
    ],
    "266516_failureRate": 0.0001,
    "266517_mass": [
        6,
        "kg"
    ],
    "266524_failureRate": 0.0001,
    "266525_mass": [
        3,
        "kg"
    ],
    "266532_failureRate": 2e-05,
    "266533_mass": [
        10,
        "kg"
    ],
    "266539_failureRate": 8e-05,
    "266540_mass": [
        3.5,
        "kg"
    ],
    "266546_failureRate": 8e-05,
    "266547_mass": [
        3.5,
        "kg"
    ],
    "266553_failureRate": 8e-05,
    "266554_mass": [
        3.5,
        "kg"
    ]
}