{
    "193156_mass": [
        40.5,
        "kg"
    ],
    "193157_failureRate": 4.004199999983197e-09,
    "193158_logFailureRate": -8.397484238705243,
    "193164_failureRate": 0.0001,
    "193165_mass": [
        6,
        "kg"
    ],
    "193171_failureRate": 0.0001,
    "193172_mass": [
        6,
        "kg"
    ],
    "193178_failureRate": 0.0001,
    "193179_mass": [
        6,
        "kg"
    ],
    "193186_failureRate": 0.0001,
    "193187_mass": [
        3,
        "kg"
    ],
    "193194_failureRate": 4e-05,
    "193195_mass": [
        5,
        "kg"
    ],
    "193201_failureRate": 8e-05,
    "193202_mass": [
        3.5,
        "kg"
    ],
    "193208_failureRate": 0.0002,
    "193209_mass": [
        5.5,
        "kg"
    ],
    "193215_failureRate": 0.0002,
    "193216_mass": [
        5.5,
        "kg"
    ]
}