{
    "96196_mass": [
        43,
        "kg"
    ],
    "96197_failureRate": 4.9995999600064996e-08,
    "96198_logFailureRate": -7.301064744086419,
    "96204_failureRate": 0.0001,
    "96205_mass": [
        6,
        "kg"
    ],
    "96211_failureRate": 5e-05,
    "96212_mass": [
        9,
        "kg"
    ],
    "96219_failureRate": 0.0001,
    "96220_mass": [
        3,
        "kg"
    ],
    "96227_failureRate": 0.0001,
    "96228_mass": [
        3,
        "kg"
    ],
    "96235_failureRate": 0.0001,
    "96236_mass": [
        3,
        "kg"
    ],
    "96242_failureRate": 0.0001,
    "96243_mass": [
        9.5,
        "kg"
    ],
    "96249_failureRate": 0.0001,
    "96250_mass": [
        9.5,
        "kg"
    ]
}