{
    "323870_mass": [
        47.5,
        "kg"
    ],
    "323871_failureRate": 3.407634558051761e-09,
    "323872_logFailureRate": -8.467546986068319,
    "323878_failureRate": 0.00015,
    "323879_mass": [
        3,
        "kg"
    ],
    "323885_failureRate": 0.00015,
    "323886_mass": [
        3,
        "kg"
    ],
    "323892_failureRate": 0.00015,
    "323893_mass": [
        3,
        "kg"
    ],
    "323900_failureRate": 2e-05,
    "323901_mass": [
        10,
        "kg"
    ],
    "323908_failureRate": 2e-05,
    "323909_mass": [
        10,
        "kg"
    ],
    "323915_failureRate": 8e-05,
    "323916_mass": [
        3.5,
        "kg"
    ],
    "323922_failureRate": 0.0002,
    "323923_mass": [
        5.5,
        "kg"
    ],
    "323929_failureRate": 0.0001,
    "323930_mass": [
        9.5,
        "kg"
    ]
}