{
    "228559_mass": [
        28.5,
        "kg"
    ],
    "228560_failureRate": 3.0003050958861284e-08,
    "228561_logFailureRate": -7.522834580372789,
    "228567_failureRate": 0.00015,
    "228568_mass": [
        3,
        "kg"
    ],
    "228574_failureRate": 0.0001,
    "228575_mass": [
        6,
        "kg"
    ],
    "228582_failureRate": 0.0001,
    "228583_mass": [
        3,
        "kg"
    ],
    "228590_failureRate": 0.0001,
    "228591_mass": [
        3,
        "kg"
    ],
    "228598_failureRate": 0.0001,
    "228599_mass": [
        3,
        "kg"
    ],
    "228605_failureRate": 8e-05,
    "228606_mass": [
        3.5,
        "kg"
    ],
    "228612_failureRate": 8e-05,
    "228613_mass": [
        3.5,
        "kg"
    ],
    "228619_failureRate": 8e-05,
    "228620_mass": [
        3.5,
        "kg"
    ]
}