{
    "155867_mass": [
        42.5,
        "kg"
    ],
    "155868_failureRate": 5.5874880483024115e-12,
    "155869_logFailureRate": -11.252783392819625,
    "155875_failureRate": 0.00015,
    "155876_mass": [
        3,
        "kg"
    ],
    "155882_failureRate": 0.00015,
    "155883_mass": [
        3,
        "kg"
    ],
    "155889_failureRate": 0.0001,
    "155890_mass": [
        6,
        "kg"
    ],
    "155897_failureRate": 4e-05,
    "155898_mass": [
        5,
        "kg"
    ],
    "155905_failureRate": 4e-05,
    "155906_mass": [
        5,
        "kg"
    ],
    "155913_failureRate": 2e-05,
    "155914_mass": [
        10,
        "kg"
    ],
    "155920_failureRate": 8e-05,
    "155921_mass": [
        3.5,
        "kg"
    ],
    "155927_failureRate": 8e-05,
    "155928_mass": [
        3.5,
        "kg"
    ],
    "155934_failureRate": 8e-05,
    "155935_mass": [
        3.5,
        "kg"
    ]
}