{
    "284378_mass": [
        63,
        "kg"
    ],
    "284379_failureRate": 2.4002807502406642e-08,
    "284380_logFailureRate": -7.619737957809507,
    "284386_failureRate": 0.0001,
    "284387_mass": [
        6,
        "kg"
    ],
    "284393_failureRate": 0.0001,
    "284394_mass": [
        6,
        "kg"
    ],
    "284400_failureRate": 0.0001,
    "284401_mass": [
        6,
        "kg"
    ],
    "284408_failureRate": 2e-05,
    "284409_mass": [
        10,
        "kg"
    ],
    "284416_failureRate": 2e-05,
    "284417_mass": [
        10,
        "kg"
    ],
    "284424_failureRate": 2e-05,
    "284425_mass": [
        10,
        "kg"
    ],
    "284431_failureRate": 0.0002,
    "284432_mass": [
        5.5,
        "kg"
    ],
    "284438_failureRate": 0.0001,
    "284439_mass": [
        9.5,
        "kg"
    ]
}