{
    "229732_mass": [
        44.5,
        "kg"
    ],
    "229733_failureRate": 5.3113800188800016e-12,
    "229734_logFailureRate": -11.274792624546158,
    "229740_failureRate": 0.0001,
    "229741_mass": [
        6,
        "kg"
    ],
    "229747_failureRate": 0.0001,
    "229748_mass": [
        6,
        "kg"
    ],
    "229754_failureRate": 0.0001,
    "229755_mass": [
        6,
        "kg"
    ],
    "229762_failureRate": 0.0001,
    "229763_mass": [
        3,
        "kg"
    ],
    "229770_failureRate": 0.0001,
    "229771_mass": [
        3,
        "kg"
    ],
    "229778_failureRate": 2e-05,
    "229779_mass": [
        10,
        "kg"
    ],
    "229785_failureRate": 8e-05,
    "229786_mass": [
        3.5,
        "kg"
    ],
    "229792_failureRate": 8e-05,
    "229793_mass": [
        3.5,
        "kg"
    ],
    "229799_failureRate": 8e-05,
    "229800_mass": [
        3.5,
        "kg"
    ]
}