{
    "61384_mass": [
        33.5,
        "kg"
    ],
    "61385_failureRate": 2.2515096075288988e-08,
    "61386_logFailureRate": -7.647526195497458,
    "61392_failureRate": 0.00015,
    "61393_mass": [
        3,
        "kg"
    ],
    "61399_failureRate": 0.00015,
    "61400_mass": [
        3,
        "kg"
    ],
    "61407_failureRate": 0.0001,
    "61408_mass": [
        3,
        "kg"
    ],
    "61415_failureRate": 0.0001,
    "61416_mass": [
        3,
        "kg"
    ],
    "61423_failureRate": 0.0001,
    "61424_mass": [
        3,
        "kg"
    ],
    "61430_failureRate": 8e-05,
    "61431_mass": [
        3.5,
        "kg"
    ],
    "61437_failureRate": 0.0002,
    "61438_mass": [
        5.5,
        "kg"
    ],
    "61444_failureRate": 0.0001,
    "61445_mass": [
        9.5,
        "kg"
    ]
}