{
    "264829_mass": [
        23.5,
        "kg"
    ],
    "264830_failureRate": 0.00020001500137363764,
    "264831_logFailureRate": -3.6989374304886757,
    "264837_failureRate": 0.00015,
    "264838_mass": [
        3,
        "kg"
    ],
    "264844_failureRate": 0.00015,
    "264845_mass": [
        3,
        "kg"
    ],
    "264851_failureRate": 0.00015,
    "264852_mass": [
        3,
        "kg"
    ],
    "264859_failureRate": 0.0001,
    "264860_mass": [
        3,
        "kg"
    ],
    "264867_failureRate": 0.0001,
    "264868_mass": [
        3,
        "kg"
    ],
    "264875_failureRate": 0.0001,
    "264876_mass": [
        3,
        "kg"
    ],
    "264882_failureRate": 0.0002,
    "264883_mass": [
        5.5,
        "kg"
    ]
}