{
    "117778_mass": [
        65.5,
        "kg"
    ],
    "117779_failureRate": 1.0226072664906582e-11,
    "117780_logFailureRate": -10.990291125568426,
    "117786_failureRate": 0.0001,
    "117787_mass": [
        6,
        "kg"
    ],
    "117793_failureRate": 5e-05,
    "117794_mass": [
        9,
        "kg"
    ],
    "117800_failureRate": 5e-05,
    "117801_mass": [
        9,
        "kg"
    ],
    "117808_failureRate": 4e-05,
    "117809_mass": [
        5,
        "kg"
    ],
    "117816_failureRate": 2e-05,
    "117817_mass": [
        10,
        "kg"
    ],
    "117824_failureRate": 2e-05,
    "117825_mass": [
        10,
        "kg"
    ],
    "117831_failureRate": 0.0002,
    "117832_mass": [
        5.5,
        "kg"
    ],
    "117838_failureRate": 0.0002,
    "117839_mass": [
        5.5,
        "kg"
    ],
    "117845_failureRate": 0.0002,
    "117846_mass": [
        5.5,
        "kg"
    ]
}