{
    "115448_mass": [
        41.5,
        "kg"
    ],
    "115449_failureRate": 1.612624474871808e-09,
    "115450_logFailureRate": -8.792466753180403,
    "115456_failureRate": 0.00015,
    "115457_mass": [
        3,
        "kg"
    ],
    "115463_failureRate": 0.00015,
    "115464_mass": [
        3,
        "kg"
    ],
    "115470_failureRate": 5e-05,
    "115471_mass": [
        9,
        "kg"
    ],
    "115478_failureRate": 4e-05,
    "115479_mass": [
        5,
        "kg"
    ],
    "115486_failureRate": 4e-05,
    "115487_mass": [
        5,
        "kg"
    ],
    "115493_failureRate": 0.0002,
    "115494_mass": [
        5.5,
        "kg"
    ],
    "115500_failureRate": 0.0002,
    "115501_mass": [
        5.5,
        "kg"
    ],
    "115507_failureRate": 0.0002,
    "115508_mass": [
        5.5,
        "kg"
    ]
}