{
    "135651_mass": [
        36.5,
        "kg"
    ],
    "135652_failureRate": 8.00000019537381e-05,
    "135653_logFailureRate": -4.0969100024018354,
    "135659_failureRate": 0.00015,
    "135660_mass": [
        3,
        "kg"
    ],
    "135666_failureRate": 0.0001,
    "135667_mass": [
        6,
        "kg"
    ],
    "135673_failureRate": 5e-05,
    "135674_mass": [
        9,
        "kg"
    ],
    "135681_failureRate": 4e-05,
    "135682_mass": [
        5,
        "kg"
    ],
    "135689_failureRate": 4e-05,
    "135690_mass": [
        5,
        "kg"
    ],
    "135697_failureRate": 4e-05,
    "135698_mass": [
        5,
        "kg"
    ],
    "135704_failureRate": 8e-05,
    "135705_mass": [
        3.5,
        "kg"
    ]
}