{
    "39085_mass": [
        17.5,
        "kg"
    ],
    "39086_failureRate": 0.00011999680337459502,
    "39087_logFailureRate": -3.920830323079586,
    "39093_failureRate": 0.00015,
    "39094_mass": [
        3,
        "kg"
    ],
    "39100_failureRate": 0.00015,
    "39101_mass": [
        3,
        "kg"
    ],
    "39107_failureRate": 0.00015,
    "39108_mass": [
        3,
        "kg"
    ],
    "39115_failureRate": 4e-05,
    "39116_mass": [
        5,
        "kg"
    ],
    "39122_failureRate": 8e-05,
    "39123_mass": [
        3.5,
        "kg"
    ]
}