{
    "266297_mass": [
        34.5,
        "kg"
    ],
    "266298_failureRate": 0.00011999800112486501,
    "266299_logFailureRate": -3.9208259881829695,
    "266305_failureRate": 0.00015,
    "266306_mass": [
        3,
        "kg"
    ],
    "266312_failureRate": 0.00015,
    "266313_mass": [
        3,
        "kg"
    ],
    "266319_failureRate": 5e-05,
    "266320_mass": [
        9,
        "kg"
    ],
    "266327_failureRate": 2e-05,
    "266328_mass": [
        10,
        "kg"
    ],
    "266334_failureRate": 0.0001,
    "266335_mass": [
        9.5,
        "kg"
    ]
}