{
    "306722_mass": [
        24,
        "kg"
    ],
    "306723_failureRate": 3.659846370162304e-08,
    "306724_logFailureRate": -7.436537144657807,
    "306730_failureRate": 0.00015,
    "306731_mass": [
        3,
        "kg"
    ],
    "306737_failureRate": 0.0001,
    "306738_mass": [
        6,
        "kg"
    ],
    "306745_failureRate": 0.0001,
    "306746_mass": [
        3,
        "kg"
    ],
    "306753_failureRate": 4e-05,
    "306754_mass": [
        5,
        "kg"
    ],
    "306760_failureRate": 8e-05,
    "306761_mass": [
        3.5,
        "kg"
    ],
    "306767_failureRate": 8e-05,
    "306768_mass": [
        3.5,
        "kg"
    ]
}