{
    "325871_mass": [
        27,
        "kg"
    ],
    "325872_failureRate": 7.8095739148036e-08,
    "325873_logFailureRate": -7.1073726602965195,
    "325879_failureRate": 0.00015,
    "325880_mass": [
        3,
        "kg"
    ],
    "325886_failureRate": 0.00015,
    "325887_mass": [
        3,
        "kg"
    ],
    "325894_failureRate": 4e-05,
    "325895_mass": [
        5,
        "kg"
    ],
    "325902_failureRate": 4e-05,
    "325903_mass": [
        5,
        "kg"
    ],
    "325909_failureRate": 0.0002,
    "325910_mass": [
        5.5,
        "kg"
    ],
    "325916_failureRate": 0.0002,
    "325917_mass": [
        5.5,
        "kg"
    ]
}