{
    "154618_mass": [
        27.5,
        "kg"
    ],
    "154619_failureRate": 1.800385487193925e-08,
    "154620_logFailureRate": -7.744634496542822,
    "154626_failureRate": 0.00015,
    "154627_mass": [
        3,
        "kg"
    ],
    "154633_failureRate": 0.00015,
    "154634_mass": [
        3,
        "kg"
    ],
    "154640_failureRate": 0.00015,
    "154641_mass": [
        3,
        "kg"
    ],
    "154648_failureRate": 0.0001,
    "154649_mass": [
        3,
        "kg"
    ],
    "154656_failureRate": 0.0001,
    "154657_mass": [
        3,
        "kg"
    ],
    "154663_failureRate": 8e-05,
    "154664_mass": [
        3.5,
        "kg"
    ],
    "154670_failureRate": 8e-05,
    "154671_mass": [
        3.5,
        "kg"
    ],
    "154677_failureRate": 0.0002,
    "154678_mass": [
        5.5,
        "kg"
    ]
}