{
    "322715_mass": [
        30.5,
        "kg"
    ],
    "322716_failureRate": 9.556061495791935e-12,
    "322717_logFailureRate": -11.019721064112913,
    "322723_failureRate": 0.00015,
    "322724_mass": [
        3,
        "kg"
    ],
    "322730_failureRate": 0.00015,
    "322731_mass": [
        3,
        "kg"
    ],
    "322737_failureRate": 0.00015,
    "322738_mass": [
        3,
        "kg"
    ],
    "322745_failureRate": 0.0001,
    "322746_mass": [
        3,
        "kg"
    ],
    "322753_failureRate": 0.0001,
    "322754_mass": [
        3,
        "kg"
    ],
    "322761_failureRate": 4e-05,
    "322762_mass": [
        5,
        "kg"
    ],
    "322768_failureRate": 8e-05,
    "322769_mass": [
        3.5,
        "kg"
    ],
    "322775_failureRate": 8e-05,
    "322776_mass": [
        3.5,
        "kg"
    ],
    "322782_failureRate": 8e-05,
    "322783_mass": [
        3.5,
        "kg"
    ]
}