{
    "173842_mass": [
        31.5,
        "kg"
    ],
    "173843_failureRate": 3.050052156200336e-08,
    "173844_logFailureRate": -7.515692734110154,
    "173850_failureRate": 0.00015,
    "173851_mass": [
        3,
        "kg"
    ],
    "173857_failureRate": 5e-05,
    "173858_mass": [
        9,
        "kg"
    ],
    "173865_failureRate": 0.0001,
    "173866_mass": [
        3,
        "kg"
    ],
    "173873_failureRate": 0.0001,
    "173874_mass": [
        3,
        "kg"
    ],
    "173881_failureRate": 0.0001,
    "173882_mass": [
        3,
        "kg"
    ],
    "173888_failureRate": 8e-05,
    "173889_mass": [
        3.5,
        "kg"
    ],
    "173895_failureRate": 8e-05,
    "173896_mass": [
        3.5,
        "kg"
    ],
    "173902_failureRate": 8e-05,
    "173903_mass": [
        3.5,
        "kg"
    ]
}