{
    "266385_mass": [
        48.5,
        "kg"
    ],
    "266386_failureRate": 2.300405437648203e-08,
    "266387_logFailureRate": -7.638195614497275,
    "266393_failureRate": 0.00015,
    "266394_mass": [
        3,
        "kg"
    ],
    "266400_failureRate": 0.00015,
    "266401_mass": [
        3,
        "kg"
    ],
    "266407_failureRate": 0.00015,
    "266408_mass": [
        3,
        "kg"
    ],
    "266415_failureRate": 0.0001,
    "266416_mass": [
        3,
        "kg"
    ],
    "266423_failureRate": 2e-05,
    "266424_mass": [
        10,
        "kg"
    ],
    "266431_failureRate": 2e-05,
    "266432_mass": [
        10,
        "kg"
    ],
    "266438_failureRate": 8e-05,
    "266439_mass": [
        3.5,
        "kg"
    ],
    "266445_failureRate": 8e-05,
    "266446_mass": [
        3.5,
        "kg"
    ],
    "266452_failureRate": 0.0001,
    "266453_mass": [
        9.5,
        "kg"
    ]
}