{
    "227559_mass": [
        32.5,
        "kg"
    ],
    "227560_failureRate": 8.00173982680272e-05,
    "227561_logFailureRate": -4.096815573629458,
    "227567_failureRate": 0.00015,
    "227568_mass": [
        3,
        "kg"
    ],
    "227574_failureRate": 0.0001,
    "227575_mass": [
        6,
        "kg"
    ],
    "227582_failureRate": 2e-05,
    "227583_mass": [
        10,
        "kg"
    ],
    "227590_failureRate": 2e-05,
    "227591_mass": [
        10,
        "kg"
    ],
    "227597_failureRate": 8e-05,
    "227598_mass": [
        3.5,
        "kg"
    ]
}