{
    "98889_mass": [
        34.5,
        "kg"
    ],
    "98890_failureRate": 4.94978294812368e-08,
    "98891_logFailureRate": -7.305413844803589,
    "98897_failureRate": 0.00015,
    "98898_mass": [
        3,
        "kg"
    ],
    "98904_failureRate": 0.00015,
    "98905_mass": [
        3,
        "kg"
    ],
    "98912_failureRate": 0.0001,
    "98913_mass": [
        3,
        "kg"
    ],
    "98920_failureRate": 0.0001,
    "98921_mass": [
        3,
        "kg"
    ],
    "98928_failureRate": 2e-05,
    "98929_mass": [
        10,
        "kg"
    ],
    "98935_failureRate": 8e-05,
    "98936_mass": [
        3.5,
        "kg"
    ],
    "98942_failureRate": 8e-05,
    "98943_mass": [
        3.5,
        "kg"
    ],
    "98949_failureRate": 0.0002,
    "98950_mass": [
        5.5,
        "kg"
    ]
}