{
    "341912_mass": [
        22,
        "kg"
    ],
    "341913_failureRate": 3.9399234782478405e-08,
    "341914_logFailureRate": -7.404512213021491,
    "341920_failureRate": 0.00015,
    "341921_mass": [
        3,
        "kg"
    ],
    "341927_failureRate": 0.00015,
    "341928_mass": [
        3,
        "kg"
    ],
    "341934_failureRate": 0.00015,
    "341935_mass": [
        3,
        "kg"
    ],
    "341942_failureRate": 0.0001,
    "341943_mass": [
        3,
        "kg"
    ],
    "341950_failureRate": 0.0001,
    "341951_mass": [
        3,
        "kg"
    ],
    "341957_failureRate": 8e-05,
    "341958_mass": [
        3.5,
        "kg"
    ],
    "341964_failureRate": 8e-05,
    "341965_mass": [
        3.5,
        "kg"
    ]
}