{
    "359202_mass": [
        31,
        "kg"
    ],
    "359203_failureRate": 0.0001000063997349625,
    "359204_logFailureRate": -3.999972207193525,
    "359210_failureRate": 0.00015,
    "359211_mass": [
        3,
        "kg"
    ],
    "359217_failureRate": 5e-05,
    "359218_mass": [
        9,
        "kg"
    ],
    "359224_failureRate": 5e-05,
    "359225_mass": [
        9,
        "kg"
    ],
    "359232_failureRate": 0.0001,
    "359233_mass": [
        3,
        "kg"
    ],
    "359239_failureRate": 8e-05,
    "359240_mass": [
        3.5,
        "kg"
    ],
    "359246_failureRate": 8e-05,
    "359247_mass": [
        3.5,
        "kg"
    ]
}