{
    "288337_mass": [
        34,
        "kg"
    ],
    "288338_failureRate": 1.560157789526637e-08,
    "288339_logFailureRate": -7.8068314762254785,
    "288345_failureRate": 0.00015,
    "288346_mass": [
        3,
        "kg"
    ],
    "288352_failureRate": 0.00015,
    "288353_mass": [
        3,
        "kg"
    ],
    "288359_failureRate": 0.0001,
    "288360_mass": [
        6,
        "kg"
    ],
    "288367_failureRate": 4e-05,
    "288368_mass": [
        5,
        "kg"
    ],
    "288375_failureRate": 4e-05,
    "288376_mass": [
        5,
        "kg"
    ],
    "288383_failureRate": 4e-05,
    "288384_mass": [
        5,
        "kg"
    ],
    "288390_failureRate": 8e-05,
    "288391_mass": [
        3.5,
        "kg"
    ],
    "288397_failureRate": 8e-05,
    "288398_mass": [
        3.5,
        "kg"
    ]
}