{
    "287756_mass": [
        52.5,
        "kg"
    ],
    "287757_failureRate": 7.1245249262575e-12,
    "287758_logFailureRate": -11.147244089745225,
    "287764_failureRate": 0.00015,
    "287765_mass": [
        3,
        "kg"
    ],
    "287771_failureRate": 0.00015,
    "287772_mass": [
        3,
        "kg"
    ],
    "287778_failureRate": 5e-05,
    "287779_mass": [
        9,
        "kg"
    ],
    "287786_failureRate": 0.0001,
    "287787_mass": [
        3,
        "kg"
    ],
    "287794_failureRate": 0.0001,
    "287795_mass": [
        3,
        "kg"
    ],
    "287802_failureRate": 0.0001,
    "287803_mass": [
        3,
        "kg"
    ],
    "287809_failureRate": 0.0001,
    "287810_mass": [
        9.5,
        "kg"
    ],
    "287816_failureRate": 0.0001,
    "287817_mass": [
        9.5,
        "kg"
    ],
    "287823_failureRate": 0.0001,
    "287824_mass": [
        9.5,
        "kg"
    ]
}