{
    "287559_mass": [
        40,
        "kg"
    ],
    "287560_failureRate": 4.2498163759009955e-08,
    "287561_logFailureRate": -7.371629834339277,
    "287567_failureRate": 0.00015,
    "287568_mass": [
        3,
        "kg"
    ],
    "287574_failureRate": 0.00015,
    "287575_mass": [
        3,
        "kg"
    ],
    "287582_failureRate": 4e-05,
    "287583_mass": [
        5,
        "kg"
    ],
    "287590_failureRate": 4e-05,
    "287591_mass": [
        5,
        "kg"
    ],
    "287598_failureRate": 4e-05,
    "287599_mass": [
        5,
        "kg"
    ],
    "287605_failureRate": 0.0001,
    "287606_mass": [
        9.5,
        "kg"
    ],
    "287612_failureRate": 0.0001,
    "287613_mass": [
        9.5,
        "kg"
    ]
}