{
    "43336_mass": [
        35,
        "kg"
    ],
    "43337_failureRate": 7.2493999825015e-08,
    "43338_logFailureRate": -7.1396979375769165,
    "43344_failureRate": 5e-05,
    "43345_mass": [
        9,
        "kg"
    ],
    "43351_failureRate": 5e-05,
    "43352_mass": [
        9,
        "kg"
    ],
    "43359_failureRate": 0.0001,
    "43360_mass": [
        3,
        "kg"
    ],
    "43367_failureRate": 0.0001,
    "43368_mass": [
        3,
        "kg"
    ],
    "43374_failureRate": 0.0002,
    "43375_mass": [
        5.5,
        "kg"
    ],
    "43381_failureRate": 0.0002,
    "43382_mass": [
        5.5,
        "kg"
    ]
}