{
    "115213_mass": [
        58.5,
        "kg"
    ],
    "115214_failureRate": 3.151723284768055e-12,
    "115215_logFailureRate": -11.501451919727451,
    "115221_failureRate": 0.0001,
    "115222_mass": [
        6,
        "kg"
    ],
    "115228_failureRate": 0.0001,
    "115229_mass": [
        6,
        "kg"
    ],
    "115235_failureRate": 5e-05,
    "115236_mass": [
        9,
        "kg"
    ],
    "115243_failureRate": 4e-05,
    "115244_mass": [
        5,
        "kg"
    ],
    "115251_failureRate": 4e-05,
    "115252_mass": [
        5,
        "kg"
    ],
    "115259_failureRate": 4e-05,
    "115260_mass": [
        5,
        "kg"
    ],
    "115266_failureRate": 8e-05,
    "115267_mass": [
        3.5,
        "kg"
    ],
    "115273_failureRate": 0.0001,
    "115274_mass": [
        9.5,
        "kg"
    ],
    "115280_failureRate": 0.0001,
    "115281_mass": [
        9.5,
        "kg"
    ]
}