{
    "230382_mass": [
        22,
        "kg"
    ],
    "230383_failureRate": 5.9394434888517407e-08,
    "230384_logFailureRate": -7.226254245430139,
    "230390_failureRate": 0.00015,
    "230391_mass": [
        3,
        "kg"
    ],
    "230397_failureRate": 0.00015,
    "230398_mass": [
        3,
        "kg"
    ],
    "230404_failureRate": 0.00015,
    "230405_mass": [
        3,
        "kg"
    ],
    "230412_failureRate": 0.0001,
    "230413_mass": [
        3,
        "kg"
    ],
    "230420_failureRate": 0.0001,
    "230421_mass": [
        3,
        "kg"
    ],
    "230427_failureRate": 8e-05,
    "230428_mass": [
        3.5,
        "kg"
    ],
    "230434_failureRate": 8e-05,
    "230435_mass": [
        3.5,
        "kg"
    ]
}