{
    "21499_mass": [
        43.5,
        "kg"
    ],
    "21500_failureRate": 0.00010000250054992,
    "21501_logFailureRate": -3.9999891403854546,
    "21507_failureRate": 5e-05,
    "21508_mass": [
        9,
        "kg"
    ],
    "21514_failureRate": 5e-05,
    "21515_mass": [
        9,
        "kg"
    ],
    "21522_failureRate": 0.0001,
    "21523_mass": [
        3,
        "kg"
    ],
    "21529_failureRate": 8e-05,
    "21530_mass": [
        3.5,
        "kg"
    ],
    "21536_failureRate": 0.0001,
    "21537_mass": [
        9.5,
        "kg"
    ],
    "21543_failureRate": 0.0001,
    "21544_mass": [
        9.5,
        "kg"
    ]
}