{
    "172340_mass": [
        42.5,
        "kg"
    ],
    "172341_failureRate": 9.37955375424006e-12,
    "172342_logFailureRate": -11.027817823314033,
    "172348_failureRate": 0.00015,
    "172349_mass": [
        3,
        "kg"
    ],
    "172355_failureRate": 0.00015,
    "172356_mass": [
        3,
        "kg"
    ],
    "172362_failureRate": 5e-05,
    "172363_mass": [
        9,
        "kg"
    ],
    "172370_failureRate": 4e-05,
    "172371_mass": [
        5,
        "kg"
    ],
    "172378_failureRate": 4e-05,
    "172379_mass": [
        5,
        "kg"
    ],
    "172386_failureRate": 4e-05,
    "172387_mass": [
        5,
        "kg"
    ],
    "172393_failureRate": 8e-05,
    "172394_mass": [
        3.5,
        "kg"
    ],
    "172400_failureRate": 8e-05,
    "172401_mass": [
        3.5,
        "kg"
    ],
    "172407_failureRate": 0.0002,
    "172408_mass": [
        5.5,
        "kg"
    ]
}