{
    "59237_mass": [
        37.5,
        "kg"
    ],
    "59238_failureRate": 0.00019999000099980003,
    "59239_logFailureRate": -3.6989917174318534,
    "59245_failureRate": 0.0001,
    "59246_mass": [
        6,
        "kg"
    ],
    "59253_failureRate": 0.0001,
    "59254_mass": [
        3,
        "kg"
    ],
    "59260_failureRate": 0.0001,
    "59261_mass": [
        9.5,
        "kg"
    ],
    "59267_failureRate": 0.0001,
    "59268_mass": [
        9.5,
        "kg"
    ],
    "59274_failureRate": 0.0001,
    "59275_mass": [
        9.5,
        "kg"
    ]
}