{
    "175285_mass": [
        34,
        "kg"
    ],
    "175286_failureRate": 0.000100006399609975,
    "175287_logFailureRate": -3.999972207736304,
    "175293_failureRate": 0.0001,
    "175294_mass": [
        6,
        "kg"
    ],
    "175300_failureRate": 5e-05,
    "175301_mass": [
        9,
        "kg"
    ],
    "175307_failureRate": 5e-05,
    "175308_mass": [
        9,
        "kg"
    ],
    "175315_failureRate": 0.0001,
    "175316_mass": [
        3,
        "kg"
    ],
    "175322_failureRate": 8e-05,
    "175323_mass": [
        3.5,
        "kg"
    ],
    "175329_failureRate": 8e-05,
    "175330_mass": [
        3.5,
        "kg"
    ]
}