{
    "79409_mass": [
        43,
        "kg"
    ],
    "79410_failureRate": 5.0016798400046004e-05,
    "79411_logFailureRate": -4.3008841111199825,
    "79417_failureRate": 5e-05,
    "79418_mass": [
        9,
        "kg"
    ],
    "79425_failureRate": 4e-05,
    "79426_mass": [
        5,
        "kg"
    ],
    "79433_failureRate": 2e-05,
    "79434_mass": [
        10,
        "kg"
    ],
    "79440_failureRate": 0.0001,
    "79441_mass": [
        9.5,
        "kg"
    ],
    "79447_failureRate": 0.0001,
    "79448_mass": [
        9.5,
        "kg"
    ]
}