{
    "193706_mass": [
        66.5,
        "kg"
    ],
    "193707_failureRate": 1.2250011926142849e-12,
    "193708_logFailureRate": -11.911863488486754,
    "193714_failureRate": 5e-05,
    "193715_mass": [
        9,
        "kg"
    ],
    "193721_failureRate": 5e-05,
    "193722_mass": [
        9,
        "kg"
    ],
    "193728_failureRate": 5e-05,
    "193729_mass": [
        9,
        "kg"
    ],
    "193736_failureRate": 0.0001,
    "193737_mass": [
        3,
        "kg"
    ],
    "193744_failureRate": 2e-05,
    "193745_mass": [
        10,
        "kg"
    ],
    "193752_failureRate": 2e-05,
    "193753_mass": [
        10,
        "kg"
    ],
    "193759_failureRate": 8e-05,
    "193760_mass": [
        3.5,
        "kg"
    ],
    "193766_failureRate": 8e-05,
    "193767_mass": [
        3.5,
        "kg"
    ],
    "193773_failureRate": 0.0001,
    "193774_mass": [
        9.5,
        "kg"
    ]
}