{
    "42597_mass": [
        24.5,
        "kg"
    ],
    "42598_failureRate": 0.00021999600337425752,
    "42599_logFailureRate": -3.6575852088517586,
    "42605_failureRate": 0.00015,
    "42606_mass": [
        3,
        "kg"
    ],
    "42612_failureRate": 0.00015,
    "42613_mass": [
        3,
        "kg"
    ],
    "42619_failureRate": 0.00015,
    "42620_mass": [
        3,
        "kg"
    ],
    "42627_failureRate": 2e-05,
    "42628_mass": [
        10,
        "kg"
    ],
    "42634_failureRate": 0.0002,
    "42635_mass": [
        5.5,
        "kg"
    ]
}