{
    "323031_mass": [
        21.5,
        "kg"
    ],
    "323032_failureRate": 0.00012999600099987003,
    "323033_logFailureRate": -3.8860700074654906,
    "323039_failureRate": 5e-05,
    "323040_mass": [
        9,
        "kg"
    ],
    "323047_failureRate": 0.0001,
    "323048_mass": [
        3,
        "kg"
    ],
    "323055_failureRate": 0.0001,
    "323056_mass": [
        3,
        "kg"
    ],
    "323063_failureRate": 0.0001,
    "323064_mass": [
        3,
        "kg"
    ],
    "323070_failureRate": 8e-05,
    "323071_mass": [
        3.5,
        "kg"
    ]
}