{
    "269507_mass": [
        21.5,
        "kg"
    ],
    "269508_failureRate": 4.002249961197951e-05,
    "269509_logFailureRate": -4.397695790917467,
    "269515_failureRate": 0.00015,
    "269516_mass": [
        3,
        "kg"
    ],
    "269522_failureRate": 0.00015,
    "269523_mass": [
        3,
        "kg"
    ],
    "269530_failureRate": 4e-05,
    "269531_mass": [
        5,
        "kg"
    ],
    "269537_failureRate": 8e-05,
    "269538_mass": [
        3.5,
        "kg"
    ],
    "269544_failureRate": 8e-05,
    "269545_mass": [
        3.5,
        "kg"
    ],
    "269551_failureRate": 8e-05,
    "269552_mass": [
        3.5,
        "kg"
    ]
}