{
    "304827_mass": [
        31,
        "kg"
    ],
    "304828_failureRate": 6.40867378349006e-09,
    "304829_logFailureRate": -8.193231834459915,
    "304835_failureRate": 0.00015,
    "304836_mass": [
        3,
        "kg"
    ],
    "304842_failureRate": 0.00015,
    "304843_mass": [
        3,
        "kg"
    ],
    "304849_failureRate": 5e-05,
    "304850_mass": [
        9,
        "kg"
    ],
    "304857_failureRate": 0.0001,
    "304858_mass": [
        3,
        "kg"
    ],
    "304865_failureRate": 0.0001,
    "304866_mass": [
        3,
        "kg"
    ],
    "304873_failureRate": 0.0001,
    "304874_mass": [
        3,
        "kg"
    ],
    "304880_failureRate": 8e-05,
    "304881_mass": [
        3.5,
        "kg"
    ],
    "304887_failureRate": 8e-05,
    "304888_mass": [
        3.5,
        "kg"
    ]
}