{
    "117896_mass": [
        48.5,
        "kg"
    ],
    "117897_failureRate": 1.8715548430179265e-11,
    "117898_logFailureRate": -10.727797442035492,
    "117904_failureRate": 0.00015,
    "117905_mass": [
        3,
        "kg"
    ],
    "117911_failureRate": 0.0001,
    "117912_mass": [
        6,
        "kg"
    ],
    "117918_failureRate": 0.0001,
    "117919_mass": [
        6,
        "kg"
    ],
    "117926_failureRate": 0.0001,
    "117927_mass": [
        3,
        "kg"
    ],
    "117934_failureRate": 0.0001,
    "117935_mass": [
        3,
        "kg"
    ],
    "117942_failureRate": 4e-05,
    "117943_mass": [
        5,
        "kg"
    ],
    "117949_failureRate": 8e-05,
    "117950_mass": [
        3.5,
        "kg"
    ],
    "117956_failureRate": 0.0001,
    "117957_mass": [
        9.5,
        "kg"
    ],
    "117963_failureRate": 0.0001,
    "117964_mass": [
        9.5,
        "kg"
    ]
}