{
    "153081_mass": [
        52.5,
        "kg"
    ],
    "153082_failureRate": 4.000199909603121e-08,
    "153083_logFailureRate": -7.397918304305018,
    "153089_failureRate": 0.0001,
    "153090_mass": [
        6,
        "kg"
    ],
    "153096_failureRate": 0.0001,
    "153097_mass": [
        6,
        "kg"
    ],
    "153103_failureRate": 0.0001,
    "153104_mass": [
        6,
        "kg"
    ],
    "153111_failureRate": 0.0001,
    "153112_mass": [
        3,
        "kg"
    ],
    "153119_failureRate": 0.0001,
    "153120_mass": [
        3,
        "kg"
    ],
    "153127_failureRate": 2e-05,
    "153128_mass": [
        10,
        "kg"
    ],
    "153134_failureRate": 8e-05,
    "153135_mass": [
        3.5,
        "kg"
    ],
    "153141_failureRate": 0.0002,
    "153142_mass": [
        5.5,
        "kg"
    ],
    "153148_failureRate": 0.0001,
    "153149_mass": [
        9.5,
        "kg"
    ]
}