{
    "249807_mass": [
        21.5,
        "kg"
    ],
    "249808_failureRate": 8.002499749994003e-05,
    "249809_logFailureRate": -4.096774330751618,
    "249815_failureRate": 0.00015,
    "249816_mass": [
        3,
        "kg"
    ],
    "249822_failureRate": 0.0001,
    "249823_mass": [
        6,
        "kg"
    ],
    "249830_failureRate": 0.0001,
    "249831_mass": [
        3,
        "kg"
    ],
    "249838_failureRate": 0.0001,
    "249839_mass": [
        3,
        "kg"
    ],
    "249846_failureRate": 0.0001,
    "249847_mass": [
        3,
        "kg"
    ],
    "249853_failureRate": 8e-05,
    "249854_mass": [
        3.5,
        "kg"
    ]
}