{
    "326053_mass": [
        40.5,
        "kg"
    ],
    "326054_failureRate": 8.374252484201952e-12,
    "326055_logFailureRate": -11.077053949243373,
    "326061_failureRate": 0.00015,
    "326062_mass": [
        3,
        "kg"
    ],
    "326068_failureRate": 0.00015,
    "326069_mass": [
        3,
        "kg"
    ],
    "326075_failureRate": 5e-05,
    "326076_mass": [
        9,
        "kg"
    ],
    "326083_failureRate": 0.0001,
    "326084_mass": [
        3,
        "kg"
    ],
    "326091_failureRate": 0.0001,
    "326092_mass": [
        3,
        "kg"
    ],
    "326099_failureRate": 4e-05,
    "326100_mass": [
        5,
        "kg"
    ],
    "326106_failureRate": 8e-05,
    "326107_mass": [
        3.5,
        "kg"
    ],
    "326113_failureRate": 0.0002,
    "326114_mass": [
        5.5,
        "kg"
    ],
    "326120_failureRate": 0.0002,
    "326121_mass": [
        5.5,
        "kg"
    ]
}