{
    "284489_mass": [
        48.5,
        "kg"
    ],
    "284490_failureRate": 7.0111768280546885e-12,
    "284491_logFailureRate": -11.154209079460644,
    "284497_failureRate": 0.00015,
    "284498_mass": [
        3,
        "kg"
    ],
    "284504_failureRate": 0.0001,
    "284505_mass": [
        6,
        "kg"
    ],
    "284511_failureRate": 0.0001,
    "284512_mass": [
        6,
        "kg"
    ],
    "284519_failureRate": 0.0001,
    "284520_mass": [
        3,
        "kg"
    ],
    "284527_failureRate": 2e-05,
    "284528_mass": [
        10,
        "kg"
    ],
    "284535_failureRate": 2e-05,
    "284536_mass": [
        10,
        "kg"
    ],
    "284542_failureRate": 8e-05,
    "284543_mass": [
        3.5,
        "kg"
    ],
    "284549_failureRate": 8e-05,
    "284550_mass": [
        3.5,
        "kg"
    ],
    "284556_failureRate": 8e-05,
    "284557_mass": [
        3.5,
        "kg"
    ]
}