{
    "41458_mass": [
        21,
        "kg"
    ],
    "41459_failureRate": 8.908355522435775e-08,
    "41460_logFailureRate": -7.050202459088491,
    "41466_failureRate": 0.00015,
    "41467_mass": [
        3,
        "kg"
    ],
    "41473_failureRate": 0.00015,
    "41474_mass": [
        3,
        "kg"
    ],
    "41481_failureRate": 0.0001,
    "41482_mass": [
        3,
        "kg"
    ],
    "41489_failureRate": 4e-05,
    "41490_mass": [
        5,
        "kg"
    ],
    "41496_failureRate": 8e-05,
    "41497_mass": [
        3.5,
        "kg"
    ],
    "41503_failureRate": 8e-05,
    "41504_mass": [
        3.5,
        "kg"
    ]
}