{
    "138238_mass": [
        46.5,
        "kg"
    ],
    "138239_failureRate": 6.849226015240312e-12,
    "138240_logFailureRate": -11.164358502420246,
    "138246_failureRate": 0.00015,
    "138247_mass": [
        3,
        "kg"
    ],
    "138253_failureRate": 0.0001,
    "138254_mass": [
        6,
        "kg"
    ],
    "138260_failureRate": 5e-05,
    "138261_mass": [
        9,
        "kg"
    ],
    "138268_failureRate": 0.0001,
    "138269_mass": [
        3,
        "kg"
    ],
    "138276_failureRate": 0.0001,
    "138277_mass": [
        3,
        "kg"
    ],
    "138284_failureRate": 2e-05,
    "138285_mass": [
        10,
        "kg"
    ],
    "138291_failureRate": 8e-05,
    "138292_mass": [
        3.5,
        "kg"
    ],
    "138298_failureRate": 8e-05,
    "138299_mass": [
        3.5,
        "kg"
    ],
    "138305_failureRate": 0.0002,
    "138306_mass": [
        5.5,
        "kg"
    ]
}