{
    "344438_mass": [
        54.5,
        "kg"
    ],
    "344439_failureRate": 0.00010000000212478749,
    "344440_logFailureRate": -3.999999990772165,
    "344446_failureRate": 5e-05,
    "344447_mass": [
        9,
        "kg"
    ],
    "344453_failureRate": 5e-05,
    "344454_mass": [
        9,
        "kg"
    ],
    "344460_failureRate": 5e-05,
    "344461_mass": [
        9,
        "kg"
    ],
    "344468_failureRate": 0.0001,
    "344469_mass": [
        3,
        "kg"
    ],
    "344475_failureRate": 0.0002,
    "344476_mass": [
        5.5,
        "kg"
    ],
    "344482_failureRate": 0.0001,
    "344483_mass": [
        9.5,
        "kg"
    ],
    "344489_failureRate": 0.0001,
    "344490_mass": [
        9.5,
        "kg"
    ]
}