{
    "171773_mass": [
        46,
        "kg"
    ],
    "171774_failureRate": 2.0003014517573687e-08,
    "171775_logFailureRate": -7.698904549851345,
    "171781_failureRate": 0.00015,
    "171782_mass": [
        3,
        "kg"
    ],
    "171788_failureRate": 0.00015,
    "171789_mass": [
        3,
        "kg"
    ],
    "171795_failureRate": 0.00015,
    "171796_mass": [
        3,
        "kg"
    ],
    "171803_failureRate": 2e-05,
    "171804_mass": [
        10,
        "kg"
    ],
    "171811_failureRate": 2e-05,
    "171812_mass": [
        10,
        "kg"
    ],
    "171819_failureRate": 2e-05,
    "171820_mass": [
        10,
        "kg"
    ],
    "171826_failureRate": 8e-05,
    "171827_mass": [
        3.5,
        "kg"
    ],
    "171833_failureRate": 8e-05,
    "171834_mass": [
        3.5,
        "kg"
    ]
}