{
    "3333_mass": [
        31.5,
        "kg"
    ],
    "3334_failureRate": 0.00029998039988000805,
    "3335_logFailureRate": -3.5229071202871274,
    "3341_failureRate": 0.0001,
    "3342_mass": [
        6,
        "kg"
    ],
    "3349_failureRate": 2e-05,
    "3350_mass": [
        10,
        "kg"
    ],
    "3357_failureRate": 2e-05,
    "3358_mass": [
        10,
        "kg"
    ],
    "3364_failureRate": 0.0002,
    "3365_mass": [
        5.5,
        "kg"
    ]
}