{
    "118011_mass": [
        45,
        "kg"
    ],
    "118012_failureRate": 1.0299929975040449e-08,
    "118013_logFailureRate": -7.987165727873168,
    "118019_failureRate": 5e-05,
    "118020_mass": [
        9,
        "kg"
    ],
    "118026_failureRate": 5e-05,
    "118027_mass": [
        9,
        "kg"
    ],
    "118034_failureRate": 2e-05,
    "118035_mass": [
        10,
        "kg"
    ],
    "118042_failureRate": 2e-05,
    "118043_mass": [
        10,
        "kg"
    ],
    "118049_failureRate": 8e-05,
    "118050_mass": [
        3.5,
        "kg"
    ],
    "118056_failureRate": 8e-05,
    "118057_mass": [
        3.5,
        "kg"
    ]
}