{
    "3256_mass": [
        19.5,
        "kg"
    ],
    "3257_failureRate": 0.000229989999540024,
    "3258_logFailureRate": -3.6382910476302652,
    "3264_failureRate": 0.00015,
    "3265_mass": [
        3,
        "kg"
    ],
    "3272_failureRate": 0.0001,
    "3273_mass": [
        3,
        "kg"
    ],
    "3280_failureRate": 2e-05,
    "3281_mass": [
        10,
        "kg"
    ],
    "3287_failureRate": 8e-05,
    "3288_mass": [
        3.5,
        "kg"
    ]
}