{
    "305794_mass": [
        20,
        "kg"
    ],
    "305795_failureRate": 4.003849845964001e-05,
    "305796_logFailureRate": -4.397522217978943,
    "305802_failureRate": 0.00015,
    "305803_mass": [
        3,
        "kg"
    ],
    "305809_failureRate": 0.00015,
    "305810_mass": [
        3,
        "kg"
    ],
    "305817_failureRate": 4e-05,
    "305818_mass": [
        5,
        "kg"
    ],
    "305824_failureRate": 8e-05,
    "305825_mass": [
        3.5,
        "kg"
    ],
    "305831_failureRate": 0.0002,
    "305832_mass": [
        5.5,
        "kg"
    ]
}