{
    "135865_mass": [
        58.5,
        "kg"
    ],
    "135866_failureRate": 2.000133239778072e-12,
    "135867_logFailureRate": -11.698941072649527,
    "135873_failureRate": 0.0001,
    "135874_mass": [
        6,
        "kg"
    ],
    "135880_failureRate": 0.0001,
    "135881_mass": [
        6,
        "kg"
    ],
    "135887_failureRate": 0.0001,
    "135888_mass": [
        6,
        "kg"
    ],
    "135895_failureRate": 2e-05,
    "135896_mass": [
        10,
        "kg"
    ],
    "135903_failureRate": 2e-05,
    "135904_mass": [
        10,
        "kg"
    ],
    "135911_failureRate": 2e-05,
    "135912_mass": [
        10,
        "kg"
    ],
    "135918_failureRate": 8e-05,
    "135919_mass": [
        3.5,
        "kg"
    ],
    "135925_failureRate": 8e-05,
    "135926_mass": [
        3.5,
        "kg"
    ],
    "135932_failureRate": 8e-05,
    "135933_mass": [
        3.5,
        "kg"
    ]
}