{
    "115963_mass": [
        57.5,
        "kg"
    ],
    "115964_failureRate": 6.959451349632371e-12,
    "115965_logFailureRate": -11.157424996771503,
    "115971_failureRate": 0.00015,
    "115972_mass": [
        3,
        "kg"
    ],
    "115978_failureRate": 0.0001,
    "115979_mass": [
        6,
        "kg"
    ],
    "115985_failureRate": 0.0001,
    "115986_mass": [
        6,
        "kg"
    ],
    "115993_failureRate": 2e-05,
    "115994_mass": [
        10,
        "kg"
    ],
    "116001_failureRate": 2e-05,
    "116002_mass": [
        10,
        "kg"
    ],
    "116009_failureRate": 2e-05,
    "116010_mass": [
        10,
        "kg"
    ],
    "116016_failureRate": 8e-05,
    "116017_mass": [
        3.5,
        "kg"
    ],
    "116023_failureRate": 8e-05,
    "116024_mass": [
        3.5,
        "kg"
    ],
    "116030_failureRate": 0.0002,
    "116031_mass": [
        5.5,
        "kg"
    ]
}