{
    "96117_mass": [
        22,
        "kg"
    ],
    "96118_failureRate": 0.000170012997280048,
    "96119_logFailureRate": -3.7695178760850436,
    "96125_failureRate": 0.00015,
    "96126_mass": [
        3,
        "kg"
    ],
    "96133_failureRate": 2e-05,
    "96134_mass": [
        10,
        "kg"
    ],
    "96140_failureRate": 8e-05,
    "96141_mass": [
        3.5,
        "kg"
    ],
    "96147_failureRate": 0.0002,
    "96148_mass": [
        5.5,
        "kg"
    ]
}