{
    "344657_mass": [
        55.5,
        "kg"
    ],
    "344658_failureRate": 5.70086395487784e-09,
    "344659_logFailureRate": -8.24405932285323,
    "344665_failureRate": 5e-05,
    "344666_mass": [
        9,
        "kg"
    ],
    "344672_failureRate": 5e-05,
    "344673_mass": [
        9,
        "kg"
    ],
    "344680_failureRate": 4e-05,
    "344681_mass": [
        5,
        "kg"
    ],
    "344688_failureRate": 4e-05,
    "344689_mass": [
        5,
        "kg"
    ],
    "344696_failureRate": 4e-05,
    "344697_mass": [
        5,
        "kg"
    ],
    "344703_failureRate": 8e-05,
    "344704_mass": [
        3.5,
        "kg"
    ],
    "344710_failureRate": 0.0001,
    "344711_mass": [
        9.5,
        "kg"
    ],
    "344717_failureRate": 0.0001,
    "344718_mass": [
        9.5,
        "kg"
    ]
}