{
    "100277_mass": [
        22.5,
        "kg"
    ],
    "100278_failureRate": 0.00024999399900004003,
    "100279_logFailureRate": -3.602070416257757,
    "100285_failureRate": 5e-05,
    "100286_mass": [
        9,
        "kg"
    ],
    "100293_failureRate": 0.0001,
    "100294_mass": [
        3,
        "kg"
    ],
    "100301_failureRate": 4e-05,
    "100302_mass": [
        5,
        "kg"
    ],
    "100308_failureRate": 0.0002,
    "100309_mass": [
        5.5,
        "kg"
    ]
}