{
    "154835_mass": [
        27,
        "kg"
    ],
    "154836_failureRate": 4.80948341464e-08,
    "154837_logFailureRate": -7.3179015685782565,
    "154843_failureRate": 0.00015,
    "154844_mass": [
        3,
        "kg"
    ],
    "154850_failureRate": 5e-05,
    "154851_mass": [
        9,
        "kg"
    ],
    "154858_failureRate": 0.0001,
    "154859_mass": [
        3,
        "kg"
    ],
    "154866_failureRate": 4e-05,
    "154867_mass": [
        5,
        "kg"
    ],
    "154873_failureRate": 8e-05,
    "154874_mass": [
        3.5,
        "kg"
    ],
    "154880_failureRate": 8e-05,
    "154881_mass": [
        3.5,
        "kg"
    ]
}