{
    "155015_mass": [
        62.5,
        "kg"
    ],
    "155016_failureRate": 4.448227921026349e-12,
    "155017_logFailureRate": -11.351812968209252,
    "155023_failureRate": 0.0001,
    "155024_mass": [
        6,
        "kg"
    ],
    "155030_failureRate": 0.0001,
    "155031_mass": [
        6,
        "kg"
    ],
    "155037_failureRate": 0.0001,
    "155038_mass": [
        6,
        "kg"
    ],
    "155045_failureRate": 2e-05,
    "155046_mass": [
        10,
        "kg"
    ],
    "155053_failureRate": 2e-05,
    "155054_mass": [
        10,
        "kg"
    ],
    "155061_failureRate": 2e-05,
    "155062_mass": [
        10,
        "kg"
    ],
    "155068_failureRate": 8e-05,
    "155069_mass": [
        3.5,
        "kg"
    ],
    "155075_failureRate": 0.0002,
    "155076_mass": [
        5.5,
        "kg"
    ],
    "155082_failureRate": 0.0002,
    "155083_mass": [
        5.5,
        "kg"
    ]
}