{
    "117119_mass": [
        49.5,
        "kg"
    ],
    "117120_failureRate": 4.8001998680058006e-12,
    "117121_logFailureRate": -11.318740679340058,
    "117127_failureRate": 0.0001,
    "117128_mass": [
        6,
        "kg"
    ],
    "117134_failureRate": 0.0001,
    "117135_mass": [
        6,
        "kg"
    ],
    "117141_failureRate": 0.0001,
    "117142_mass": [
        6,
        "kg"
    ],
    "117149_failureRate": 0.0001,
    "117150_mass": [
        3,
        "kg"
    ],
    "117157_failureRate": 0.0001,
    "117158_mass": [
        3,
        "kg"
    ],
    "117165_failureRate": 0.0001,
    "117166_mass": [
        3,
        "kg"
    ],
    "117172_failureRate": 8e-05,
    "117173_mass": [
        3.5,
        "kg"
    ],
    "117179_failureRate": 0.0001,
    "117180_mass": [
        9.5,
        "kg"
    ],
    "117186_failureRate": 0.0001,
    "117187_mass": [
        9.5,
        "kg"
    ]
}