{
    "20138_mass": [
        42.5,
        "kg"
    ],
    "20139_failureRate": 0.00010000500149979999,
    "20140_logFailureRate": -3.999978279305532,
    "20146_failureRate": 0.0001,
    "20147_mass": [
        6,
        "kg"
    ],
    "20153_failureRate": 5e-05,
    "20154_mass": [
        9,
        "kg"
    ],
    "20161_failureRate": 0.0001,
    "20162_mass": [
        3,
        "kg"
    ],
    "20168_failureRate": 0.0002,
    "20169_mass": [
        5.5,
        "kg"
    ],
    "20175_failureRate": 0.0001,
    "20176_mass": [
        9.5,
        "kg"
    ],
    "20182_failureRate": 0.0001,
    "20183_mass": [
        9.5,
        "kg"
    ]
}