{
    "211639_mass": [
        43.5,
        "kg"
    ],
    "211640_failureRate": 4.0023439171030424e-09,
    "211641_logFailureRate": -8.39768559563917,
    "211647_failureRate": 0.0001,
    "211648_mass": [
        6,
        "kg"
    ],
    "211654_failureRate": 0.0001,
    "211655_mass": [
        6,
        "kg"
    ],
    "211661_failureRate": 0.0001,
    "211662_mass": [
        6,
        "kg"
    ],
    "211669_failureRate": 4e-05,
    "211670_mass": [
        5,
        "kg"
    ],
    "211677_failureRate": 4e-05,
    "211678_mass": [
        5,
        "kg"
    ],
    "211685_failureRate": 4e-05,
    "211686_mass": [
        5,
        "kg"
    ],
    "211692_failureRate": 8e-05,
    "211693_mass": [
        3.5,
        "kg"
    ],
    "211699_failureRate": 8e-05,
    "211700_mass": [
        3.5,
        "kg"
    ],
    "211706_failureRate": 8e-05,
    "211707_mass": [
        3.5,
        "kg"
    ]
}