{
    "194356_mass": [
        39,
        "kg"
    ],
    "194357_failureRate": 2.0007523837438016e-08,
    "194358_logFailureRate": -7.698806657004958,
    "194364_failureRate": 0.00015,
    "194365_mass": [
        3,
        "kg"
    ],
    "194371_failureRate": 0.00015,
    "194372_mass": [
        3,
        "kg"
    ],
    "194378_failureRate": 0.00015,
    "194379_mass": [
        3,
        "kg"
    ],
    "194386_failureRate": 0.0001,
    "194387_mass": [
        3,
        "kg"
    ],
    "194394_failureRate": 0.0001,
    "194395_mass": [
        3,
        "kg"
    ],
    "194402_failureRate": 4e-05,
    "194403_mass": [
        5,
        "kg"
    ],
    "194409_failureRate": 0.0001,
    "194410_mass": [
        9.5,
        "kg"
    ],
    "194416_failureRate": 0.0001,
    "194417_mass": [
        9.5,
        "kg"
    ]
}