{
    "343130_mass": [
        24,
        "kg"
    ],
    "343131_failureRate": 4.4098403601422795e-08,
    "343132_logFailureRate": -7.355577132065993,
    "343138_failureRate": 0.00015,
    "343139_mass": [
        3,
        "kg"
    ],
    "343145_failureRate": 0.00015,
    "343146_mass": [
        3,
        "kg"
    ],
    "343153_failureRate": 0.0001,
    "343154_mass": [
        3,
        "kg"
    ],
    "343161_failureRate": 0.0001,
    "343162_mass": [
        3,
        "kg"
    ],
    "343169_failureRate": 4e-05,
    "343170_mass": [
        5,
        "kg"
    ],
    "343176_failureRate": 8e-05,
    "343177_mass": [
        3.5,
        "kg"
    ],
    "343183_failureRate": 8e-05,
    "343184_mass": [
        3.5,
        "kg"
    ]
}