{
    "189934_mass": [
        73.5,
        "kg"
    ],
    "189935_failureRate": 2.708139965720188e-12,
    "189936_logFailureRate": -11.567328893617216,
    "189942_failureRate": 0.00015,
    "189943_mass": [
        3,
        "kg"
    ],
    "189949_failureRate": 0.0001,
    "189950_mass": [
        6,
        "kg"
    ],
    "189956_failureRate": 0.0001,
    "189957_mass": [
        6,
        "kg"
    ],
    "189964_failureRate": 2e-05,
    "189965_mass": [
        10,
        "kg"
    ],
    "189972_failureRate": 2e-05,
    "189973_mass": [
        10,
        "kg"
    ],
    "189980_failureRate": 2e-05,
    "189981_mass": [
        10,
        "kg"
    ],
    "189987_failureRate": 0.0001,
    "189988_mass": [
        9.5,
        "kg"
    ],
    "189994_failureRate": 0.0001,
    "189995_mass": [
        9.5,
        "kg"
    ],
    "190001_failureRate": 0.0001,
    "190002_mass": [
        9.5,
        "kg"
    ]
}