{
    "249377_mass": [
        27,
        "kg"
    ],
    "249378_failureRate": 3.63980498740072e-08,
    "249379_logFailureRate": -7.438921884253294,
    "249385_failureRate": 0.00015,
    "249386_mass": [
        3,
        "kg"
    ],
    "249392_failureRate": 0.00015,
    "249393_mass": [
        3,
        "kg"
    ],
    "249399_failureRate": 0.0001,
    "249400_mass": [
        6,
        "kg"
    ],
    "249407_failureRate": 0.0001,
    "249408_mass": [
        3,
        "kg"
    ],
    "249415_failureRate": 4e-05,
    "249416_mass": [
        5,
        "kg"
    ],
    "249422_failureRate": 8e-05,
    "249423_mass": [
        3.5,
        "kg"
    ],
    "249429_failureRate": 8e-05,
    "249430_mass": [
        3.5,
        "kg"
    ]
}