{
    "190154_mass": [
        55.5,
        "kg"
    ],
    "190155_failureRate": 4.186823243901833e-12,
    "190156_logFailureRate": -11.37811537343369,
    "190162_failureRate": 0.00015,
    "190163_mass": [
        3,
        "kg"
    ],
    "190169_failureRate": 0.00015,
    "190170_mass": [
        3,
        "kg"
    ],
    "190176_failureRate": 5e-05,
    "190177_mass": [
        9,
        "kg"
    ],
    "190184_failureRate": 2e-05,
    "190185_mass": [
        10,
        "kg"
    ],
    "190192_failureRate": 2e-05,
    "190193_mass": [
        10,
        "kg"
    ],
    "190200_failureRate": 2e-05,
    "190201_mass": [
        10,
        "kg"
    ],
    "190207_failureRate": 8e-05,
    "190208_mass": [
        3.5,
        "kg"
    ],
    "190214_failureRate": 8e-05,
    "190215_mass": [
        3.5,
        "kg"
    ],
    "190221_failureRate": 8e-05,
    "190222_mass": [
        3.5,
        "kg"
    ]
}