{
    "99775_mass": [
        37.5,
        "kg"
    ],
    "99776_failureRate": 2.2509298055034506e-08,
    "99777_logFailureRate": -7.647638048117134,
    "99783_failureRate": 0.00015,
    "99784_mass": [
        3,
        "kg"
    ],
    "99790_failureRate": 0.00015,
    "99791_mass": [
        3,
        "kg"
    ],
    "99798_failureRate": 0.0001,
    "99799_mass": [
        3,
        "kg"
    ],
    "99806_failureRate": 0.0001,
    "99807_mass": [
        3,
        "kg"
    ],
    "99814_failureRate": 0.0001,
    "99815_mass": [
        3,
        "kg"
    ],
    "99821_failureRate": 8e-05,
    "99822_mass": [
        3.5,
        "kg"
    ],
    "99828_failureRate": 0.0001,
    "99829_mass": [
        9.5,
        "kg"
    ],
    "99835_failureRate": 0.0001,
    "99836_mass": [
        9.5,
        "kg"
    ]
}