{
    "210827_mass": [
        27.5,
        "kg"
    ],
    "210828_failureRate": 0.00010000750052987199,
    "210829_logFailureRate": -3.999967426834217,
    "210835_failureRate": 0.00015,
    "210836_mass": [
        3,
        "kg"
    ],
    "210842_failureRate": 5e-05,
    "210843_mass": [
        9,
        "kg"
    ],
    "210850_failureRate": 0.0001,
    "210851_mass": [
        3,
        "kg"
    ],
    "210857_failureRate": 8e-05,
    "210858_mass": [
        3.5,
        "kg"
    ],
    "210864_failureRate": 8e-05,
    "210865_mass": [
        3.5,
        "kg"
    ],
    "210871_failureRate": 0.0002,
    "210872_mass": [
        5.5,
        "kg"
    ]
}