{
    "251137_mass": [
        46,
        "kg"
    ],
    "251138_failureRate": 1.2002071596019953e-08,
    "251139_logFailureRate": -7.92074378686307,
    "251145_failureRate": 0.0001,
    "251146_mass": [
        6,
        "kg"
    ],
    "251152_failureRate": 0.0001,
    "251153_mass": [
        6,
        "kg"
    ],
    "251159_failureRate": 5e-05,
    "251160_mass": [
        9,
        "kg"
    ],
    "251167_failureRate": 0.0001,
    "251168_mass": [
        3,
        "kg"
    ],
    "251175_failureRate": 4e-05,
    "251176_mass": [
        5,
        "kg"
    ],
    "251183_failureRate": 2e-05,
    "251184_mass": [
        10,
        "kg"
    ],
    "251190_failureRate": 8e-05,
    "251191_mass": [
        3.5,
        "kg"
    ],
    "251197_failureRate": 8e-05,
    "251198_mass": [
        3.5,
        "kg"
    ]
}