{
    "340877_mass": [
        34.5,
        "kg"
    ],
    "340878_failureRate": 2.0004754201010504e-08,
    "340879_logFailureRate": -7.698866780440976,
    "340885_failureRate": 0.00015,
    "340886_mass": [
        3,
        "kg"
    ],
    "340892_failureRate": 0.00015,
    "340893_mass": [
        3,
        "kg"
    ],
    "340899_failureRate": 0.00015,
    "340900_mass": [
        3,
        "kg"
    ],
    "340907_failureRate": 0.0001,
    "340908_mass": [
        3,
        "kg"
    ],
    "340915_failureRate": 4e-05,
    "340916_mass": [
        5,
        "kg"
    ],
    "340923_failureRate": 4e-05,
    "340924_mass": [
        5,
        "kg"
    ],
    "340930_failureRate": 8e-05,
    "340931_mass": [
        3.5,
        "kg"
    ],
    "340937_failureRate": 8e-05,
    "340938_mass": [
        3.5,
        "kg"
    ],
    "340944_failureRate": 0.0002,
    "340945_mass": [
        5.5,
        "kg"
    ]
}