{
    "23665_mass": [
        28,
        "kg"
    ],
    "23666_failureRate": 5.389413018359855e-08,
    "23667_logFailureRate": -7.268458532915136,
    "23673_failureRate": 0.00015,
    "23674_mass": [
        3,
        "kg"
    ],
    "23680_failureRate": 0.00015,
    "23681_mass": [
        3,
        "kg"
    ],
    "23688_failureRate": 4e-05,
    "23689_mass": [
        5,
        "kg"
    ],
    "23696_failureRate": 2e-05,
    "23697_mass": [
        10,
        "kg"
    ],
    "23703_failureRate": 8e-05,
    "23704_mass": [
        3.5,
        "kg"
    ],
    "23710_failureRate": 8e-05,
    "23711_mass": [
        3.5,
        "kg"
    ]
}