{
    "286348_mass": [
        59.5,
        "kg"
    ],
    "286349_failureRate": 3.054809486941197e-12,
    "286350_logFailureRate": -11.515015869333086,
    "286356_failureRate": 5e-05,
    "286357_mass": [
        9,
        "kg"
    ],
    "286363_failureRate": 5e-05,
    "286364_mass": [
        9,
        "kg"
    ],
    "286370_failureRate": 5e-05,
    "286371_mass": [
        9,
        "kg"
    ],
    "286378_failureRate": 0.0001,
    "286379_mass": [
        3,
        "kg"
    ],
    "286386_failureRate": 0.0001,
    "286387_mass": [
        3,
        "kg"
    ],
    "286394_failureRate": 2e-05,
    "286395_mass": [
        10,
        "kg"
    ],
    "286401_failureRate": 8e-05,
    "286402_mass": [
        3.5,
        "kg"
    ],
    "286408_failureRate": 8e-05,
    "286409_mass": [
        3.5,
        "kg"
    ],
    "286415_failureRate": 0.0001,
    "286416_mass": [
        9.5,
        "kg"
    ]
}