{
    "136178_mass": [
        50.5,
        "kg"
    ],
    "136179_failureRate": 7.223985138524543e-12,
    "136180_logFailureRate": -11.141223156141868,
    "136186_failureRate": 0.00015,
    "136187_mass": [
        3,
        "kg"
    ],
    "136193_failureRate": 5e-05,
    "136194_mass": [
        9,
        "kg"
    ],
    "136200_failureRate": 5e-05,
    "136201_mass": [
        9,
        "kg"
    ],
    "136208_failureRate": 0.0001,
    "136209_mass": [
        3,
        "kg"
    ],
    "136216_failureRate": 4e-05,
    "136217_mass": [
        5,
        "kg"
    ],
    "136224_failureRate": 4e-05,
    "136225_mass": [
        5,
        "kg"
    ],
    "136231_failureRate": 8e-05,
    "136232_mass": [
        3.5,
        "kg"
    ],
    "136238_failureRate": 8e-05,
    "136239_mass": [
        3.5,
        "kg"
    ],
    "136245_failureRate": 0.0001,
    "136246_mass": [
        9.5,
        "kg"
    ]
}