{
    "175077_mass": [
        60.5,
        "kg"
    ],
    "175078_failureRate": 5.014592983256236e-12,
    "175079_logFailureRate": -11.299764311357295,
    "175085_failureRate": 0.00015,
    "175086_mass": [
        3,
        "kg"
    ],
    "175092_failureRate": 5e-05,
    "175093_mass": [
        9,
        "kg"
    ],
    "175099_failureRate": 5e-05,
    "175100_mass": [
        9,
        "kg"
    ],
    "175107_failureRate": 0.0001,
    "175108_mass": [
        3,
        "kg"
    ],
    "175115_failureRate": 2e-05,
    "175116_mass": [
        10,
        "kg"
    ],
    "175123_failureRate": 2e-05,
    "175124_mass": [
        10,
        "kg"
    ],
    "175130_failureRate": 8e-05,
    "175131_mass": [
        3.5,
        "kg"
    ],
    "175137_failureRate": 8e-05,
    "175138_mass": [
        3.5,
        "kg"
    ],
    "175144_failureRate": 0.0001,
    "175145_mass": [
        9.5,
        "kg"
    ]
}