{
    "171165_mass": [
        39.5,
        "kg"
    ],
    "171166_failureRate": 4.549716184556557e-08,
    "171167_logFailureRate": -7.342015694183636,
    "171173_failureRate": 0.00015,
    "171174_mass": [
        3,
        "kg"
    ],
    "171180_failureRate": 0.00015,
    "171181_mass": [
        3,
        "kg"
    ],
    "171188_failureRate": 0.0001,
    "171189_mass": [
        3,
        "kg"
    ],
    "171196_failureRate": 2e-05,
    "171197_mass": [
        10,
        "kg"
    ],
    "171204_failureRate": 2e-05,
    "171205_mass": [
        10,
        "kg"
    ],
    "171211_failureRate": 8e-05,
    "171212_mass": [
        3.5,
        "kg"
    ],
    "171218_failureRate": 8e-05,
    "171219_mass": [
        3.5,
        "kg"
    ],
    "171225_failureRate": 8e-05,
    "171226_mass": [
        3.5,
        "kg"
    ]
}