{
    "306927_mass": [
        35,
        "kg"
    ],
    "306928_failureRate": 1.4403519477205604e-08,
    "306929_logFailureRate": -7.84153137576778,
    "306935_failureRate": 0.00015,
    "306936_mass": [
        3,
        "kg"
    ],
    "306942_failureRate": 0.0001,
    "306943_mass": [
        6,
        "kg"
    ],
    "306949_failureRate": 0.0001,
    "306950_mass": [
        6,
        "kg"
    ],
    "306957_failureRate": 0.0001,
    "306958_mass": [
        3,
        "kg"
    ],
    "306965_failureRate": 4e-05,
    "306966_mass": [
        5,
        "kg"
    ],
    "306973_failureRate": 4e-05,
    "306974_mass": [
        5,
        "kg"
    ],
    "306980_failureRate": 8e-05,
    "306981_mass": [
        3.5,
        "kg"
    ],
    "306987_failureRate": 8e-05,
    "306988_mass": [
        3.5,
        "kg"
    ]
}