{
    "2306_mass": [
        37.5,
        "kg"
    ],
    "2307_failureRate": 0.00010000000163983602,
    "2308_logFailureRate": -3.9999999928782826,
    "2314_failureRate": 0.0001,
    "2315_mass": [
        6,
        "kg"
    ],
    "2321_failureRate": 0.0001,
    "2322_mass": [
        6,
        "kg"
    ],
    "2328_failureRate": 0.0001,
    "2329_mass": [
        6,
        "kg"
    ],
    "2336_failureRate": 0.0001,
    "2337_mass": [
        3,
        "kg"
    ],
    "2343_failureRate": 8e-05,
    "2344_mass": [
        3.5,
        "kg"
    ],
    "2350_failureRate": 8e-05,
    "2351_mass": [
        3.5,
        "kg"
    ],
    "2357_failureRate": 0.0001,
    "2358_mass": [
        9.5,
        "kg"
    ]
}