{
    "117307_mass": [
        37.5,
        "kg"
    ],
    "117308_failureRate": 1.0802456728000361e-08,
    "117309_logFailureRate": -7.966477464690724,
    "117315_failureRate": 0.00015,
    "117316_mass": [
        3,
        "kg"
    ],
    "117322_failureRate": 0.00015,
    "117323_mass": [
        3,
        "kg"
    ],
    "117329_failureRate": 5e-05,
    "117330_mass": [
        9,
        "kg"
    ],
    "117337_failureRate": 4e-05,
    "117338_mass": [
        5,
        "kg"
    ],
    "117345_failureRate": 4e-05,
    "117346_mass": [
        5,
        "kg"
    ],
    "117352_failureRate": 8e-05,
    "117353_mass": [
        3.5,
        "kg"
    ],
    "117359_failureRate": 8e-05,
    "117360_mass": [
        3.5,
        "kg"
    ],
    "117366_failureRate": 0.0002,
    "117367_mass": [
        5.5,
        "kg"
    ]
}