{
    "43451_mass": [
        54.5,
        "kg"
    ],
    "43452_failureRate": 1.500537571512288e-08,
    "43453_logFailureRate": -7.823753125933109,
    "43459_failureRate": 0.00015,
    "43460_mass": [
        3,
        "kg"
    ],
    "43466_failureRate": 0.0001,
    "43467_mass": [
        6,
        "kg"
    ],
    "43474_failureRate": 4e-05,
    "43475_mass": [
        5,
        "kg"
    ],
    "43482_failureRate": 2e-05,
    "43483_mass": [
        10,
        "kg"
    ],
    "43490_failureRate": 2e-05,
    "43491_mass": [
        10,
        "kg"
    ],
    "43497_failureRate": 0.0002,
    "43498_mass": [
        5.5,
        "kg"
    ],
    "43504_failureRate": 0.0002,
    "43505_mass": [
        5.5,
        "kg"
    ],
    "43511_failureRate": 0.0001,
    "43512_mass": [
        9.5,
        "kg"
    ]
}