{
    "174625_mass": [
        28,
        "kg"
    ],
    "174626_failureRate": 6.251129458554697e-08,
    "174627_logFailureRate": -7.204041506927663,
    "174633_failureRate": 0.00015,
    "174634_mass": [
        3,
        "kg"
    ],
    "174640_failureRate": 0.00015,
    "174641_mass": [
        3,
        "kg"
    ],
    "174648_failureRate": 0.0001,
    "174649_mass": [
        3,
        "kg"
    ],
    "174656_failureRate": 0.0001,
    "174657_mass": [
        3,
        "kg"
    ],
    "174664_failureRate": 4e-05,
    "174665_mass": [
        5,
        "kg"
    ],
    "174671_failureRate": 0.0002,
    "174672_mass": [
        5.5,
        "kg"
    ],
    "174678_failureRate": 0.0002,
    "174679_mass": [
        5.5,
        "kg"
    ]
}