{
    "3351_mass": [
        66.5,
        "kg"
    ],
    "3352_failureRate": 3.951781584800784e-12,
    "3353_logFailureRate": -11.403207066902501,
    "3359_failureRate": 0.0001,
    "3360_mass": [
        6,
        "kg"
    ],
    "3366_failureRate": 0.0001,
    "3367_mass": [
        6,
        "kg"
    ],
    "3373_failureRate": 0.0001,
    "3374_mass": [
        6,
        "kg"
    ],
    "3381_failureRate": 4e-05,
    "3382_mass": [
        5,
        "kg"
    ],
    "3389_failureRate": 4e-05,
    "3390_mass": [
        5,
        "kg"
    ],
    "3397_failureRate": 2e-05,
    "3398_mass": [
        10,
        "kg"
    ],
    "3404_failureRate": 0.0001,
    "3405_mass": [
        9.5,
        "kg"
    ],
    "3411_failureRate": 0.0001,
    "3412_mass": [
        9.5,
        "kg"
    ],
    "3418_failureRate": 0.0001,
    "3419_mass": [
        9.5,
        "kg"
    ]
}