{
    "21363_mass": [
        68.5,
        "kg"
    ],
    "21364_failureRate": 1.650334770760458e-08,
    "21365_logFailureRate": -7.782427950121325,
    "21371_failureRate": 5e-05,
    "21372_mass": [
        9,
        "kg"
    ],
    "21378_failureRate": 5e-05,
    "21379_mass": [
        9,
        "kg"
    ],
    "21386_failureRate": 2e-05,
    "21387_mass": [
        10,
        "kg"
    ],
    "21394_failureRate": 2e-05,
    "21395_mass": [
        10,
        "kg"
    ],
    "21402_failureRate": 2e-05,
    "21403_mass": [
        10,
        "kg"
    ],
    "21409_failureRate": 0.0002,
    "21410_mass": [
        5.5,
        "kg"
    ],
    "21416_failureRate": 0.0002,
    "21417_mass": [
        5.5,
        "kg"
    ],
    "21423_failureRate": 0.0001,
    "21424_mass": [
        9.5,
        "kg"
    ]
}