{
    "154017_mass": [
        55.5,
        "kg"
    ],
    "154018_failureRate": 4.0086339387564785e-09,
    "154019_logFailureRate": -8.397003600929995,
    "154025_failureRate": 0.0001,
    "154026_mass": [
        6,
        "kg"
    ],
    "154032_failureRate": 5e-05,
    "154033_mass": [
        9,
        "kg"
    ],
    "154039_failureRate": 5e-05,
    "154040_mass": [
        9,
        "kg"
    ],
    "154047_failureRate": 4e-05,
    "154048_mass": [
        5,
        "kg"
    ],
    "154055_failureRate": 4e-05,
    "154056_mass": [
        5,
        "kg"
    ],
    "154063_failureRate": 4e-05,
    "154064_mass": [
        5,
        "kg"
    ],
    "154070_failureRate": 0.0002,
    "154071_mass": [
        5.5,
        "kg"
    ],
    "154077_failureRate": 0.0002,
    "154078_mass": [
        5.5,
        "kg"
    ],
    "154084_failureRate": 0.0002,
    "154085_mass": [
        5.5,
        "kg"
    ]
}