{
    "21474_mass": [
        42.5,
        "kg"
    ],
    "21475_failureRate": 1.7372175068757995e-11,
    "21476_logFailureRate": -10.760145802668521,
    "21482_failureRate": 0.00015,
    "21483_mass": [
        3,
        "kg"
    ],
    "21489_failureRate": 0.00015,
    "21490_mass": [
        3,
        "kg"
    ],
    "21496_failureRate": 0.00015,
    "21497_mass": [
        3,
        "kg"
    ],
    "21504_failureRate": 0.0001,
    "21505_mass": [
        3,
        "kg"
    ],
    "21512_failureRate": 0.0001,
    "21513_mass": [
        3,
        "kg"
    ],
    "21520_failureRate": 0.0001,
    "21521_mass": [
        3,
        "kg"
    ],
    "21527_failureRate": 0.0002,
    "21528_mass": [
        5.5,
        "kg"
    ],
    "21534_failureRate": 0.0001,
    "21535_mass": [
        9.5,
        "kg"
    ],
    "21541_failureRate": 0.0001,
    "21542_mass": [
        9.5,
        "kg"
    ]
}