{
    "116901_mass": [
        49.5,
        "kg"
    ],
    "116902_failureRate": 8.40765885165104e-09,
    "116903_logFailureRate": -8.075324918513028,
    "116909_failureRate": 0.0001,
    "116910_mass": [
        6,
        "kg"
    ],
    "116916_failureRate": 5e-05,
    "116917_mass": [
        9,
        "kg"
    ],
    "116924_failureRate": 2e-05,
    "116925_mass": [
        10,
        "kg"
    ],
    "116932_failureRate": 2e-05,
    "116933_mass": [
        10,
        "kg"
    ],
    "116939_failureRate": 8e-05,
    "116940_mass": [
        3.5,
        "kg"
    ],
    "116946_failureRate": 0.0002,
    "116947_mass": [
        5.5,
        "kg"
    ],
    "116953_failureRate": 0.0002,
    "116954_mass": [
        5.5,
        "kg"
    ]
}