{
    "155179_mass": [
        22.5,
        "kg"
    ],
    "155180_failureRate": 5.549476206878848e-08,
    "155181_logFailureRate": -7.255748006282248,
    "155187_failureRate": 0.00015,
    "155188_mass": [
        3,
        "kg"
    ],
    "155194_failureRate": 0.00015,
    "155195_mass": [
        3,
        "kg"
    ],
    "155202_failureRate": 0.0001,
    "155203_mass": [
        3,
        "kg"
    ],
    "155210_failureRate": 0.0001,
    "155211_mass": [
        3,
        "kg"
    ],
    "155217_failureRate": 8e-05,
    "155218_mass": [
        3.5,
        "kg"
    ],
    "155224_failureRate": 8e-05,
    "155225_mass": [
        3.5,
        "kg"
    ],
    "155231_failureRate": 8e-05,
    "155232_mass": [
        3.5,
        "kg"
    ]
}