{
    "119231_mass": [
        45,
        "kg"
    ],
    "119232_failureRate": 1.4403674434316895e-08,
    "119233_logFailureRate": -7.841526703530799,
    "119239_failureRate": 0.00015,
    "119240_mass": [
        3,
        "kg"
    ],
    "119246_failureRate": 0.00015,
    "119247_mass": [
        3,
        "kg"
    ],
    "119253_failureRate": 5e-05,
    "119254_mass": [
        9,
        "kg"
    ],
    "119261_failureRate": 0.0001,
    "119262_mass": [
        3,
        "kg"
    ],
    "119269_failureRate": 2e-05,
    "119270_mass": [
        10,
        "kg"
    ],
    "119277_failureRate": 2e-05,
    "119278_mass": [
        10,
        "kg"
    ],
    "119284_failureRate": 8e-05,
    "119285_mass": [
        3.5,
        "kg"
    ],
    "119291_failureRate": 8e-05,
    "119292_mass": [
        3.5,
        "kg"
    ]
}