{
    "1309_mass": [
        34.5,
        "kg"
    ],
    "1310_failureRate": 0.00011999800112486501,
    "1311_logFailureRate": -3.9208259881829695,
    "1317_failureRate": 0.00015,
    "1318_mass": [
        3,
        "kg"
    ],
    "1324_failureRate": 0.00015,
    "1325_mass": [
        3,
        "kg"
    ],
    "1331_failureRate": 5e-05,
    "1332_mass": [
        9,
        "kg"
    ],
    "1339_failureRate": 2e-05,
    "1340_mass": [
        10,
        "kg"
    ],
    "1346_failureRate": 0.0001,
    "1347_mass": [
        9.5,
        "kg"
    ]
}