{
    "97673_mass": [
        24,
        "kg"
    ],
    "97674_failureRate": 8.34943479453355e-08,
    "97675_logFailureRate": -7.078342922591044,
    "97681_failureRate": 0.00015,
    "97682_mass": [
        3,
        "kg"
    ],
    "97688_failureRate": 0.00015,
    "97689_mass": [
        3,
        "kg"
    ],
    "97696_failureRate": 0.0001,
    "97697_mass": [
        3,
        "kg"
    ],
    "97704_failureRate": 0.0001,
    "97705_mass": [
        3,
        "kg"
    ],
    "97712_failureRate": 0.0001,
    "97713_mass": [
        3,
        "kg"
    ],
    "97719_failureRate": 8e-05,
    "97720_mass": [
        3.5,
        "kg"
    ],
    "97726_failureRate": 0.0002,
    "97727_mass": [
        5.5,
        "kg"
    ]
}