{
    "1749_mass": [
        20,
        "kg"
    ],
    "1750_failureRate": 0.00015001439707212544,
    "1751_logFailureRate": -3.8238670591514086,
    "1757_failureRate": 0.00015,
    "1758_mass": [
        3,
        "kg"
    ],
    "1765_failureRate": 4e-05,
    "1766_mass": [
        5,
        "kg"
    ],
    "1773_failureRate": 4e-05,
    "1774_mass": [
        5,
        "kg"
    ],
    "1780_failureRate": 8e-05,
    "1781_mass": [
        3.5,
        "kg"
    ],
    "1787_failureRate": 8e-05,
    "1788_mass": [
        3.5,
        "kg"
    ]
}