{
    "78321_mass": [
        40,
        "kg"
    ],
    "78322_failureRate": 3.599645610079936e-08,
    "78323_logFailureRate": -7.443740254000152,
    "78329_failureRate": 0.0001,
    "78330_mass": [
        6,
        "kg"
    ],
    "78336_failureRate": 0.0001,
    "78337_mass": [
        6,
        "kg"
    ],
    "78344_failureRate": 4e-05,
    "78345_mass": [
        5,
        "kg"
    ],
    "78352_failureRate": 2e-05,
    "78353_mass": [
        10,
        "kg"
    ],
    "78359_failureRate": 8e-05,
    "78360_mass": [
        3.5,
        "kg"
    ],
    "78366_failureRate": 0.0001,
    "78367_mass": [
        9.5,
        "kg"
    ]
}