{
    "58780_mass": [
        37.5,
        "kg"
    ],
    "58781_failureRate": 0.00010000999979992,
    "58782_logFailureRate": -3.999956573591987,
    "58788_failureRate": 0.0001,
    "58789_mass": [
        6,
        "kg"
    ],
    "58795_failureRate": 0.0001,
    "58796_mass": [
        6,
        "kg"
    ],
    "58803_failureRate": 0.0001,
    "58804_mass": [
        3,
        "kg"
    ],
    "58810_failureRate": 8e-05,
    "58811_mass": [
        3.5,
        "kg"
    ],
    "58817_failureRate": 0.0001,
    "58818_mass": [
        9.5,
        "kg"
    ],
    "58824_failureRate": 0.0001,
    "58825_mass": [
        9.5,
        "kg"
    ]
}