{
    "4004_mass": [
        33.5,
        "kg"
    ],
    "4005_failureRate": 0.00015001000349855012,
    "4006_logFailureRate": -3.82387977881525,
    "4012_failureRate": 0.00015,
    "4013_mass": [
        3,
        "kg"
    ],
    "4020_failureRate": 0.0001,
    "4021_mass": [
        3,
        "kg"
    ],
    "4028_failureRate": 0.0001,
    "4029_mass": [
        3,
        "kg"
    ],
    "4035_failureRate": 0.0002,
    "4036_mass": [
        5.5,
        "kg"
    ],
    "4042_failureRate": 0.0001,
    "4043_mass": [
        9.5,
        "kg"
    ],
    "4049_failureRate": 0.0001,
    "4050_mass": [
        9.5,
        "kg"
    ]
}