{
    "4615_mass": [
        51,
        "kg"
    ],
    "4616_failureRate": 2.2399759876002402e-08,
    "4617_logFailureRate": -7.649756637250038,
    "4623_failureRate": 0.0001,
    "4624_mass": [
        6,
        "kg"
    ],
    "4630_failureRate": 0.0001,
    "4631_mass": [
        6,
        "kg"
    ],
    "4638_failureRate": 2e-05,
    "4639_mass": [
        10,
        "kg"
    ],
    "4646_failureRate": 2e-05,
    "4647_mass": [
        10,
        "kg"
    ],
    "4653_failureRate": 0.0001,
    "4654_mass": [
        9.5,
        "kg"
    ],
    "4660_failureRate": 0.0001,
    "4661_mass": [
        9.5,
        "kg"
    ]
}