{
    "173822_mass": [
        27.5,
        "kg"
    ],
    "173823_failureRate": 0.00020003749045038004,
    "173824_logFailureRate": -3.69888860248664,
    "173830_failureRate": 0.00015,
    "173831_mass": [
        3,
        "kg"
    ],
    "173837_failureRate": 0.00015,
    "173838_mass": [
        3,
        "kg"
    ],
    "173845_failureRate": 0.0001,
    "173846_mass": [
        3,
        "kg"
    ],
    "173853_failureRate": 0.0001,
    "173854_mass": [
        3,
        "kg"
    ],
    "173861_failureRate": 2e-05,
    "173862_mass": [
        10,
        "kg"
    ],
    "173868_failureRate": 0.0002,
    "173869_mass": [
        5.5,
        "kg"
    ]
}