{
    "100841_mass": [
        49.5,
        "kg"
    ],
    "100842_failureRate": 1.500235455001265e-08,
    "100843_logFailureRate": -7.823840575088985,
    "100849_failureRate": 5e-05,
    "100850_mass": [
        9,
        "kg"
    ],
    "100856_failureRate": 5e-05,
    "100857_mass": [
        9,
        "kg"
    ],
    "100863_failureRate": 5e-05,
    "100864_mass": [
        9,
        "kg"
    ],
    "100871_failureRate": 0.0001,
    "100872_mass": [
        3,
        "kg"
    ],
    "100879_failureRate": 0.0001,
    "100880_mass": [
        3,
        "kg"
    ],
    "100886_failureRate": 8e-05,
    "100887_mass": [
        3.5,
        "kg"
    ],
    "100893_failureRate": 8e-05,
    "100894_mass": [
        3.5,
        "kg"
    ],
    "100900_failureRate": 0.0001,
    "100901_mass": [
        9.5,
        "kg"
    ]
}