{
    "154237_mass": [
        66.5,
        "kg"
    ],
    "154238_failureRate": 1.4463709989651952e-11,
    "154239_logFailureRate": -10.839720294775,
    "154245_failureRate": 5e-05,
    "154246_mass": [
        9,
        "kg"
    ],
    "154252_failureRate": 5e-05,
    "154253_mass": [
        9,
        "kg"
    ],
    "154259_failureRate": 5e-05,
    "154260_mass": [
        9,
        "kg"
    ],
    "154267_failureRate": 0.0001,
    "154268_mass": [
        3,
        "kg"
    ],
    "154275_failureRate": 2e-05,
    "154276_mass": [
        10,
        "kg"
    ],
    "154283_failureRate": 2e-05,
    "154284_mass": [
        10,
        "kg"
    ],
    "154290_failureRate": 0.0002,
    "154291_mass": [
        5.5,
        "kg"
    ],
    "154297_failureRate": 0.0002,
    "154298_mass": [
        5.5,
        "kg"
    ],
    "154304_failureRate": 0.0002,
    "154305_mass": [
        5.5,
        "kg"
    ]
}