{
    "176775_mass": [
        31.5,
        "kg"
    ],
    "176776_failureRate": 2.8500540065537795e-08,
    "176777_logFailureRate": -7.545146910333221,
    "176783_failureRate": 0.00015,
    "176784_mass": [
        3,
        "kg"
    ],
    "176790_failureRate": 0.00015,
    "176791_mass": [
        3,
        "kg"
    ],
    "176798_failureRate": 0.0001,
    "176799_mass": [
        3,
        "kg"
    ],
    "176806_failureRate": 4e-05,
    "176807_mass": [
        5,
        "kg"
    ],
    "176814_failureRate": 4e-05,
    "176815_mass": [
        5,
        "kg"
    ],
    "176821_failureRate": 8e-05,
    "176822_mass": [
        3.5,
        "kg"
    ],
    "176828_failureRate": 8e-05,
    "176829_mass": [
        3.5,
        "kg"
    ],
    "176835_failureRate": 0.0002,
    "176836_mass": [
        5.5,
        "kg"
    ]
}