{
    "23119_mass": [
        22.5,
        "kg"
    ],
    "23120_failureRate": 0.00018999400319939203,
    "23121_logFailureRate": -3.721260106513033,
    "23127_failureRate": 0.00015,
    "23128_mass": [
        3,
        "kg"
    ],
    "23135_failureRate": 4e-05,
    "23136_mass": [
        5,
        "kg"
    ],
    "23142_failureRate": 8e-05,
    "23143_mass": [
        3.5,
        "kg"
    ],
    "23149_failureRate": 0.0002,
    "23150_mass": [
        5.5,
        "kg"
    ],
    "23156_failureRate": 0.0002,
    "23157_mass": [
        5.5,
        "kg"
    ]
}