{
    "59539_mass": [
        56,
        "kg"
    ],
    "59540_failureRate": 2.039972499999745e-08,
    "59541_logFailureRate": -7.690375687073543,
    "59547_failureRate": 5e-05,
    "59548_mass": [
        9,
        "kg"
    ],
    "59554_failureRate": 5e-05,
    "59555_mass": [
        9,
        "kg"
    ],
    "59561_failureRate": 5e-05,
    "59562_mass": [
        9,
        "kg"
    ],
    "59569_failureRate": 2e-05,
    "59570_mass": [
        10,
        "kg"
    ],
    "59577_failureRate": 2e-05,
    "59578_mass": [
        10,
        "kg"
    ],
    "59584_failureRate": 8e-05,
    "59585_mass": [
        3.5,
        "kg"
    ],
    "59591_failureRate": 0.0002,
    "59592_mass": [
        5.5,
        "kg"
    ]
}