{
    "101800_mass": [
        40,
        "kg"
    ],
    "101801_failureRate": 3.8597719932003996e-08,
    "101802_logFailureRate": -7.413438349478398,
    "101808_failureRate": 0.0001,
    "101809_mass": [
        6,
        "kg"
    ],
    "101815_failureRate": 5e-05,
    "101816_mass": [
        9,
        "kg"
    ],
    "101823_failureRate": 4e-05,
    "101824_mass": [
        5,
        "kg"
    ],
    "101831_failureRate": 4e-05,
    "101832_mass": [
        5,
        "kg"
    ],
    "101838_failureRate": 0.0002,
    "101839_mass": [
        5.5,
        "kg"
    ],
    "101845_failureRate": 0.0001,
    "101846_mass": [
        9.5,
        "kg"
    ]
}