{
    "138506_mass": [
        36.5,
        "kg"
    ],
    "138507_failureRate": 1.3501099785606399e-08,
    "138508_logFailureRate": -7.869630852885294,
    "138514_failureRate": 0.00015,
    "138515_mass": [
        3,
        "kg"
    ],
    "138521_failureRate": 5e-05,
    "138522_mass": [
        9,
        "kg"
    ],
    "138529_failureRate": 0.0001,
    "138530_mass": [
        3,
        "kg"
    ],
    "138537_failureRate": 4e-05,
    "138538_mass": [
        5,
        "kg"
    ],
    "138544_failureRate": 8e-05,
    "138545_mass": [
        3.5,
        "kg"
    ],
    "138551_failureRate": 8e-05,
    "138552_mass": [
        3.5,
        "kg"
    ],
    "138558_failureRate": 0.0001,
    "138559_mass": [
        9.5,
        "kg"
    ]
}