{
    "20020_mass": [
        34.5,
        "kg"
    ],
    "20021_failureRate": 4.0000004324827006e-05,
    "20022_logFailureRate": -4.397939961715828,
    "20028_failureRate": 0.00015,
    "20029_mass": [
        3,
        "kg"
    ],
    "20035_failureRate": 0.00015,
    "20036_mass": [
        3,
        "kg"
    ],
    "20042_failureRate": 5e-05,
    "20043_mass": [
        9,
        "kg"
    ],
    "20050_failureRate": 4e-05,
    "20051_mass": [
        5,
        "kg"
    ],
    "20057_failureRate": 8e-05,
    "20058_mass": [
        3.5,
        "kg"
    ],
    "20064_failureRate": 0.0002,
    "20065_mass": [
        5.5,
        "kg"
    ],
    "20071_failureRate": 0.0002,
    "20072_mass": [
        5.5,
        "kg"
    ]
}