{
    "60217_mass": [
        49.5,
        "kg"
    ],
    "60218_failureRate": 1.0903726364793151e-11,
    "60219_logFailureRate": -10.962425055903347,
    "60225_failureRate": 0.0001,
    "60226_mass": [
        6,
        "kg"
    ],
    "60232_failureRate": 0.0001,
    "60233_mass": [
        6,
        "kg"
    ],
    "60239_failureRate": 0.0001,
    "60240_mass": [
        6,
        "kg"
    ],
    "60247_failureRate": 4e-05,
    "60248_mass": [
        5,
        "kg"
    ],
    "60255_failureRate": 4e-05,
    "60256_mass": [
        5,
        "kg"
    ],
    "60263_failureRate": 4e-05,
    "60264_mass": [
        5,
        "kg"
    ],
    "60270_failureRate": 0.0002,
    "60271_mass": [
        5.5,
        "kg"
    ],
    "60277_failureRate": 0.0002,
    "60278_mass": [
        5.5,
        "kg"
    ],
    "60284_failureRate": 0.0002,
    "60285_mass": [
        5.5,
        "kg"
    ]
}