{
    "173165_mass": [
        46,
        "kg"
    ],
    "173166_failureRate": 6.4064142918169505e-09,
    "173167_logFailureRate": -8.193384979685284,
    "173173_failureRate": 0.00015,
    "173174_mass": [
        3,
        "kg"
    ],
    "173180_failureRate": 0.00015,
    "173181_mass": [
        3,
        "kg"
    ],
    "173187_failureRate": 0.00015,
    "173188_mass": [
        3,
        "kg"
    ],
    "173195_failureRate": 2e-05,
    "173196_mass": [
        10,
        "kg"
    ],
    "173203_failureRate": 2e-05,
    "173204_mass": [
        10,
        "kg"
    ],
    "173211_failureRate": 2e-05,
    "173212_mass": [
        10,
        "kg"
    ],
    "173218_failureRate": 8e-05,
    "173219_mass": [
        3.5,
        "kg"
    ],
    "173225_failureRate": 8e-05,
    "173226_mass": [
        3.5,
        "kg"
    ]
}