{
    "157355_mass": [
        14.5,
        "kg"
    ],
    "157356_failureRate": 0.000229991999080048,
    "157357_logFailureRate": -3.638287271877295,
    "157363_failureRate": 0.00015,
    "157364_mass": [
        3,
        "kg"
    ],
    "157371_failureRate": 0.0001,
    "157372_mass": [
        3,
        "kg"
    ],
    "157379_failureRate": 4e-05,
    "157380_mass": [
        5,
        "kg"
    ],
    "157386_failureRate": 8e-05,
    "157387_mass": [
        3.5,
        "kg"
    ]
}