{
    "81115_mass": [
        27.5,
        "kg"
    ],
    "81116_failureRate": 4.002250709967982e-05,
    "81117_logFailureRate": -4.397695709666505,
    "81123_failureRate": 0.00015,
    "81124_mass": [
        3,
        "kg"
    ],
    "81130_failureRate": 0.00015,
    "81131_mass": [
        3,
        "kg"
    ],
    "81138_failureRate": 4e-05,
    "81139_mass": [
        5,
        "kg"
    ],
    "81145_failureRate": 0.0002,
    "81146_mass": [
        5.5,
        "kg"
    ],
    "81152_failureRate": 0.0002,
    "81153_mass": [
        5.5,
        "kg"
    ],
    "81159_failureRate": 0.0002,
    "81160_mass": [
        5.5,
        "kg"
    ]
}