{
    "97236_mass": [
        58.5,
        "kg"
    ],
    "97237_failureRate": 1.2017924696987596e-08,
    "97238_logFailureRate": -7.920170521556364,
    "97244_failureRate": 0.0001,
    "97245_mass": [
        6,
        "kg"
    ],
    "97251_failureRate": 0.0001,
    "97252_mass": [
        6,
        "kg"
    ],
    "97259_failureRate": 2e-05,
    "97260_mass": [
        10,
        "kg"
    ],
    "97267_failureRate": 2e-05,
    "97268_mass": [
        10,
        "kg"
    ],
    "97275_failureRate": 2e-05,
    "97276_mass": [
        10,
        "kg"
    ],
    "97282_failureRate": 0.0002,
    "97283_mass": [
        5.5,
        "kg"
    ],
    "97289_failureRate": 0.0002,
    "97290_mass": [
        5.5,
        "kg"
    ],
    "97296_failureRate": 0.0002,
    "97297_mass": [
        5.5,
        "kg"
    ]
}