{
    "99016_mass": [
        30,
        "kg"
    ],
    "99017_failureRate": 0.000100015999149925,
    "99018_logFailureRate": -3.99993052213251,
    "99024_failureRate": 0.00015,
    "99025_mass": [
        3,
        "kg"
    ],
    "99031_failureRate": 0.0001,
    "99032_mass": [
        6,
        "kg"
    ],
    "99038_failureRate": 5e-05,
    "99039_mass": [
        9,
        "kg"
    ],
    "99046_failureRate": 0.0001,
    "99047_mass": [
        3,
        "kg"
    ],
    "99053_failureRate": 8e-05,
    "99054_mass": [
        3.5,
        "kg"
    ],
    "99060_failureRate": 0.0002,
    "99061_mass": [
        5.5,
        "kg"
    ]
}