{
    "98189_mass": [
        34.5,
        "kg"
    ],
    "98190_failureRate": 8.000400047991602e-05,
    "98191_logFailureRate": -4.09688829622163,
    "98197_failureRate": 0.0001,
    "98198_mass": [
        6,
        "kg"
    ],
    "98204_failureRate": 0.0001,
    "98205_mass": [
        6,
        "kg"
    ],
    "98211_failureRate": 0.0001,
    "98212_mass": [
        6,
        "kg"
    ],
    "98219_failureRate": 0.0001,
    "98220_mass": [
        3,
        "kg"
    ],
    "98227_failureRate": 2e-05,
    "98228_mass": [
        10,
        "kg"
    ],
    "98234_failureRate": 8e-05,
    "98235_mass": [
        3.5,
        "kg"
    ]
}