{
    "139375_mass": [
        33.5,
        "kg"
    ],
    "139376_failureRate": 1.0007519273875821e-08,
    "139377_logFailureRate": -7.999673564797191,
    "139383_failureRate": 0.00015,
    "139384_mass": [
        3,
        "kg"
    ],
    "139390_failureRate": 0.0001,
    "139391_mass": [
        6,
        "kg"
    ],
    "139397_failureRate": 0.0001,
    "139398_mass": [
        6,
        "kg"
    ],
    "139405_failureRate": 0.0001,
    "139406_mass": [
        3,
        "kg"
    ],
    "139413_failureRate": 0.0001,
    "139414_mass": [
        3,
        "kg"
    ],
    "139420_failureRate": 8e-05,
    "139421_mass": [
        3.5,
        "kg"
    ],
    "139427_failureRate": 8e-05,
    "139428_mass": [
        3.5,
        "kg"
    ],
    "139434_failureRate": 0.0002,
    "139435_mass": [
        5.5,
        "kg"
    ]
}