{
    "135705_mass": [
        21.5,
        "kg"
    ],
    "135706_failureRate": 0.00024998500099975,
    "135707_logFailureRate": -3.60208604804179,
    "135713_failureRate": 0.00015,
    "135714_mass": [
        3,
        "kg"
    ],
    "135721_failureRate": 0.0001,
    "135722_mass": [
        3,
        "kg"
    ],
    "135729_failureRate": 0.0001,
    "135730_mass": [
        3,
        "kg"
    ],
    "135737_failureRate": 0.0001,
    "135738_mass": [
        3,
        "kg"
    ],
    "135744_failureRate": 0.0001,
    "135745_mass": [
        9.5,
        "kg"
    ]
}