{
    "154349_mass": [
        20.5,
        "kg"
    ],
    "154350_failureRate": 0.0002399820004,
    "154351_logFailureRate": -3.6198213308721727,
    "154357_failureRate": 0.0001,
    "154358_mass": [
        6,
        "kg"
    ],
    "154365_failureRate": 4e-05,
    "154366_mass": [
        5,
        "kg"
    ],
    "154372_failureRate": 0.0001,
    "154373_mass": [
        9.5,
        "kg"
    ]
}