{
    "39128_mass": [
        41.5,
        "kg"
    ],
    "39129_failureRate": 0.000100010898700021,
    "39130_logFailureRate": -3.999952670126333,
    "39136_failureRate": 0.00015,
    "39137_mass": [
        3,
        "kg"
    ],
    "39143_failureRate": 5e-05,
    "39144_mass": [
        9,
        "kg"
    ],
    "39151_failureRate": 2e-05,
    "39152_mass": [
        10,
        "kg"
    ],
    "39159_failureRate": 2e-05,
    "39160_mass": [
        10,
        "kg"
    ],
    "39166_failureRate": 0.0001,
    "39167_mass": [
        9.5,
        "kg"
    ]
}