{
    "101272_mass": [
        46.5,
        "kg"
    ],
    "101273_failureRate": 1.5007173766556792e-08,
    "101274_logFailureRate": -7.823701088779962,
    "101280_failureRate": 0.00015,
    "101281_mass": [
        3,
        "kg"
    ],
    "101287_failureRate": 5e-05,
    "101288_mass": [
        9,
        "kg"
    ],
    "101294_failureRate": 5e-05,
    "101295_mass": [
        9,
        "kg"
    ],
    "101302_failureRate": 0.0001,
    "101303_mass": [
        3,
        "kg"
    ],
    "101310_failureRate": 0.0001,
    "101311_mass": [
        3,
        "kg"
    ],
    "101318_failureRate": 4e-05,
    "101319_mass": [
        5,
        "kg"
    ],
    "101325_failureRate": 8e-05,
    "101326_mass": [
        3.5,
        "kg"
    ],
    "101332_failureRate": 0.0002,
    "101333_mass": [
        5.5,
        "kg"
    ],
    "101339_failureRate": 0.0002,
    "101340_mass": [
        5.5,
        "kg"
    ]
}