{
    "174033_mass": [
        34.5,
        "kg"
    ],
    "174034_failureRate": 0.00014999500079988,
    "174035_logFailureRate": -3.823923215352362,
    "174041_failureRate": 5e-05,
    "174042_mass": [
        9,
        "kg"
    ],
    "174049_failureRate": 0.0001,
    "174050_mass": [
        3,
        "kg"
    ],
    "174056_failureRate": 8e-05,
    "174057_mass": [
        3.5,
        "kg"
    ],
    "174063_failureRate": 0.0001,
    "174064_mass": [
        9.5,
        "kg"
    ],
    "174070_failureRate": 0.0001,
    "174071_mass": [
        9.5,
        "kg"
    ]
}