{
    "20335_mass": [
        27,
        "kg"
    ],
    "20336_failureRate": 0.0001500149970001,
    "20337_logFailureRate": -3.8238653223521877,
    "20343_failureRate": 5e-05,
    "20344_mass": [
        9,
        "kg"
    ],
    "20351_failureRate": 0.0001,
    "20352_mass": [
        3,
        "kg"
    ],
    "20358_failureRate": 0.0002,
    "20359_mass": [
        5.5,
        "kg"
    ],
    "20365_failureRate": 0.0001,
    "20366_mass": [
        9.5,
        "kg"
    ]
}