{
    "100535_mass": [
        33.5,
        "kg"
    ],
    "100536_failureRate": 6.999900319977601e-05,
    "100537_logFailureRate": -4.1549081443845886,
    "100543_failureRate": 5e-05,
    "100544_mass": [
        9,
        "kg"
    ],
    "100551_failureRate": 2e-05,
    "100552_mass": [
        10,
        "kg"
    ],
    "100558_failureRate": 8e-05,
    "100559_mass": [
        3.5,
        "kg"
    ],
    "100565_failureRate": 0.0002,
    "100566_mass": [
        5.5,
        "kg"
    ],
    "100572_failureRate": 0.0002,
    "100573_mass": [
        5.5,
        "kg"
    ]
}