{
    "20496_mass": [
        22.5,
        "kg"
    ],
    "20497_failureRate": 8.0039494290204e-05,
    "20498_logFailureRate": -4.096695664009685,
    "20504_failureRate": 0.00015,
    "20505_mass": [
        3,
        "kg"
    ],
    "20511_failureRate": 0.00015,
    "20512_mass": [
        3,
        "kg"
    ],
    "20519_failureRate": 0.0001,
    "20520_mass": [
        3,
        "kg"
    ],
    "20527_failureRate": 2e-05,
    "20528_mass": [
        10,
        "kg"
    ],
    "20534_failureRate": 8e-05,
    "20535_mass": [
        3.5,
        "kg"
    ]
}