{
    "59734_mass": [
        49.5,
        "kg"
    ],
    "59735_failureRate": 1.3201023951661474e-08,
    "59736_logFailureRate": -7.879392380967697,
    "59742_failureRate": 0.0001,
    "59743_mass": [
        6,
        "kg"
    ],
    "59749_failureRate": 0.0001,
    "59750_mass": [
        6,
        "kg"
    ],
    "59757_failureRate": 4e-05,
    "59758_mass": [
        5,
        "kg"
    ],
    "59765_failureRate": 4e-05,
    "59766_mass": [
        5,
        "kg"
    ],
    "59773_failureRate": 4e-05,
    "59774_mass": [
        5,
        "kg"
    ],
    "59780_failureRate": 8e-05,
    "59781_mass": [
        3.5,
        "kg"
    ],
    "59787_failureRate": 0.0001,
    "59788_mass": [
        9.5,
        "kg"
    ],
    "59794_failureRate": 0.0001,
    "59795_mass": [
        9.5,
        "kg"
    ]
}