{
    "100110_mass": [
        39.5,
        "kg"
    ],
    "100111_failureRate": 1.4102809383372495e-11,
    "100112_logFailureRate": -10.850694364070739,
    "100118_failureRate": 0.00015,
    "100119_mass": [
        3,
        "kg"
    ],
    "100125_failureRate": 0.00015,
    "100126_mass": [
        3,
        "kg"
    ],
    "100132_failureRate": 0.00015,
    "100133_mass": [
        3,
        "kg"
    ],
    "100140_failureRate": 0.0001,
    "100141_mass": [
        3,
        "kg"
    ],
    "100148_failureRate": 4e-05,
    "100149_mass": [
        5,
        "kg"
    ],
    "100156_failureRate": 2e-05,
    "100157_mass": [
        10,
        "kg"
    ],
    "100163_failureRate": 8e-05,
    "100164_mass": [
        3.5,
        "kg"
    ],
    "100170_failureRate": 8e-05,
    "100171_mass": [
        3.5,
        "kg"
    ],
    "100177_failureRate": 0.0002,
    "100178_mass": [
        5.5,
        "kg"
    ]
}