{
    "61725_mass": [
        41,
        "kg"
    ],
    "61726_failureRate": 6.2893200111e-08,
    "61727_logFailureRate": -7.201396307081108,
    "61733_failureRate": 0.00015,
    "61734_mass": [
        3,
        "kg"
    ],
    "61740_failureRate": 0.00015,
    "61741_mass": [
        3,
        "kg"
    ],
    "61748_failureRate": 2e-05,
    "61749_mass": [
        10,
        "kg"
    ],
    "61756_failureRate": 2e-05,
    "61757_mass": [
        10,
        "kg"
    ],
    "61763_failureRate": 0.0002,
    "61764_mass": [
        5.5,
        "kg"
    ],
    "61770_failureRate": 0.0001,
    "61771_mass": [
        9.5,
        "kg"
    ]
}