{
    "156067_mass": [
        25.5,
        "kg"
    ],
    "156068_failureRate": 3.750006171396656e-08,
    "156069_logFailureRate": -7.4259680175519325,
    "156075_failureRate": 0.00015,
    "156076_mass": [
        3,
        "kg"
    ],
    "156082_failureRate": 0.00015,
    "156083_mass": [
        3,
        "kg"
    ],
    "156090_failureRate": 0.0001,
    "156091_mass": [
        3,
        "kg"
    ],
    "156098_failureRate": 0.0001,
    "156099_mass": [
        3,
        "kg"
    ],
    "156106_failureRate": 0.0001,
    "156107_mass": [
        3,
        "kg"
    ],
    "156113_failureRate": 8e-05,
    "156114_mass": [
        3.5,
        "kg"
    ],
    "156120_failureRate": 8e-05,
    "156121_mass": [
        3.5,
        "kg"
    ],
    "156127_failureRate": 8e-05,
    "156128_mass": [
        3.5,
        "kg"
    ]
}