{
    "61632_mass": [
        21,
        "kg"
    ],
    "61633_failureRate": 7.1492649760036e-08,
    "61634_logFailureRate": -7.1457386062093615,
    "61640_failureRate": 0.00015,
    "61641_mass": [
        3,
        "kg"
    ],
    "61647_failureRate": 0.00015,
    "61648_mass": [
        3,
        "kg"
    ],
    "61655_failureRate": 0.0001,
    "61656_mass": [
        3,
        "kg"
    ],
    "61663_failureRate": 0.0001,
    "61664_mass": [
        3,
        "kg"
    ],
    "61670_failureRate": 8e-05,
    "61671_mass": [
        3.5,
        "kg"
    ],
    "61677_failureRate": 0.0002,
    "61678_mass": [
        5.5,
        "kg"
    ]
}