{
    "61161_mass": [
        33.5,
        "kg"
    ],
    "61162_failureRate": 1.0005394380474406e-08,
    "61163_logFailureRate": -7.999765788198369,
    "61169_failureRate": 0.00015,
    "61170_mass": [
        3,
        "kg"
    ],
    "61176_failureRate": 0.00015,
    "61177_mass": [
        3,
        "kg"
    ],
    "61183_failureRate": 5e-05,
    "61184_mass": [
        9,
        "kg"
    ],
    "61191_failureRate": 0.0001,
    "61192_mass": [
        3,
        "kg"
    ],
    "61199_failureRate": 0.0001,
    "61200_mass": [
        3,
        "kg"
    ],
    "61206_failureRate": 8e-05,
    "61207_mass": [
        3.5,
        "kg"
    ],
    "61213_failureRate": 8e-05,
    "61214_mass": [
        3.5,
        "kg"
    ],
    "61220_failureRate": 0.0002,
    "61221_mass": [
        5.5,
        "kg"
    ]
}