{
    "175646_mass": [
        35.5,
        "kg"
    ],
    "175647_failureRate": 2.850921025407354e-08,
    "175648_logFailureRate": -7.545014813102623,
    "175654_failureRate": 0.00015,
    "175655_mass": [
        3,
        "kg"
    ],
    "175661_failureRate": 0.00015,
    "175662_mass": [
        3,
        "kg"
    ],
    "175669_failureRate": 4e-05,
    "175670_mass": [
        5,
        "kg"
    ],
    "175677_failureRate": 4e-05,
    "175678_mass": [
        5,
        "kg"
    ],
    "175685_failureRate": 4e-05,
    "175686_mass": [
        5,
        "kg"
    ],
    "175692_failureRate": 8e-05,
    "175693_mass": [
        3.5,
        "kg"
    ],
    "175699_failureRate": 0.0002,
    "175700_mass": [
        5.5,
        "kg"
    ],
    "175706_failureRate": 0.0002,
    "175707_mass": [
        5.5,
        "kg"
    ]
}