{
    "98088_mass": [
        45.5,
        "kg"
    ],
    "98089_failureRate": 0.00020000000144963505,
    "98090_logFailureRate": -3.6989700011881763,
    "98096_failureRate": 0.0001,
    "98097_mass": [
        6,
        "kg"
    ],
    "98103_failureRate": 5e-05,
    "98104_mass": [
        9,
        "kg"
    ],
    "98110_failureRate": 5e-05,
    "98111_mass": [
        9,
        "kg"
    ],
    "98118_failureRate": 0.0001,
    "98119_mass": [
        3,
        "kg"
    ],
    "98126_failureRate": 0.0001,
    "98127_mass": [
        3,
        "kg"
    ],
    "98134_failureRate": 2e-05,
    "98135_mass": [
        10,
        "kg"
    ],
    "98141_failureRate": 0.0002,
    "98142_mass": [
        5.5,
        "kg"
    ]
}