{
    "173392_mass": [
        33.5,
        "kg"
    ],
    "173393_failureRate": 8.000000287464503e-05,
    "173394_logFailureRate": -4.096909997402526,
    "173400_failureRate": 0.00015,
    "173401_mass": [
        3,
        "kg"
    ],
    "173407_failureRate": 5e-05,
    "173408_mass": [
        9,
        "kg"
    ],
    "173414_failureRate": 5e-05,
    "173415_mass": [
        9,
        "kg"
    ],
    "173422_failureRate": 0.0001,
    "173423_mass": [
        3,
        "kg"
    ],
    "173430_failureRate": 0.0001,
    "173431_mass": [
        3,
        "kg"
    ],
    "173438_failureRate": 0.0001,
    "173439_mass": [
        3,
        "kg"
    ],
    "173445_failureRate": 8e-05,
    "173446_mass": [
        3.5,
        "kg"
    ]
}