{
    "172676_mass": [
        34.5,
        "kg"
    ],
    "172677_failureRate": 5.015513903488256e-12,
    "172678_logFailureRate": -11.299684561344522,
    "172684_failureRate": 0.00015,
    "172685_mass": [
        3,
        "kg"
    ],
    "172691_failureRate": 0.00015,
    "172692_mass": [
        3,
        "kg"
    ],
    "172698_failureRate": 0.00015,
    "172699_mass": [
        3,
        "kg"
    ],
    "172706_failureRate": 0.0001,
    "172707_mass": [
        3,
        "kg"
    ],
    "172714_failureRate": 0.0001,
    "172715_mass": [
        3,
        "kg"
    ],
    "172722_failureRate": 0.0001,
    "172723_mass": [
        3,
        "kg"
    ],
    "172729_failureRate": 8e-05,
    "172730_mass": [
        3.5,
        "kg"
    ],
    "172736_failureRate": 8e-05,
    "172737_mass": [
        3.5,
        "kg"
    ],
    "172743_failureRate": 0.0001,
    "172744_mass": [
        9.5,
        "kg"
    ]
}