{
    "155763_mass": [
        27.5,
        "kg"
    ],
    "155764_failureRate": 4.4996111968007675e-08,
    "155765_logFailureRate": -7.346825011197766,
    "155771_failureRate": 0.00015,
    "155772_mass": [
        3,
        "kg"
    ],
    "155778_failureRate": 0.0001,
    "155779_mass": [
        6,
        "kg"
    ],
    "155786_failureRate": 0.0001,
    "155787_mass": [
        3,
        "kg"
    ],
    "155794_failureRate": 4e-05,
    "155795_mass": [
        5,
        "kg"
    ],
    "155801_failureRate": 8e-05,
    "155802_mass": [
        3.5,
        "kg"
    ],
    "155808_failureRate": 8e-05,
    "155809_mass": [
        3.5,
        "kg"
    ],
    "155815_failureRate": 8e-05,
    "155816_mass": [
        3.5,
        "kg"
    ]
}