{
    "98283_mass": [
        32,
        "kg"
    ],
    "98284_failureRate": 5.0006997400170004e-08,
    "98285_logFailureRate": -7.300969221270879,
    "98291_failureRate": 0.0001,
    "98292_mass": [
        6,
        "kg"
    ],
    "98298_failureRate": 0.0001,
    "98299_mass": [
        6,
        "kg"
    ],
    "98306_failureRate": 0.0001,
    "98307_mass": [
        3,
        "kg"
    ],
    "98314_failureRate": 0.0001,
    "98315_mass": [
        3,
        "kg"
    ],
    "98322_failureRate": 0.0001,
    "98323_mass": [
        3,
        "kg"
    ],
    "98329_failureRate": 0.0002,
    "98330_mass": [
        5.5,
        "kg"
    ],
    "98336_failureRate": 0.0002,
    "98337_mass": [
        5.5,
        "kg"
    ]
}