{
    "99198_mass": [
        9.5,
        "kg"
    ],
    "99199_failureRate": 0.0003299650012,
    "99200_logFailureRate": -3.481532122521482,
    "99206_failureRate": 0.00015,
    "99207_mass": [
        3,
        "kg"
    ],
    "99214_failureRate": 0.0001,
    "99215_mass": [
        3,
        "kg"
    ],
    "99221_failureRate": 8e-05,
    "99222_mass": [
        3.5,
        "kg"
    ]
}