{
    "98945_mass": [
        11.5,
        "kg"
    ],
    "98946_failureRate": 0.00044993500300000004,
    "98947_logFailureRate": -3.3468502192851446,
    "98953_failureRate": 0.00015,
    "98954_mass": [
        3,
        "kg"
    ],
    "98961_failureRate": 0.0001,
    "98962_mass": [
        3,
        "kg"
    ],
    "98968_failureRate": 0.0002,
    "98969_mass": [
        5.5,
        "kg"
    ]
}