{
    "2590_mass": [
        46,
        "kg"
    ],
    "2591_failureRate": 2.88970761177978e-08,
    "2592_logFailureRate": -7.539146098078959,
    "2598_failureRate": 5e-05,
    "2599_mass": [
        9,
        "kg"
    ],
    "2605_failureRate": 5e-05,
    "2606_mass": [
        9,
        "kg"
    ],
    "2613_failureRate": 4e-05,
    "2614_mass": [
        5,
        "kg"
    ],
    "2621_failureRate": 2e-05,
    "2622_mass": [
        10,
        "kg"
    ],
    "2628_failureRate": 8e-05,
    "2629_mass": [
        3.5,
        "kg"
    ],
    "2635_failureRate": 0.0001,
    "2636_mass": [
        9.5,
        "kg"
    ]
}