{
    "121195_mass": [
        18.5,
        "kg"
    ],
    "121196_failureRate": 0.0003699630006,
    "121197_logFailureRate": -3.4318417068484806,
    "121203_failureRate": 0.00015,
    "121204_mass": [
        3,
        "kg"
    ],
    "121211_failureRate": 2e-05,
    "121212_mass": [
        10,
        "kg"
    ],
    "121218_failureRate": 0.0002,
    "121219_mass": [
        5.5,
        "kg"
    ]
}