{
    "23202_mass": [
        19,
        "kg"
    ],
    "23203_failureRate": 0.000150001399040032,
    "23204_logFailureRate": -3.8239046903274363,
    "23210_failureRate": 5e-05,
    "23211_mass": [
        9,
        "kg"
    ],
    "23218_failureRate": 0.0001,
    "23219_mass": [
        3,
        "kg"
    ],
    "23225_failureRate": 8e-05,
    "23226_mass": [
        3.5,
        "kg"
    ],
    "23232_failureRate": 8e-05,
    "23233_mass": [
        3.5,
        "kg"
    ]
}