{
    "59843_mass": [
        44,
        "kg"
    ],
    "59844_failureRate": 5.739863432951352e-08,
    "59845_logFailureRate": -7.241098440532551,
    "59851_failureRate": 0.00015,
    "59852_mass": [
        3,
        "kg"
    ],
    "59858_failureRate": 0.00015,
    "59859_mass": [
        3,
        "kg"
    ],
    "59865_failureRate": 0.00015,
    "59866_mass": [
        3,
        "kg"
    ],
    "59873_failureRate": 2e-05,
    "59874_mass": [
        10,
        "kg"
    ],
    "59881_failureRate": 2e-05,
    "59882_mass": [
        10,
        "kg"
    ],
    "59888_failureRate": 0.0002,
    "59889_mass": [
        5.5,
        "kg"
    ],
    "59895_failureRate": 0.0001,
    "59896_mass": [
        9.5,
        "kg"
    ]
}