{
    "61517_mass": [
        58.5,
        "kg"
    ],
    "61518_failureRate": 1.0001679870546404e-08,
    "61519_logFailureRate": -7.999927050276272,
    "61525_failureRate": 0.0001,
    "61526_mass": [
        6,
        "kg"
    ],
    "61532_failureRate": 0.0001,
    "61533_mass": [
        6,
        "kg"
    ],
    "61539_failureRate": 0.0001,
    "61540_mass": [
        6,
        "kg"
    ],
    "61547_failureRate": 2e-05,
    "61548_mass": [
        10,
        "kg"
    ],
    "61555_failureRate": 2e-05,
    "61556_mass": [
        10,
        "kg"
    ],
    "61563_failureRate": 2e-05,
    "61564_mass": [
        10,
        "kg"
    ],
    "61570_failureRate": 8e-05,
    "61571_mass": [
        3.5,
        "kg"
    ],
    "61577_failureRate": 8e-05,
    "61578_mass": [
        3.5,
        "kg"
    ],
    "61584_failureRate": 8e-05,
    "61585_mass": [
        3.5,
        "kg"
    ]
}