{
    "136829_mass": [
        42.5,
        "kg"
    ],
    "136830_failureRate": 8.005254242020652e-09,
    "136831_logFailureRate": -8.096624870596242,
    "136837_failureRate": 0.00015,
    "136838_mass": [
        3,
        "kg"
    ],
    "136844_failureRate": 5e-05,
    "136845_mass": [
        9,
        "kg"
    ],
    "136851_failureRate": 5e-05,
    "136852_mass": [
        9,
        "kg"
    ],
    "136859_failureRate": 0.0001,
    "136860_mass": [
        3,
        "kg"
    ],
    "136867_failureRate": 0.0001,
    "136868_mass": [
        3,
        "kg"
    ],
    "136875_failureRate": 0.0001,
    "136876_mass": [
        3,
        "kg"
    ],
    "136882_failureRate": 8e-05,
    "136883_mass": [
        3.5,
        "kg"
    ],
    "136889_failureRate": 8e-05,
    "136890_mass": [
        3.5,
        "kg"
    ],
    "136896_failureRate": 0.0002,
    "136897_mass": [
        5.5,
        "kg"
    ]
}