{
    "58476_mass": [
        31.5,
        "kg"
    ],
    "58477_failureRate": 8.000160167174402e-05,
    "58478_logFailureRate": -4.096901318130093,
    "58484_failureRate": 0.0001,
    "58485_mass": [
        6,
        "kg"
    ],
    "58491_failureRate": 0.0001,
    "58492_mass": [
        6,
        "kg"
    ],
    "58498_failureRate": 0.0001,
    "58499_mass": [
        6,
        "kg"
    ],
    "58506_failureRate": 4e-05,
    "58507_mass": [
        5,
        "kg"
    ],
    "58514_failureRate": 4e-05,
    "58515_mass": [
        5,
        "kg"
    ],
    "58521_failureRate": 8e-05,
    "58522_mass": [
        3.5,
        "kg"
    ]
}