{
    "121105_mass": [
        31.5,
        "kg"
    ],
    "121106_failureRate": 8.000560039189282e-05,
    "121107_logFailureRate": -4.096879611330983,
    "121113_failureRate": 0.0001,
    "121114_mass": [
        6,
        "kg"
    ],
    "121120_failureRate": 0.0001,
    "121121_mass": [
        6,
        "kg"
    ],
    "121127_failureRate": 0.0001,
    "121128_mass": [
        6,
        "kg"
    ],
    "121135_failureRate": 4e-05,
    "121136_mass": [
        5,
        "kg"
    ],
    "121143_failureRate": 4e-05,
    "121144_mass": [
        5,
        "kg"
    ],
    "121150_failureRate": 8e-05,
    "121151_mass": [
        3.5,
        "kg"
    ]
}