{
    "62798_mass": [
        11.5,
        "kg"
    ],
    "62799_failureRate": 0.00026997880048000003,
    "62800_logFailureRate": -3.56867033656701,
    "62806_failureRate": 0.00015,
    "62807_mass": [
        3,
        "kg"
    ],
    "62814_failureRate": 4e-05,
    "62815_mass": [
        5,
        "kg"
    ],
    "62821_failureRate": 8e-05,
    "62822_mass": [
        3.5,
        "kg"
    ]
}