{
    "99270_mass": [
        36,
        "kg"
    ],
    "99271_failureRate": 9.748610040601597e-08,
    "99272_logFailureRate": -7.011057301709582,
    "99278_failureRate": 0.00015,
    "99279_mass": [
        3,
        "kg"
    ],
    "99285_failureRate": 5e-05,
    "99286_mass": [
        9,
        "kg"
    ],
    "99293_failureRate": 0.0001,
    "99294_mass": [
        3,
        "kg"
    ],
    "99301_failureRate": 4e-05,
    "99302_mass": [
        5,
        "kg"
    ],
    "99309_failureRate": 4e-05,
    "99310_mass": [
        5,
        "kg"
    ],
    "99316_failureRate": 0.0002,
    "99317_mass": [
        5.5,
        "kg"
    ],
    "99323_failureRate": 0.0002,
    "99324_mass": [
        5.5,
        "kg"
    ]
}