{
    "23364_mass": [
        30.5,
        "kg"
    ],
    "23365_failureRate": 0.00022000099890001997,
    "23366_logFailureRate": -3.6575753472878767,
    "23372_failureRate": 0.0001,
    "23373_mass": [
        6,
        "kg"
    ],
    "23379_failureRate": 5e-05,
    "23380_mass": [
        9,
        "kg"
    ],
    "23387_failureRate": 2e-05,
    "23388_mass": [
        10,
        "kg"
    ],
    "23394_failureRate": 0.0002,
    "23395_mass": [
        5.5,
        "kg"
    ]
}