{
    "62500_mass": [
        36.5,
        "kg"
    ],
    "62501_failureRate": 4.000000912463501e-05,
    "62502_logFailureRate": -4.397939909602583,
    "62508_failureRate": 0.00015,
    "62509_mass": [
        3,
        "kg"
    ],
    "62515_failureRate": 0.00015,
    "62516_mass": [
        3,
        "kg"
    ],
    "62522_failureRate": 5e-05,
    "62523_mass": [
        9,
        "kg"
    ],
    "62530_failureRate": 4e-05,
    "62531_mass": [
        5,
        "kg"
    ],
    "62537_failureRate": 0.0002,
    "62538_mass": [
        5.5,
        "kg"
    ],
    "62544_failureRate": 0.0002,
    "62545_mass": [
        5.5,
        "kg"
    ],
    "62551_failureRate": 0.0002,
    "62552_mass": [
        5.5,
        "kg"
    ]
}