{
    "119435_mass": [
        63,
        "kg"
    ],
    "119436_failureRate": 2.0001767900768325e-08,
    "119437_logFailureRate": -7.698931616555226,
    "119443_failureRate": 0.0001,
    "119444_mass": [
        6,
        "kg"
    ],
    "119450_failureRate": 0.0001,
    "119451_mass": [
        6,
        "kg"
    ],
    "119457_failureRate": 0.0001,
    "119458_mass": [
        6,
        "kg"
    ],
    "119465_failureRate": 2e-05,
    "119466_mass": [
        10,
        "kg"
    ],
    "119473_failureRate": 2e-05,
    "119474_mass": [
        10,
        "kg"
    ],
    "119481_failureRate": 2e-05,
    "119482_mass": [
        10,
        "kg"
    ],
    "119488_failureRate": 0.0002,
    "119489_mass": [
        5.5,
        "kg"
    ],
    "119495_failureRate": 0.0001,
    "119496_mass": [
        9.5,
        "kg"
    ]
}