{
    "119034_mass": [
        23.5,
        "kg"
    ],
    "119035_failureRate": 8.001349842003999e-05,
    "119036_logFailureRate": -4.096836740572798,
    "119042_failureRate": 0.00015,
    "119043_mass": [
        3,
        "kg"
    ],
    "119049_failureRate": 5e-05,
    "119050_mass": [
        9,
        "kg"
    ],
    "119057_failureRate": 0.0001,
    "119058_mass": [
        3,
        "kg"
    ],
    "119065_failureRate": 4e-05,
    "119066_mass": [
        5,
        "kg"
    ],
    "119072_failureRate": 8e-05,
    "119073_mass": [
        3.5,
        "kg"
    ]
}