{
    "157687_mass": [
        33,
        "kg"
    ],
    "157688_failureRate": 7.049050034499999e-08,
    "157689_logFailureRate": -7.151869406777829,
    "157695_failureRate": 0.00015,
    "157696_mass": [
        3,
        "kg"
    ],
    "157702_failureRate": 0.00015,
    "157703_mass": [
        3,
        "kg"
    ],
    "157710_failureRate": 0.0001,
    "157711_mass": [
        3,
        "kg"
    ],
    "157718_failureRate": 4e-05,
    "157719_mass": [
        5,
        "kg"
    ],
    "157725_failureRate": 0.0001,
    "157726_mass": [
        9.5,
        "kg"
    ],
    "157732_failureRate": 0.0001,
    "157733_mass": [
        9.5,
        "kg"
    ]
}