{
    "20870_mass": [
        29,
        "kg"
    ],
    "20871_failureRate": 2.519873594880256e-08,
    "20872_logFailureRate": -7.598621244306898,
    "20878_failureRate": 0.0001,
    "20879_mass": [
        6,
        "kg"
    ],
    "20885_failureRate": 0.0001,
    "20886_mass": [
        6,
        "kg"
    ],
    "20893_failureRate": 4e-05,
    "20894_mass": [
        5,
        "kg"
    ],
    "20901_failureRate": 4e-05,
    "20902_mass": [
        5,
        "kg"
    ],
    "20908_failureRate": 8e-05,
    "20909_mass": [
        3.5,
        "kg"
    ],
    "20915_failureRate": 8e-05,
    "20916_mass": [
        3.5,
        "kg"
    ]
}