{
    "97776_mass": [
        47,
        "kg"
    ],
    "97777_failureRate": 2.5601759444826005e-08,
    "97778_logFailureRate": -7.5917301873865055,
    "97784_failureRate": 0.00015,
    "97785_mass": [
        3,
        "kg"
    ],
    "97791_failureRate": 0.0001,
    "97792_mass": [
        6,
        "kg"
    ],
    "97798_failureRate": 0.0001,
    "97799_mass": [
        6,
        "kg"
    ],
    "97806_failureRate": 0.0001,
    "97807_mass": [
        3,
        "kg"
    ],
    "97814_failureRate": 2e-05,
    "97815_mass": [
        10,
        "kg"
    ],
    "97822_failureRate": 2e-05,
    "97823_mass": [
        10,
        "kg"
    ],
    "97829_failureRate": 8e-05,
    "97830_mass": [
        3.5,
        "kg"
    ],
    "97836_failureRate": 0.0002,
    "97837_mass": [
        5.5,
        "kg"
    ]
}