{
    "120376_mass": [
        50.5,
        "kg"
    ],
    "120377_failureRate": 2.7394660313995606e-11,
    "120378_logFailureRate": -10.562334080324067,
    "120384_failureRate": 0.0001,
    "120385_mass": [
        6,
        "kg"
    ],
    "120391_failureRate": 0.0001,
    "120392_mass": [
        6,
        "kg"
    ],
    "120398_failureRate": 0.0001,
    "120399_mass": [
        6,
        "kg"
    ],
    "120406_failureRate": 0.0001,
    "120407_mass": [
        3,
        "kg"
    ],
    "120414_failureRate": 0.0001,
    "120415_mass": [
        3,
        "kg"
    ],
    "120422_failureRate": 2e-05,
    "120423_mass": [
        10,
        "kg"
    ],
    "120429_failureRate": 0.0002,
    "120430_mass": [
        5.5,
        "kg"
    ],
    "120436_failureRate": 0.0002,
    "120437_mass": [
        5.5,
        "kg"
    ],
    "120443_failureRate": 0.0002,
    "120444_mass": [
        5.5,
        "kg"
    ]
}