{
    "138689_mass": [
        21.5,
        "kg"
    ],
    "138690_failureRate": 8.003249515018001e-05,
    "138691_logFailureRate": -4.0967336430202925,
    "138697_failureRate": 0.00015,
    "138698_mass": [
        3,
        "kg"
    ],
    "138704_failureRate": 5e-05,
    "138705_mass": [
        9,
        "kg"
    ],
    "138712_failureRate": 0.0001,
    "138713_mass": [
        3,
        "kg"
    ],
    "138720_failureRate": 0.0001,
    "138721_mass": [
        3,
        "kg"
    ],
    "138727_failureRate": 8e-05,
    "138728_mass": [
        3.5,
        "kg"
    ]
}