{
    "20962_mass": [
        27.5,
        "kg"
    ],
    "20963_failureRate": 8.00217975360576e-05,
    "20964_logFailureRate": -4.096791697255663,
    "20970_failureRate": 0.00015,
    "20971_mass": [
        3,
        "kg"
    ],
    "20977_failureRate": 0.0001,
    "20978_mass": [
        6,
        "kg"
    ],
    "20985_failureRate": 4e-05,
    "20986_mass": [
        5,
        "kg"
    ],
    "20993_failureRate": 2e-05,
    "20994_mass": [
        10,
        "kg"
    ],
    "21000_failureRate": 8e-05,
    "21001_mass": [
        3.5,
        "kg"
    ]
}