{
    "60646_mass": [
        45,
        "kg"
    ],
    "60647_failureRate": 2.0003899120039e-08,
    "60648_logFailureRate": -7.698885344272384,
    "60654_failureRate": 0.00015,
    "60655_mass": [
        3,
        "kg"
    ],
    "60661_failureRate": 0.0001,
    "60662_mass": [
        6,
        "kg"
    ],
    "60668_failureRate": 0.0001,
    "60669_mass": [
        6,
        "kg"
    ],
    "60676_failureRate": 0.0001,
    "60677_mass": [
        3,
        "kg"
    ],
    "60684_failureRate": 0.0001,
    "60685_mass": [
        3,
        "kg"
    ],
    "60692_failureRate": 4e-05,
    "60693_mass": [
        5,
        "kg"
    ],
    "60699_failureRate": 0.0001,
    "60700_mass": [
        9.5,
        "kg"
    ],
    "60706_failureRate": 0.0001,
    "60707_mass": [
        9.5,
        "kg"
    ]
}