{
    "81210_mass": [
        48.5,
        "kg"
    ],
    "81211_failureRate": 1.09256721500206e-11,
    "81212_logFailureRate": -10.961551835633005,
    "81218_failureRate": 0.00015,
    "81219_mass": [
        3,
        "kg"
    ],
    "81225_failureRate": 5e-05,
    "81226_mass": [
        9,
        "kg"
    ],
    "81232_failureRate": 5e-05,
    "81233_mass": [
        9,
        "kg"
    ],
    "81240_failureRate": 0.0001,
    "81241_mass": [
        3,
        "kg"
    ],
    "81248_failureRate": 0.0001,
    "81249_mass": [
        3,
        "kg"
    ],
    "81256_failureRate": 4e-05,
    "81257_mass": [
        5,
        "kg"
    ],
    "81263_failureRate": 0.0002,
    "81264_mass": [
        5.5,
        "kg"
    ],
    "81270_failureRate": 0.0002,
    "81271_mass": [
        5.5,
        "kg"
    ],
    "81277_failureRate": 0.0002,
    "81278_mass": [
        5.5,
        "kg"
    ]
}