{
    "101154_mass": [
        55.5,
        "kg"
    ],
    "101155_failureRate": 1.9202391045742454e-11,
    "101156_logFailureRate": -10.716644690394455,
    "101162_failureRate": 0.00015,
    "101163_mass": [
        3,
        "kg"
    ],
    "101169_failureRate": 0.00015,
    "101170_mass": [
        3,
        "kg"
    ],
    "101176_failureRate": 0.00015,
    "101177_mass": [
        3,
        "kg"
    ],
    "101184_failureRate": 2e-05,
    "101185_mass": [
        10,
        "kg"
    ],
    "101192_failureRate": 2e-05,
    "101193_mass": [
        10,
        "kg"
    ],
    "101200_failureRate": 2e-05,
    "101201_mass": [
        10,
        "kg"
    ],
    "101207_failureRate": 0.0002,
    "101208_mass": [
        5.5,
        "kg"
    ],
    "101214_failureRate": 0.0002,
    "101215_mass": [
        5.5,
        "kg"
    ],
    "101221_failureRate": 0.0002,
    "101222_mass": [
        5.5,
        "kg"
    ]
}