{
    "3465_mass": [
        23.5,
        "kg"
    ],
    "3466_failureRate": 0.00013999600337452752,
    "3467_logFailureRate": -3.8538843624443646,
    "3473_failureRate": 0.00015,
    "3474_mass": [
        3,
        "kg"
    ],
    "3480_failureRate": 0.00015,
    "3481_mass": [
        3,
        "kg"
    ],
    "3487_failureRate": 0.00015,
    "3488_mass": [
        3,
        "kg"
    ],
    "3495_failureRate": 4e-05,
    "3496_mass": [
        5,
        "kg"
    ],
    "3502_failureRate": 0.0001,
    "3503_mass": [
        9.5,
        "kg"
    ]
}