{
    "155862_mass": [
        29.5,
        "kg"
    ],
    "155863_failureRate": 0.00011999680037495499,
    "155864_logFailureRate": -3.9208303339359345,
    "155870_failureRate": 0.00015,
    "155871_mass": [
        3,
        "kg"
    ],
    "155877_failureRate": 5e-05,
    "155878_mass": [
        9,
        "kg"
    ],
    "155884_failureRate": 5e-05,
    "155885_mass": [
        9,
        "kg"
    ],
    "155892_failureRate": 4e-05,
    "155893_mass": [
        5,
        "kg"
    ],
    "155899_failureRate": 8e-05,
    "155900_mass": [
        3.5,
        "kg"
    ]
}