{
    "39747_mass": [
        50.5,
        "kg"
    ],
    "39748_failureRate": 0.00020000699850801758,
    "39749_logFailureRate": -3.6989548075348364,
    "39755_failureRate": 0.0001,
    "39756_mass": [
        6,
        "kg"
    ],
    "39762_failureRate": 5e-05,
    "39763_mass": [
        9,
        "kg"
    ],
    "39770_failureRate": 2e-05,
    "39771_mass": [
        10,
        "kg"
    ],
    "39778_failureRate": 2e-05,
    "39779_mass": [
        10,
        "kg"
    ],
    "39786_failureRate": 2e-05,
    "39787_mass": [
        10,
        "kg"
    ],
    "39793_failureRate": 0.0002,
    "39794_mass": [
        5.5,
        "kg"
    ]
}