{
    "39453_mass": [
        43.5,
        "kg"
    ],
    "39454_failureRate": 1.8002314501016953e-08,
    "39455_logFailureRate": -7.744671655429963,
    "39461_failureRate": 0.00015,
    "39462_mass": [
        3,
        "kg"
    ],
    "39468_failureRate": 5e-05,
    "39469_mass": [
        9,
        "kg"
    ],
    "39475_failureRate": 5e-05,
    "39476_mass": [
        9,
        "kg"
    ],
    "39483_failureRate": 0.0001,
    "39484_mass": [
        3,
        "kg"
    ],
    "39491_failureRate": 0.0001,
    "39492_mass": [
        3,
        "kg"
    ],
    "39498_failureRate": 8e-05,
    "39499_mass": [
        3.5,
        "kg"
    ],
    "39505_failureRate": 8e-05,
    "39506_mass": [
        3.5,
        "kg"
    ],
    "39512_failureRate": 0.0001,
    "39513_mass": [
        9.5,
        "kg"
    ]
}