{
    "78805_mass": [
        43,
        "kg"
    ],
    "78806_failureRate": 2.4002799172044004e-08,
    "78807_logFailureRate": -7.61973810853484,
    "78813_failureRate": 0.0001,
    "78814_mass": [
        6,
        "kg"
    ],
    "78820_failureRate": 0.0001,
    "78821_mass": [
        6,
        "kg"
    ],
    "78827_failureRate": 0.0001,
    "78828_mass": [
        6,
        "kg"
    ],
    "78835_failureRate": 0.0001,
    "78836_mass": [
        3,
        "kg"
    ],
    "78843_failureRate": 0.0001,
    "78844_mass": [
        3,
        "kg"
    ],
    "78851_failureRate": 2e-05,
    "78852_mass": [
        10,
        "kg"
    ],
    "78858_failureRate": 8e-05,
    "78859_mass": [
        3.5,
        "kg"
    ],
    "78865_failureRate": 0.0002,
    "78866_mass": [
        5.5,
        "kg"
    ]
}