{
    "153820_mass": [
        26,
        "kg"
    ],
    "153821_failureRate": 2.0021399571904003e-05,
    "153822_logFailureRate": -4.698505566961108,
    "153828_failureRate": 0.00015,
    "153829_mass": [
        3,
        "kg"
    ],
    "153835_failureRate": 0.0001,
    "153836_mass": [
        6,
        "kg"
    ],
    "153843_failureRate": 2e-05,
    "153844_mass": [
        10,
        "kg"
    ],
    "153850_failureRate": 8e-05,
    "153851_mass": [
        3.5,
        "kg"
    ],
    "153857_failureRate": 8e-05,
    "153858_mass": [
        3.5,
        "kg"
    ]
}