{
    "20412_mass": [
        40.5,
        "kg"
    ],
    "20413_failureRate": 0.00014999500099985,
    "20414_logFailureRate": -3.8239232147733704,
    "20420_failureRate": 5e-05,
    "20421_mass": [
        9,
        "kg"
    ],
    "20428_failureRate": 0.0001,
    "20429_mass": [
        3,
        "kg"
    ],
    "20435_failureRate": 0.0001,
    "20436_mass": [
        9.5,
        "kg"
    ],
    "20442_failureRate": 0.0001,
    "20443_mass": [
        9.5,
        "kg"
    ],
    "20449_failureRate": 0.0001,
    "20450_mass": [
        9.5,
        "kg"
    ]
}