{
    "117605_mass": [
        13.5,
        "kg"
    ],
    "117606_failureRate": 0.00038995600119999996,
    "117607_logFailureRate": -3.4089843917273823,
    "117613_failureRate": 0.00015,
    "117614_mass": [
        3,
        "kg"
    ],
    "117621_failureRate": 4e-05,
    "117622_mass": [
        5,
        "kg"
    ],
    "117628_failureRate": 0.0002,
    "117629_mass": [
        5.5,
        "kg"
    ]
}