{
    "81418_mass": [
        28,
        "kg"
    ],
    "81419_failureRate": 3.4899291773448056e-08,
    "81420_logFailureRate": -7.457183386278767,
    "81426_failureRate": 0.00015,
    "81427_mass": [
        3,
        "kg"
    ],
    "81433_failureRate": 0.00015,
    "81434_mass": [
        3,
        "kg"
    ],
    "81441_failureRate": 4e-05,
    "81442_mass": [
        5,
        "kg"
    ],
    "81449_failureRate": 4e-05,
    "81450_mass": [
        5,
        "kg"
    ],
    "81457_failureRate": 4e-05,
    "81458_mass": [
        5,
        "kg"
    ],
    "81464_failureRate": 8e-05,
    "81465_mass": [
        3.5,
        "kg"
    ],
    "81471_failureRate": 8e-05,
    "81472_mass": [
        3.5,
        "kg"
    ]
}