{
    "43559_mass": [
        37,
        "kg"
    ],
    "43560_failureRate": 5.0019999999650025e-05,
    "43561_logFailureRate": -4.300856312608555,
    "43567_failureRate": 5e-05,
    "43568_mass": [
        9,
        "kg"
    ],
    "43575_failureRate": 0.0001,
    "43576_mass": [
        3,
        "kg"
    ],
    "43583_failureRate": 0.0001,
    "43584_mass": [
        3,
        "kg"
    ],
    "43591_failureRate": 0.0001,
    "43592_mass": [
        3,
        "kg"
    ],
    "43598_failureRate": 0.0001,
    "43599_mass": [
        9.5,
        "kg"
    ],
    "43605_failureRate": 0.0001,
    "43606_mass": [
        9.5,
        "kg"
    ]
}