{
    "101990_mass": [
        15.5,
        "kg"
    ],
    "101991_failureRate": 0.0003499600015,
    "101992_logFailureRate": -3.455981590279749,
    "101998_failureRate": 0.00015,
    "101999_mass": [
        3,
        "kg"
    ],
    "102006_failureRate": 0.0001,
    "102007_mass": [
        3,
        "kg"
    ],
    "102013_failureRate": 0.0001,
    "102014_mass": [
        9.5,
        "kg"
    ]
}