{
    "135795_mass": [
        49.5,
        "kg"
    ],
    "135796_failureRate": 1.5382859078732736e-11,
    "135797_logFailureRate": -10.812962938480007,
    "135803_failureRate": 0.0001,
    "135804_mass": [
        6,
        "kg"
    ],
    "135810_failureRate": 0.0001,
    "135811_mass": [
        6,
        "kg"
    ],
    "135817_failureRate": 0.0001,
    "135818_mass": [
        6,
        "kg"
    ],
    "135825_failureRate": 4e-05,
    "135826_mass": [
        5,
        "kg"
    ],
    "135833_failureRate": 4e-05,
    "135834_mass": [
        5,
        "kg"
    ],
    "135841_failureRate": 4e-05,
    "135842_mass": [
        5,
        "kg"
    ],
    "135848_failureRate": 0.0002,
    "135849_mass": [
        5.5,
        "kg"
    ],
    "135855_failureRate": 0.0002,
    "135856_mass": [
        5.5,
        "kg"
    ],
    "135862_failureRate": 0.0002,
    "135863_mass": [
        5.5,
        "kg"
    ]
}