{
    "3911_mass": [
        18.5,
        "kg"
    ],
    "3912_failureRate": 8.002500212377012e-05,
    "3913_logFailureRate": -4.096774305658162,
    "3919_failureRate": 0.00015,
    "3920_mass": [
        3,
        "kg"
    ],
    "3926_failureRate": 0.00015,
    "3927_mass": [
        3,
        "kg"
    ],
    "3933_failureRate": 0.00015,
    "3934_mass": [
        3,
        "kg"
    ],
    "3941_failureRate": 0.0001,
    "3942_mass": [
        3,
        "kg"
    ],
    "3949_failureRate": 0.0001,
    "3950_mass": [
        3,
        "kg"
    ],
    "3956_failureRate": 8e-05,
    "3957_mass": [
        3.5,
        "kg"
    ]
}