{
    "172788_mass": [
        22.5,
        "kg"
    ],
    "172789_failureRate": 0.0002699800003,
    "172790_logFailureRate": -3.568668406511589,
    "172796_failureRate": 0.00015,
    "172797_mass": [
        3,
        "kg"
    ],
    "172804_failureRate": 2e-05,
    "172805_mass": [
        10,
        "kg"
    ],
    "172811_failureRate": 0.0001,
    "172812_mass": [
        9.5,
        "kg"
    ]
}