{
    "40230_mass": [
        21,
        "kg"
    ],
    "40231_failureRate": 4.0021399143904006e-05,
    "40232_logFailureRate": -4.397707732545004,
    "40238_failureRate": 0.00015,
    "40239_mass": [
        3,
        "kg"
    ],
    "40245_failureRate": 0.0001,
    "40246_mass": [
        6,
        "kg"
    ],
    "40253_failureRate": 4e-05,
    "40254_mass": [
        5,
        "kg"
    ],
    "40260_failureRate": 8e-05,
    "40261_mass": [
        3.5,
        "kg"
    ],
    "40267_failureRate": 8e-05,
    "40268_mass": [
        3.5,
        "kg"
    ]
}