{
    "79953_mass": [
        52.5,
        "kg"
    ],
    "79954_failureRate": 3.0009373162575e-08,
    "79955_logFailureRate": -7.522743076047253,
    "79961_failureRate": 5e-05,
    "79962_mass": [
        9,
        "kg"
    ],
    "79968_failureRate": 5e-05,
    "79969_mass": [
        9,
        "kg"
    ],
    "79975_failureRate": 5e-05,
    "79976_mass": [
        9,
        "kg"
    ],
    "79983_failureRate": 0.0001,
    "79984_mass": [
        3,
        "kg"
    ],
    "79991_failureRate": 0.0001,
    "79992_mass": [
        3,
        "kg"
    ],
    "79999_failureRate": 0.0001,
    "80000_mass": [
        3,
        "kg"
    ],
    "80006_failureRate": 0.0002,
    "80007_mass": [
        5.5,
        "kg"
    ],
    "80013_failureRate": 0.0002,
    "80014_mass": [
        5.5,
        "kg"
    ],
    "80020_failureRate": 0.0002,
    "80021_mass": [
        5.5,
        "kg"
    ]
}