{
    "117500_mass": [
        47.5,
        "kg"
    ],
    "117501_failureRate": 2.5501419367239997e-08,
    "117502_logFailureRate": -7.593435646773682,
    "117508_failureRate": 0.00015,
    "117509_mass": [
        3,
        "kg"
    ],
    "117515_failureRate": 5e-05,
    "117516_mass": [
        9,
        "kg"
    ],
    "117523_failureRate": 0.0001,
    "117524_mass": [
        3,
        "kg"
    ],
    "117531_failureRate": 4e-05,
    "117532_mass": [
        5,
        "kg"
    ],
    "117539_failureRate": 4e-05,
    "117540_mass": [
        5,
        "kg"
    ],
    "117546_failureRate": 8e-05,
    "117547_mass": [
        3.5,
        "kg"
    ],
    "117553_failureRate": 0.0001,
    "117554_mass": [
        9.5,
        "kg"
    ],
    "117560_failureRate": 0.0001,
    "117561_mass": [
        9.5,
        "kg"
    ]
}