{
    "59350_mass": [
        26,
        "kg"
    ],
    "59351_failureRate": 7.000539955200641e-05,
    "59352_logFailureRate": -4.154868461339979,
    "59358_failureRate": 5e-05,
    "59359_mass": [
        9,
        "kg"
    ],
    "59366_failureRate": 2e-05,
    "59367_mass": [
        10,
        "kg"
    ],
    "59373_failureRate": 8e-05,
    "59374_mass": [
        3.5,
        "kg"
    ],
    "59380_failureRate": 8e-05,
    "59381_mass": [
        3.5,
        "kg"
    ]
}