{
    "41030_mass": [
        21.5,
        "kg"
    ],
    "41031_failureRate": 0.000299981599520032,
    "41032_logFailureRate": -3.5229053835203215,
    "41038_failureRate": 0.0001,
    "41039_mass": [
        6,
        "kg"
    ],
    "41046_failureRate": 4e-05,
    "41047_mass": [
        5,
        "kg"
    ],
    "41054_failureRate": 4e-05,
    "41055_mass": [
        5,
        "kg"
    ],
    "41061_failureRate": 0.0002,
    "41062_mass": [
        5.5,
        "kg"
    ]
}