{
    "24330_mass": [
        26,
        "kg"
    ],
    "24331_failureRate": 5.0069990500299996e-05,
    "24332_logFailureRate": -4.300422490999087,
    "24338_failureRate": 5e-05,
    "24339_mass": [
        9,
        "kg"
    ],
    "24346_failureRate": 0.0001,
    "24347_mass": [
        3,
        "kg"
    ],
    "24354_failureRate": 0.0001,
    "24355_mass": [
        3,
        "kg"
    ],
    "24361_failureRate": 0.0002,
    "24362_mass": [
        5.5,
        "kg"
    ],
    "24368_failureRate": 0.0002,
    "24369_mass": [
        5.5,
        "kg"
    ]
}