{
    "39661_mass": [
        32.5,
        "kg"
    ],
    "39662_failureRate": 0.00010002099660015002,
    "39663_logFailureRate": -3.999908822495914,
    "39669_failureRate": 0.0001,
    "39670_mass": [
        6,
        "kg"
    ],
    "39676_failureRate": 5e-05,
    "39677_mass": [
        9,
        "kg"
    ],
    "39684_failureRate": 0.0001,
    "39685_mass": [
        3,
        "kg"
    ],
    "39692_failureRate": 4e-05,
    "39693_mass": [
        5,
        "kg"
    ],
    "39699_failureRate": 0.0001,
    "39700_mass": [
        9.5,
        "kg"
    ]
}