{
    "42338_mass": [
        47,
        "kg"
    ],
    "42339_failureRate": 4.059678985602389e-08,
    "42340_logFailureRate": -7.3915083063965445,
    "42346_failureRate": 0.00015,
    "42347_mass": [
        3,
        "kg"
    ],
    "42353_failureRate": 0.0001,
    "42354_mass": [
        6,
        "kg"
    ],
    "42360_failureRate": 5e-05,
    "42361_mass": [
        9,
        "kg"
    ],
    "42368_failureRate": 4e-05,
    "42369_mass": [
        5,
        "kg"
    ],
    "42376_failureRate": 4e-05,
    "42377_mass": [
        5,
        "kg"
    ],
    "42383_failureRate": 0.0001,
    "42384_mass": [
        9.5,
        "kg"
    ],
    "42390_failureRate": 0.0001,
    "42391_mass": [
        9.5,
        "kg"
    ]
}