{
    "758_mass": [
        36,
        "kg"
    ],
    "759_failureRate": 4.001999919990001e-05,
    "760_logFailureRate": -4.397722924382442,
    "766_failureRate": 0.0001,
    "767_mass": [
        6,
        "kg"
    ],
    "773_failureRate": 0.0001,
    "774_mass": [
        6,
        "kg"
    ],
    "781_failureRate": 4e-05,
    "782_mass": [
        5,
        "kg"
    ],
    "788_failureRate": 0.0001,
    "789_mass": [
        9.5,
        "kg"
    ],
    "795_failureRate": 0.0001,
    "796_mass": [
        9.5,
        "kg"
    ]
}