{
    "101036_mass": [
        72.5,
        "kg"
    ],
    "101037_failureRate": 4.42151181344027e-12,
    "101038_logFailureRate": -11.354429210294882,
    "101044_failureRate": 0.0001,
    "101045_mass": [
        6,
        "kg"
    ],
    "101051_failureRate": 5e-05,
    "101052_mass": [
        9,
        "kg"
    ],
    "101058_failureRate": 5e-05,
    "101059_mass": [
        9,
        "kg"
    ],
    "101066_failureRate": 4e-05,
    "101067_mass": [
        5,
        "kg"
    ],
    "101074_failureRate": 4e-05,
    "101075_mass": [
        5,
        "kg"
    ],
    "101082_failureRate": 2e-05,
    "101083_mass": [
        10,
        "kg"
    ],
    "101089_failureRate": 0.0001,
    "101090_mass": [
        9.5,
        "kg"
    ],
    "101096_failureRate": 0.0001,
    "101097_mass": [
        9.5,
        "kg"
    ],
    "101103_failureRate": 0.0001,
    "101104_mass": [
        9.5,
        "kg"
    ]
}