{
    "175465_mass": [
        29,
        "kg"
    ],
    "175466_failureRate": 0.00015001799634014397,
    "175467_logFailureRate": -3.8238566393282576,
    "175473_failureRate": 0.00015,
    "175474_mass": [
        3,
        "kg"
    ],
    "175481_failureRate": 0.0001,
    "175482_mass": [
        3,
        "kg"
    ],
    "175489_failureRate": 2e-05,
    "175490_mass": [
        10,
        "kg"
    ],
    "175496_failureRate": 8e-05,
    "175497_mass": [
        3.5,
        "kg"
    ],
    "175503_failureRate": 0.0001,
    "175504_mass": [
        9.5,
        "kg"
    ]
}