{
    "2302_mass": [
        48.5,
        "kg"
    ],
    "2303_failureRate": 8.103640003967604e-09,
    "2304_logFailureRate": -8.091319860313503,
    "2310_failureRate": 5e-05,
    "2311_mass": [
        9,
        "kg"
    ],
    "2317_failureRate": 5e-05,
    "2318_mass": [
        9,
        "kg"
    ],
    "2325_failureRate": 4e-05,
    "2326_mass": [
        5,
        "kg"
    ],
    "2333_failureRate": 4e-05,
    "2334_mass": [
        5,
        "kg"
    ],
    "2340_failureRate": 0.0002,
    "2341_mass": [
        5.5,
        "kg"
    ],
    "2347_failureRate": 0.0002,
    "2348_mass": [
        5.5,
        "kg"
    ],
    "2354_failureRate": 0.0001,
    "2355_mass": [
        9.5,
        "kg"
    ]
}