{
    "61074_mass": [
        23,
        "kg"
    ],
    "61075_failureRate": 2.0028899421856002e-05,
    "61076_logFailureRate": -4.698342914318348,
    "61082_failureRate": 0.00015,
    "61083_mass": [
        3,
        "kg"
    ],
    "61089_failureRate": 0.00015,
    "61090_mass": [
        3,
        "kg"
    ],
    "61097_failureRate": 2e-05,
    "61098_mass": [
        10,
        "kg"
    ],
    "61104_failureRate": 8e-05,
    "61105_mass": [
        3.5,
        "kg"
    ],
    "61111_failureRate": 8e-05,
    "61112_mass": [
        3.5,
        "kg"
    ]
}