{
    "175551_mass": [
        39,
        "kg"
    ],
    "175552_failureRate": 6.4094600116e-08,
    "175553_logFailureRate": -7.193178557666967,
    "175559_failureRate": 5e-05,
    "175560_mass": [
        9,
        "kg"
    ],
    "175566_failureRate": 5e-05,
    "175567_mass": [
        9,
        "kg"
    ],
    "175574_failureRate": 4e-05,
    "175575_mass": [
        5,
        "kg"
    ],
    "175582_failureRate": 4e-05,
    "175583_mass": [
        5,
        "kg"
    ],
    "175589_failureRate": 0.0002,
    "175590_mass": [
        5.5,
        "kg"
    ],
    "175596_failureRate": 0.0002,
    "175597_mass": [
        5.5,
        "kg"
    ]
}