{
    "174323_mass": [
        63.5,
        "kg"
    ],
    "174324_failureRate": 1.8931378234343572e-12,
    "174325_logFailureRate": -11.722817767558569,
    "174331_failureRate": 0.00015,
    "174332_mass": [
        3,
        "kg"
    ],
    "174338_failureRate": 5e-05,
    "174339_mass": [
        9,
        "kg"
    ],
    "174345_failureRate": 5e-05,
    "174346_mass": [
        9,
        "kg"
    ],
    "174353_failureRate": 2e-05,
    "174354_mass": [
        10,
        "kg"
    ],
    "174361_failureRate": 2e-05,
    "174362_mass": [
        10,
        "kg"
    ],
    "174369_failureRate": 2e-05,
    "174370_mass": [
        10,
        "kg"
    ],
    "174376_failureRate": 8e-05,
    "174377_mass": [
        3.5,
        "kg"
    ],
    "174383_failureRate": 8e-05,
    "174384_mass": [
        3.5,
        "kg"
    ],
    "174390_failureRate": 0.0002,
    "174391_mass": [
        5.5,
        "kg"
    ]
}