{
    "153721_mass": [
        25,
        "kg"
    ],
    "153722_failureRate": 4.2397569739018e-08,
    "153723_logFailureRate": -7.372659036784226,
    "153729_failureRate": 0.00015,
    "153730_mass": [
        3,
        "kg"
    ],
    "153736_failureRate": 0.00015,
    "153737_mass": [
        3,
        "kg"
    ],
    "153743_failureRate": 0.0001,
    "153744_mass": [
        6,
        "kg"
    ],
    "153751_failureRate": 0.0001,
    "153752_mass": [
        3,
        "kg"
    ],
    "153759_failureRate": 0.0001,
    "153760_mass": [
        3,
        "kg"
    ],
    "153766_failureRate": 8e-05,
    "153767_mass": [
        3.5,
        "kg"
    ],
    "153773_failureRate": 8e-05,
    "153774_mass": [
        3.5,
        "kg"
    ]
}