{
    "78521_mass": [
        12.5,
        "kg"
    ],
    "78522_failureRate": 0.00027997400080000004,
    "78523_logFailureRate": -3.552882296634029,
    "78529_failureRate": 0.0001,
    "78530_mass": [
        6,
        "kg"
    ],
    "78537_failureRate": 0.0001,
    "78538_mass": [
        3,
        "kg"
    ],
    "78544_failureRate": 8e-05,
    "78545_mass": [
        3.5,
        "kg"
    ]
}