{
    "157975_mass": [
        35.5,
        "kg"
    ],
    "157976_failureRate": 0.00015002000519793012,
    "157977_logFailureRate": -3.823850823825908,
    "157983_failureRate": 0.00015,
    "157984_mass": [
        3,
        "kg"
    ],
    "157991_failureRate": 0.0001,
    "157992_mass": [
        3,
        "kg"
    ],
    "157999_failureRate": 0.0001,
    "158000_mass": [
        3,
        "kg"
    ],
    "158007_failureRate": 2e-05,
    "158008_mass": [
        10,
        "kg"
    ],
    "158014_failureRate": 0.0002,
    "158015_mass": [
        5.5,
        "kg"
    ],
    "158021_failureRate": 0.0002,
    "158022_mass": [
        5.5,
        "kg"
    ],
    "158028_failureRate": 0.0002,
    "158029_mass": [
        5.5,
        "kg"
    ]
}