{
    "137392_mass": [
        39,
        "kg"
    ],
    "137393_failureRate": 9.398630058999802e-08,
    "137394_logFailureRate": -7.026935444397666,
    "137400_failureRate": 0.0001,
    "137401_mass": [
        6,
        "kg"
    ],
    "137407_failureRate": 5e-05,
    "137408_mass": [
        9,
        "kg"
    ],
    "137415_failureRate": 0.0001,
    "137416_mass": [
        3,
        "kg"
    ],
    "137423_failureRate": 2e-05,
    "137424_mass": [
        10,
        "kg"
    ],
    "137430_failureRate": 0.0002,
    "137431_mass": [
        5.5,
        "kg"
    ],
    "137437_failureRate": 0.0002,
    "137438_mass": [
        5.5,
        "kg"
    ]
}