{
    "3833_mass": [
        32,
        "kg"
    ],
    "3834_failureRate": 7.0006999440008e-05,
    "3835_logFailureRate": -4.154858536182839,
    "3841_failureRate": 5e-05,
    "3842_mass": [
        9,
        "kg"
    ],
    "3849_failureRate": 2e-05,
    "3850_mass": [
        10,
        "kg"
    ],
    "3856_failureRate": 8e-05,
    "3857_mass": [
        3.5,
        "kg"
    ],
    "3863_failureRate": 0.0001,
    "3864_mass": [
        9.5,
        "kg"
    ]
}