{
    "174205_mass": [
        58.5,
        "kg"
    ],
    "174206_failureRate": 5.002375087466249e-09,
    "174207_logFailureRate": -8.3008237471698,
    "174213_failureRate": 0.00015,
    "174214_mass": [
        3,
        "kg"
    ],
    "174220_failureRate": 5e-05,
    "174221_mass": [
        9,
        "kg"
    ],
    "174227_failureRate": 5e-05,
    "174228_mass": [
        9,
        "kg"
    ],
    "174235_failureRate": 0.0001,
    "174236_mass": [
        3,
        "kg"
    ],
    "174243_failureRate": 0.0001,
    "174244_mass": [
        3,
        "kg"
    ],
    "174251_failureRate": 0.0001,
    "174252_mass": [
        3,
        "kg"
    ],
    "174258_failureRate": 0.0001,
    "174259_mass": [
        9.5,
        "kg"
    ],
    "174265_failureRate": 0.0001,
    "174266_mass": [
        9.5,
        "kg"
    ],
    "174272_failureRate": 0.0001,
    "174273_mass": [
        9.5,
        "kg"
    ]
}