{
    "40050_mass": [
        16.5,
        "kg"
    ],
    "40051_failureRate": 0.00024998340024,
    "40052_logFailureRate": -3.6020888290220463,
    "40058_failureRate": 0.00015,
    "40059_mass": [
        3,
        "kg"
    ],
    "40066_failureRate": 2e-05,
    "40067_mass": [
        10,
        "kg"
    ],
    "40073_failureRate": 8e-05,
    "40074_mass": [
        3.5,
        "kg"
    ]
}