{
    "2683_mass": [
        39.5,
        "kg"
    ],
    "2684_failureRate": 4.000250789967999e-05,
    "2685_logFailureRate": -4.397912780350798,
    "2691_failureRate": 5e-05,
    "2692_mass": [
        9,
        "kg"
    ],
    "2698_failureRate": 5e-05,
    "2699_mass": [
        9,
        "kg"
    ],
    "2706_failureRate": 4e-05,
    "2707_mass": [
        5,
        "kg"
    ],
    "2713_failureRate": 0.0002,
    "2714_mass": [
        5.5,
        "kg"
    ],
    "2720_failureRate": 0.0002,
    "2721_mass": [
        5.5,
        "kg"
    ],
    "2727_failureRate": 0.0002,
    "2728_mass": [
        5.5,
        "kg"
    ]
}