{
    "157242_mass": [
        58.5,
        "kg"
    ],
    "157243_failureRate": 7.499298805118402e-12,
    "157244_logFailureRate": -11.124979341848851,
    "157250_failureRate": 0.0001,
    "157251_mass": [
        6,
        "kg"
    ],
    "157257_failureRate": 0.0001,
    "157258_mass": [
        6,
        "kg"
    ],
    "157264_failureRate": 5e-05,
    "157265_mass": [
        9,
        "kg"
    ],
    "157272_failureRate": 0.0001,
    "157273_mass": [
        3,
        "kg"
    ],
    "157280_failureRate": 2e-05,
    "157281_mass": [
        10,
        "kg"
    ],
    "157288_failureRate": 2e-05,
    "157289_mass": [
        10,
        "kg"
    ],
    "157295_failureRate": 8e-05,
    "157296_mass": [
        3.5,
        "kg"
    ],
    "157302_failureRate": 0.0002,
    "157303_mass": [
        5.5,
        "kg"
    ],
    "157309_failureRate": 0.0002,
    "157310_mass": [
        5.5,
        "kg"
    ]
}