{
    "23635_mass": [
        23,
        "kg"
    ],
    "23636_failureRate": 0.00012000439923201282,
    "23637_logFailureRate": -3.920802832892644,
    "23643_failureRate": 0.0001,
    "23644_mass": [
        6,
        "kg"
    ],
    "23651_failureRate": 2e-05,
    "23652_mass": [
        10,
        "kg"
    ],
    "23658_failureRate": 8e-05,
    "23659_mass": [
        3.5,
        "kg"
    ],
    "23665_failureRate": 8e-05,
    "23666_mass": [
        3.5,
        "kg"
    ]
}