{
    "158294_mass": [
        19.5,
        "kg"
    ],
    "158295_failureRate": 8.00300964520912e-05,
    "158296_logFailureRate": -4.096746659694999,
    "158302_failureRate": 0.00015,
    "158303_mass": [
        3,
        "kg"
    ],
    "158309_failureRate": 0.00015,
    "158310_mass": [
        3,
        "kg"
    ],
    "158317_failureRate": 4e-05,
    "158318_mass": [
        5,
        "kg"
    ],
    "158325_failureRate": 4e-05,
    "158326_mass": [
        5,
        "kg"
    ],
    "158332_failureRate": 8e-05,
    "158333_mass": [
        3.5,
        "kg"
    ]
}