{
    "22657_mass": [
        46.5,
        "kg"
    ],
    "22658_failureRate": 3.000199910006e-08,
    "22659_logFailureRate": -7.522849806307031,
    "22665_failureRate": 0.0001,
    "22666_mass": [
        6,
        "kg"
    ],
    "22672_failureRate": 0.0001,
    "22673_mass": [
        6,
        "kg"
    ],
    "22680_failureRate": 0.0001,
    "22681_mass": [
        3,
        "kg"
    ],
    "22688_failureRate": 0.0001,
    "22689_mass": [
        3,
        "kg"
    ],
    "22695_failureRate": 0.0001,
    "22696_mass": [
        9.5,
        "kg"
    ],
    "22702_failureRate": 0.0001,
    "22703_mass": [
        9.5,
        "kg"
    ],
    "22709_failureRate": 0.0001,
    "22710_mass": [
        9.5,
        "kg"
    ]
}