{
    "136005_mass": [
        33,
        "kg"
    ],
    "136006_failureRate": 1.0348001133518267e-07,
    "136007_logFailureRate": -6.985143532382948,
    "136013_failureRate": 0.00015,
    "136014_mass": [
        3,
        "kg"
    ],
    "136020_failureRate": 0.00015,
    "136021_mass": [
        3,
        "kg"
    ],
    "136028_failureRate": 0.0001,
    "136029_mass": [
        3,
        "kg"
    ],
    "136036_failureRate": 4e-05,
    "136037_mass": [
        5,
        "kg"
    ],
    "136044_failureRate": 2e-05,
    "136045_mass": [
        10,
        "kg"
    ],
    "136051_failureRate": 8e-05,
    "136052_mass": [
        3.5,
        "kg"
    ],
    "136058_failureRate": 0.0002,
    "136059_mass": [
        5.5,
        "kg"
    ]
}