{
    "140347_mass": [
        21.5,
        "kg"
    ],
    "140348_failureRate": 0.00034997199930006005,
    "140349_logFailureRate": -3.455966701466677,
    "140355_failureRate": 0.00015,
    "140356_mass": [
        3,
        "kg"
    ],
    "140363_failureRate": 0.0001,
    "140364_mass": [
        3,
        "kg"
    ],
    "140371_failureRate": 2e-05,
    "140372_mass": [
        10,
        "kg"
    ],
    "140378_failureRate": 0.0002,
    "140379_mass": [
        5.5,
        "kg"
    ]
}