{
    "176881_mass": [
        14.5,
        "kg"
    ],
    "176882_failureRate": 0.0003499799965003,
    "176883_logFailureRate": -3.4559567775291615,
    "176889_failureRate": 0.00015,
    "176890_mass": [
        3,
        "kg"
    ],
    "176897_failureRate": 0.0001,
    "176898_mass": [
        3,
        "kg"
    ],
    "176905_failureRate": 0.0001,
    "176906_mass": [
        3,
        "kg"
    ],
    "176912_failureRate": 0.0002,
    "176913_mass": [
        5.5,
        "kg"
    ]
}