{
    "120494_mass": [
        55.5,
        "kg"
    ],
    "120495_failureRate": 1.4996900239992002e-11,
    "120496_logFailureRate": -10.823998497463206,
    "120502_failureRate": 0.0001,
    "120503_mass": [
        6,
        "kg"
    ],
    "120509_failureRate": 0.0001,
    "120510_mass": [
        6,
        "kg"
    ],
    "120516_failureRate": 0.0001,
    "120517_mass": [
        6,
        "kg"
    ],
    "120524_failureRate": 0.0001,
    "120525_mass": [
        3,
        "kg"
    ],
    "120532_failureRate": 0.0001,
    "120533_mass": [
        3,
        "kg"
    ],
    "120540_failureRate": 0.0001,
    "120541_mass": [
        3,
        "kg"
    ],
    "120547_failureRate": 0.0001,
    "120548_mass": [
        9.5,
        "kg"
    ],
    "120554_failureRate": 0.0001,
    "120555_mass": [
        9.5,
        "kg"
    ],
    "120561_failureRate": 0.0001,
    "120562_mass": [
        9.5,
        "kg"
    ]
}