{
    "43063_mass": [
        70.5,
        "kg"
    ],
    "43064_failureRate": 1.7499727937601522e-08,
    "43065_logFailureRate": -7.756968703091811,
    "43071_failureRate": 0.00015,
    "43072_mass": [
        3,
        "kg"
    ],
    "43078_failureRate": 5e-05,
    "43079_mass": [
        9,
        "kg"
    ],
    "43086_failureRate": 2e-05,
    "43087_mass": [
        10,
        "kg"
    ],
    "43094_failureRate": 2e-05,
    "43095_mass": [
        10,
        "kg"
    ],
    "43102_failureRate": 2e-05,
    "43103_mass": [
        10,
        "kg"
    ],
    "43109_failureRate": 0.0001,
    "43110_mass": [
        9.5,
        "kg"
    ],
    "43116_failureRate": 0.0001,
    "43117_mass": [
        9.5,
        "kg"
    ],
    "43123_failureRate": 0.0001,
    "43124_mass": [
        9.5,
        "kg"
    ]
}