{
    "176506_mass": [
        37.5,
        "kg"
    ],
    "176507_failureRate": 1.50010268153032e-08,
    "176508_logFailureRate": -7.8238790126138165,
    "176514_failureRate": 0.00015,
    "176515_mass": [
        3,
        "kg"
    ],
    "176521_failureRate": 5e-05,
    "176522_mass": [
        9,
        "kg"
    ],
    "176528_failureRate": 5e-05,
    "176529_mass": [
        9,
        "kg"
    ],
    "176536_failureRate": 0.0001,
    "176537_mass": [
        3,
        "kg"
    ],
    "176544_failureRate": 0.0001,
    "176545_mass": [
        3,
        "kg"
    ],
    "176551_failureRate": 8e-05,
    "176552_mass": [
        3.5,
        "kg"
    ],
    "176558_failureRate": 8e-05,
    "176559_mass": [
        3.5,
        "kg"
    ],
    "176565_failureRate": 8e-05,
    "176566_mass": [
        3.5,
        "kg"
    ]
}