{
    "157888_mass": [
        27.5,
        "kg"
    ],
    "157889_failureRate": 0.00010003249450022501,
    "157890_logFailureRate": -3.9998589011020504,
    "157896_failureRate": 0.00015,
    "157897_mass": [
        3,
        "kg"
    ],
    "157903_failureRate": 5e-05,
    "157904_mass": [
        9,
        "kg"
    ],
    "157911_failureRate": 0.0001,
    "157912_mass": [
        3,
        "kg"
    ],
    "157919_failureRate": 0.0001,
    "157920_mass": [
        3,
        "kg"
    ],
    "157926_failureRate": 0.0001,
    "157927_mass": [
        9.5,
        "kg"
    ]
}