{
    "120910_mass": [
        41.5,
        "kg"
    ],
    "120911_failureRate": 8.000389961800562e-05,
    "120912_logFailureRate": -4.096888843741735,
    "120918_failureRate": 5e-05,
    "120919_mass": [
        9,
        "kg"
    ],
    "120925_failureRate": 5e-05,
    "120926_mass": [
        9,
        "kg"
    ],
    "120933_failureRate": 2e-05,
    "120934_mass": [
        10,
        "kg"
    ],
    "120941_failureRate": 2e-05,
    "120942_mass": [
        10,
        "kg"
    ],
    "120948_failureRate": 8e-05,
    "120949_mass": [
        3.5,
        "kg"
    ]
}