{
    "22366_mass": [
        26.5,
        "kg"
    ],
    "22367_failureRate": 0.00019999000039992002,
    "22368_logFailureRate": -3.6989917187345416,
    "22374_failureRate": 0.0001,
    "22375_mass": [
        6,
        "kg"
    ],
    "22382_failureRate": 0.0001,
    "22383_mass": [
        3,
        "kg"
    ],
    "22390_failureRate": 0.0001,
    "22391_mass": [
        3,
        "kg"
    ],
    "22398_failureRate": 4e-05,
    "22399_mass": [
        5,
        "kg"
    ],
    "22405_failureRate": 0.0001,
    "22406_mass": [
        9.5,
        "kg"
    ]
}