{
    "81014_mass": [
        51,
        "kg"
    ],
    "81015_failureRate": 3.5997359988961636e-08,
    "81016_logFailureRate": -7.44372934879572,
    "81022_failureRate": 0.0001,
    "81023_mass": [
        6,
        "kg"
    ],
    "81029_failureRate": 0.0001,
    "81030_mass": [
        6,
        "kg"
    ],
    "81037_failureRate": 2e-05,
    "81038_mass": [
        10,
        "kg"
    ],
    "81045_failureRate": 2e-05,
    "81046_mass": [
        10,
        "kg"
    ],
    "81053_failureRate": 2e-05,
    "81054_mass": [
        10,
        "kg"
    ],
    "81060_failureRate": 8e-05,
    "81061_mass": [
        3.5,
        "kg"
    ],
    "81067_failureRate": 0.0002,
    "81068_mass": [
        5.5,
        "kg"
    ]
}