{
    "4361_mass": [
        31.5,
        "kg"
    ],
    "4362_failureRate": 0.00010000002099470045,
    "4363_logFailureRate": -3.999999908821184,
    "4369_failureRate": 0.0001,
    "4370_mass": [
        6,
        "kg"
    ],
    "4377_failureRate": 0.0001,
    "4378_mass": [
        3,
        "kg"
    ],
    "4385_failureRate": 0.0001,
    "4386_mass": [
        3,
        "kg"
    ],
    "4393_failureRate": 0.0001,
    "4394_mass": [
        3,
        "kg"
    ],
    "4400_failureRate": 0.0002,
    "4401_mass": [
        5.5,
        "kg"
    ],
    "4407_failureRate": 0.0002,
    "4408_mass": [
        5.5,
        "kg"
    ],
    "4414_failureRate": 0.0002,
    "4415_mass": [
        5.5,
        "kg"
    ]
}