{
    "101693_mass": [
        25.5,
        "kg"
    ],
    "101694_failureRate": 2.5003026451309597e-08,
    "101695_logFailureRate": -7.60200741966587,
    "101701_failureRate": 0.00015,
    "101702_mass": [
        3,
        "kg"
    ],
    "101708_failureRate": 0.00015,
    "101709_mass": [
        3,
        "kg"
    ],
    "101715_failureRate": 0.00015,
    "101716_mass": [
        3,
        "kg"
    ],
    "101723_failureRate": 0.0001,
    "101724_mass": [
        3,
        "kg"
    ],
    "101731_failureRate": 0.0001,
    "101732_mass": [
        3,
        "kg"
    ],
    "101738_failureRate": 8e-05,
    "101739_mass": [
        3.5,
        "kg"
    ],
    "101745_failureRate": 8e-05,
    "101746_mass": [
        3.5,
        "kg"
    ],
    "101752_failureRate": 8e-05,
    "101753_mass": [
        3.5,
        "kg"
    ]
}