{
    "40730_mass": [
        65.5,
        "kg"
    ],
    "40731_failureRate": 1.4026648063034003e-09,
    "40732_logFailureRate": -8.853046099581135,
    "40738_failureRate": 5e-05,
    "40739_mass": [
        9,
        "kg"
    ],
    "40745_failureRate": 5e-05,
    "40746_mass": [
        9,
        "kg"
    ],
    "40752_failureRate": 5e-05,
    "40753_mass": [
        9,
        "kg"
    ],
    "40760_failureRate": 2e-05,
    "40761_mass": [
        10,
        "kg"
    ],
    "40768_failureRate": 2e-05,
    "40769_mass": [
        10,
        "kg"
    ],
    "40775_failureRate": 8e-05,
    "40776_mass": [
        3.5,
        "kg"
    ],
    "40782_failureRate": 0.0002,
    "40783_mass": [
        5.5,
        "kg"
    ],
    "40789_failureRate": 0.0001,
    "40790_mass": [
        9.5,
        "kg"
    ]
}