{
    "118200_mass": [
        60.5,
        "kg"
    ],
    "118201_failureRate": 1.4002471622402643e-08,
    "118202_logFailureRate": -7.853795298805369,
    "118208_failureRate": 0.0001,
    "118209_mass": [
        6,
        "kg"
    ],
    "118215_failureRate": 0.0001,
    "118216_mass": [
        6,
        "kg"
    ],
    "118223_failureRate": 4e-05,
    "118224_mass": [
        5,
        "kg"
    ],
    "118231_failureRate": 4e-05,
    "118232_mass": [
        5,
        "kg"
    ],
    "118239_failureRate": 2e-05,
    "118240_mass": [
        10,
        "kg"
    ],
    "118246_failureRate": 0.0001,
    "118247_mass": [
        9.5,
        "kg"
    ],
    "118253_failureRate": 0.0001,
    "118254_mass": [
        9.5,
        "kg"
    ],
    "118260_failureRate": 0.0001,
    "118261_mass": [
        9.5,
        "kg"
    ]
}