{
    "61902_mass": [
        40.5,
        "kg"
    ],
    "61903_failureRate": 2.000750144996799e-05,
    "61904_logFailureRate": -4.698807142960153,
    "61910_failureRate": 0.00015,
    "61911_mass": [
        3,
        "kg"
    ],
    "61917_failureRate": 5e-05,
    "61918_mass": [
        9,
        "kg"
    ],
    "61925_failureRate": 2e-05,
    "61926_mass": [
        10,
        "kg"
    ],
    "61932_failureRate": 8e-05,
    "61933_mass": [
        3.5,
        "kg"
    ],
    "61939_failureRate": 0.0002,
    "61940_mass": [
        5.5,
        "kg"
    ],
    "61946_failureRate": 0.0001,
    "61947_mass": [
        9.5,
        "kg"
    ]
}