{
    "81854_mass": [
        21.5,
        "kg"
    ],
    "81855_failureRate": 0.0002499800005,
    "81856_logFailureRate": -3.6020947354076727,
    "81862_failureRate": 5e-05,
    "81863_mass": [
        9,
        "kg"
    ],
    "81870_failureRate": 0.0001,
    "81871_mass": [
        3,
        "kg"
    ],
    "81877_failureRate": 0.0001,
    "81878_mass": [
        9.5,
        "kg"
    ]
}