{
    "139280_mass": [
        45.5,
        "kg"
    ],
    "139281_failureRate": 5.0000400907922246e-05,
    "139282_logFailureRate": -4.301026513435974,
    "139288_failureRate": 5e-05,
    "139289_mass": [
        9,
        "kg"
    ],
    "139296_failureRate": 2e-05,
    "139297_mass": [
        10,
        "kg"
    ],
    "139304_failureRate": 2e-05,
    "139305_mass": [
        10,
        "kg"
    ],
    "139311_failureRate": 8e-05,
    "139312_mass": [
        3.5,
        "kg"
    ],
    "139318_failureRate": 8e-05,
    "139319_mass": [
        3.5,
        "kg"
    ],
    "139325_failureRate": 0.0001,
    "139326_mass": [
        9.5,
        "kg"
    ]
}