{
    "175174_mass": [
        45.5,
        "kg"
    ],
    "175175_failureRate": 4.008024577393758e-09,
    "175176_logFailureRate": -8.397069624018615,
    "175182_failureRate": 0.00015,
    "175183_mass": [
        3,
        "kg"
    ],
    "175189_failureRate": 0.00015,
    "175190_mass": [
        3,
        "kg"
    ],
    "175196_failureRate": 0.00015,
    "175197_mass": [
        3,
        "kg"
    ],
    "175204_failureRate": 0.0001,
    "175205_mass": [
        3,
        "kg"
    ],
    "175212_failureRate": 4e-05,
    "175213_mass": [
        5,
        "kg"
    ],
    "175219_failureRate": 0.0001,
    "175220_mass": [
        9.5,
        "kg"
    ],
    "175226_failureRate": 0.0001,
    "175227_mass": [
        9.5,
        "kg"
    ],
    "175233_failureRate": 0.0001,
    "175234_mass": [
        9.5,
        "kg"
    ]
}