{
    "118831_mass": [
        26.5,
        "kg"
    ],
    "118832_failureRate": 0.00020002629417011398,
    "118833_logFailureRate": -3.698912911024056,
    "118839_failureRate": 0.00015,
    "118840_mass": [
        3,
        "kg"
    ],
    "118846_failureRate": 0.00015,
    "118847_mass": [
        3,
        "kg"
    ],
    "118854_failureRate": 4e-05,
    "118855_mass": [
        5,
        "kg"
    ],
    "118862_failureRate": 2e-05,
    "118863_mass": [
        10,
        "kg"
    ],
    "118869_failureRate": 0.0002,
    "118870_mass": [
        5.5,
        "kg"
    ]
}