{
    "42036_mass": [
        34.5,
        "kg"
    ],
    "42037_failureRate": 2.1623112272503006e-11,
    "42038_logFailureRate": -10.665081796714958,
    "42044_failureRate": 0.00015,
    "42045_mass": [
        3,
        "kg"
    ],
    "42051_failureRate": 0.00015,
    "42052_mass": [
        3,
        "kg"
    ],
    "42058_failureRate": 0.00015,
    "42059_mass": [
        3,
        "kg"
    ],
    "42066_failureRate": 0.0001,
    "42067_mass": [
        3,
        "kg"
    ],
    "42074_failureRate": 0.0001,
    "42075_mass": [
        3,
        "kg"
    ],
    "42082_failureRate": 0.0001,
    "42083_mass": [
        3,
        "kg"
    ],
    "42089_failureRate": 0.0002,
    "42090_mass": [
        5.5,
        "kg"
    ],
    "42096_failureRate": 0.0002,
    "42097_mass": [
        5.5,
        "kg"
    ],
    "42103_failureRate": 0.0002,
    "42104_mass": [
        5.5,
        "kg"
    ]
}