{
    "40411_mass": [
        77.5,
        "kg"
    ],
    "40412_failureRate": 6.7424843107199185e-12,
    "40413_logFailureRate": -11.171180055446179,
    "40419_failureRate": 5e-05,
    "40420_mass": [
        9,
        "kg"
    ],
    "40426_failureRate": 5e-05,
    "40427_mass": [
        9,
        "kg"
    ],
    "40433_failureRate": 5e-05,
    "40434_mass": [
        9,
        "kg"
    ],
    "40441_failureRate": 2e-05,
    "40442_mass": [
        10,
        "kg"
    ],
    "40449_failureRate": 2e-05,
    "40450_mass": [
        10,
        "kg"
    ],
    "40457_failureRate": 2e-05,
    "40458_mass": [
        10,
        "kg"
    ],
    "40464_failureRate": 0.0002,
    "40465_mass": [
        5.5,
        "kg"
    ],
    "40471_failureRate": 0.0002,
    "40472_mass": [
        5.5,
        "kg"
    ],
    "40478_failureRate": 0.0001,
    "40479_mass": [
        9.5,
        "kg"
    ]
}