{
    "60536_mass": [
        57.5,
        "kg"
    ],
    "60537_failureRate": 7.50183775480832e-09,
    "60538_logFailureRate": -8.12483233274107,
    "60544_failureRate": 5e-05,
    "60545_mass": [
        9,
        "kg"
    ],
    "60551_failureRate": 5e-05,
    "60552_mass": [
        9,
        "kg"
    ],
    "60559_failureRate": 0.0001,
    "60560_mass": [
        3,
        "kg"
    ],
    "60567_failureRate": 2e-05,
    "60568_mass": [
        10,
        "kg"
    ],
    "60575_failureRate": 2e-05,
    "60576_mass": [
        10,
        "kg"
    ],
    "60582_failureRate": 8e-05,
    "60583_mass": [
        3.5,
        "kg"
    ],
    "60589_failureRate": 8e-05,
    "60590_mass": [
        3.5,
        "kg"
    ],
    "60596_failureRate": 0.0001,
    "60597_mass": [
        9.5,
        "kg"
    ]
}