{
    "117974_mass": [
        58.5,
        "kg"
    ],
    "117975_failureRate": 3.118005195994004e-12,
    "117976_logFailureRate": -11.506123165417335,
    "117982_failureRate": 0.00015,
    "117983_mass": [
        3,
        "kg"
    ],
    "117989_failureRate": 0.00015,
    "117990_mass": [
        3,
        "kg"
    ],
    "117996_failureRate": 0.0001,
    "117997_mass": [
        6,
        "kg"
    ],
    "118004_failureRate": 2e-05,
    "118005_mass": [
        10,
        "kg"
    ],
    "118012_failureRate": 2e-05,
    "118013_mass": [
        10,
        "kg"
    ],
    "118020_failureRate": 2e-05,
    "118021_mass": [
        10,
        "kg"
    ],
    "118027_failureRate": 8e-05,
    "118028_mass": [
        3.5,
        "kg"
    ],
    "118034_failureRate": 8e-05,
    "118035_mass": [
        3.5,
        "kg"
    ],
    "118041_failureRate": 0.0001,
    "118042_mass": [
        9.5,
        "kg"
    ]
}