{
    "173276_mass": [
        45.5,
        "kg"
    ],
    "173277_failureRate": 5.355383924840748e-12,
    "173278_logFailureRate": -11.27120938935817,
    "173284_failureRate": 0.00015,
    "173285_mass": [
        3,
        "kg"
    ],
    "173291_failureRate": 0.00015,
    "173292_mass": [
        3,
        "kg"
    ],
    "173298_failureRate": 0.00015,
    "173299_mass": [
        3,
        "kg"
    ],
    "173306_failureRate": 0.0001,
    "173307_mass": [
        3,
        "kg"
    ],
    "173314_failureRate": 4e-05,
    "173315_mass": [
        5,
        "kg"
    ],
    "173322_failureRate": 2e-05,
    "173323_mass": [
        10,
        "kg"
    ],
    "173329_failureRate": 8e-05,
    "173330_mass": [
        3.5,
        "kg"
    ],
    "173336_failureRate": 0.0002,
    "173337_mass": [
        5.5,
        "kg"
    ],
    "173343_failureRate": 0.0001,
    "173344_mass": [
        9.5,
        "kg"
    ]
}