{
    "78213_mass": [
        39.5,
        "kg"
    ],
    "78214_failureRate": 1.3502131706881792e-08,
    "78215_logFailureRate": -7.86959765999014,
    "78221_failureRate": 0.00015,
    "78222_mass": [
        3,
        "kg"
    ],
    "78228_failureRate": 5e-05,
    "78229_mass": [
        9,
        "kg"
    ],
    "78236_failureRate": 4e-05,
    "78237_mass": [
        5,
        "kg"
    ],
    "78244_failureRate": 4e-05,
    "78245_mass": [
        5,
        "kg"
    ],
    "78252_failureRate": 4e-05,
    "78253_mass": [
        5,
        "kg"
    ],
    "78259_failureRate": 8e-05,
    "78260_mass": [
        3.5,
        "kg"
    ],
    "78266_failureRate": 8e-05,
    "78267_mass": [
        3.5,
        "kg"
    ],
    "78273_failureRate": 0.0002,
    "78274_mass": [
        5.5,
        "kg"
    ]
}