{
    "176963_mass": [
        52.5,
        "kg"
    ],
    "176964_failureRate": 5.222281057856481e-12,
    "176965_logFailureRate": -11.282139758596665,
    "176971_failureRate": 0.00015,
    "176972_mass": [
        3,
        "kg"
    ],
    "176978_failureRate": 0.0001,
    "176979_mass": [
        6,
        "kg"
    ],
    "176985_failureRate": 5e-05,
    "176986_mass": [
        9,
        "kg"
    ],
    "176993_failureRate": 4e-05,
    "176994_mass": [
        5,
        "kg"
    ],
    "177001_failureRate": 4e-05,
    "177002_mass": [
        5,
        "kg"
    ],
    "177009_failureRate": 2e-05,
    "177010_mass": [
        10,
        "kg"
    ],
    "177016_failureRate": 8e-05,
    "177017_mass": [
        3.5,
        "kg"
    ],
    "177023_failureRate": 0.0002,
    "177024_mass": [
        5.5,
        "kg"
    ],
    "177030_failureRate": 0.0002,
    "177031_mass": [
        5.5,
        "kg"
    ]
}