{
    "119958_mass": [
        27.5,
        "kg"
    ],
    "119959_failureRate": 8.00000045784891e-05,
    "119960_logFailureRate": -4.0969099881529,
    "119966_failureRate": 0.00015,
    "119967_mass": [
        3,
        "kg"
    ],
    "119973_failureRate": 0.00015,
    "119974_mass": [
        3,
        "kg"
    ],
    "119980_failureRate": 0.00015,
    "119981_mass": [
        3,
        "kg"
    ],
    "119988_failureRate": 4e-05,
    "119989_mass": [
        5,
        "kg"
    ],
    "119996_failureRate": 4e-05,
    "119997_mass": [
        5,
        "kg"
    ],
    "120004_failureRate": 4e-05,
    "120005_mass": [
        5,
        "kg"
    ],
    "120011_failureRate": 8e-05,
    "120012_mass": [
        3.5,
        "kg"
    ]
}