{
    "78594_mass": [
        61.5,
        "kg"
    ],
    "78595_failureRate": 3.405114776502399e-09,
    "78596_logFailureRate": -8.467868244702286,
    "78602_failureRate": 0.00015,
    "78603_mass": [
        3,
        "kg"
    ],
    "78609_failureRate": 5e-05,
    "78610_mass": [
        9,
        "kg"
    ],
    "78616_failureRate": 5e-05,
    "78617_mass": [
        9,
        "kg"
    ],
    "78624_failureRate": 2e-05,
    "78625_mass": [
        10,
        "kg"
    ],
    "78632_failureRate": 2e-05,
    "78633_mass": [
        10,
        "kg"
    ],
    "78639_failureRate": 0.0002,
    "78640_mass": [
        5.5,
        "kg"
    ],
    "78646_failureRate": 0.0002,
    "78647_mass": [
        5.5,
        "kg"
    ],
    "78653_failureRate": 0.0001,
    "78654_mass": [
        9.5,
        "kg"
    ]
}