{
    "139485_mass": [
        59.5,
        "kg"
    ],
    "139486_failureRate": 1.7570846168922344e-12,
    "139487_logFailureRate": -11.755207323442384,
    "139493_failureRate": 5e-05,
    "139494_mass": [
        9,
        "kg"
    ],
    "139500_failureRate": 5e-05,
    "139501_mass": [
        9,
        "kg"
    ],
    "139507_failureRate": 5e-05,
    "139508_mass": [
        9,
        "kg"
    ],
    "139515_failureRate": 4e-05,
    "139516_mass": [
        5,
        "kg"
    ],
    "139523_failureRate": 4e-05,
    "139524_mass": [
        5,
        "kg"
    ],
    "139531_failureRate": 2e-05,
    "139532_mass": [
        10,
        "kg"
    ],
    "139538_failureRate": 8e-05,
    "139539_mass": [
        3.5,
        "kg"
    ],
    "139545_failureRate": 8e-05,
    "139546_mass": [
        3.5,
        "kg"
    ],
    "139552_failureRate": 0.0002,
    "139553_mass": [
        5.5,
        "kg"
    ]
}