{
    "937_mass": [
        25.5,
        "kg"
    ],
    "938_failureRate": 0.00020001499799968006,
    "939_logFailureRate": -3.698937437814582,
    "945_failureRate": 0.00015,
    "946_mass": [
        3,
        "kg"
    ],
    "952_failureRate": 0.0001,
    "953_mass": [
        6,
        "kg"
    ],
    "960_failureRate": 0.0001,
    "961_mass": [
        3,
        "kg"
    ],
    "968_failureRate": 0.0001,
    "969_mass": [
        3,
        "kg"
    ],
    "976_failureRate": 4e-05,
    "977_mass": [
        5,
        "kg"
    ],
    "983_failureRate": 0.0002,
    "984_mass": [
        5.5,
        "kg"
    ]
}