{
    "99911_mass": [
        18.5,
        "kg"
    ],
    "99912_failureRate": 8.004999050059e-05,
    "99913_logFailureRate": -4.096638715281741,
    "99919_failureRate": 0.00015,
    "99920_mass": [
        3,
        "kg"
    ],
    "99926_failureRate": 0.0001,
    "99927_mass": [
        6,
        "kg"
    ],
    "99934_failureRate": 0.0001,
    "99935_mass": [
        3,
        "kg"
    ],
    "99942_failureRate": 0.0001,
    "99943_mass": [
        3,
        "kg"
    ],
    "99949_failureRate": 8e-05,
    "99950_mass": [
        3.5,
        "kg"
    ]
}