{
    "2968_mass": [
        30.5,
        "kg"
    ],
    "2969_failureRate": 0.00019999000099980006,
    "2970_logFailureRate": -3.6989917174318534,
    "2976_failureRate": 0.0001,
    "2977_mass": [
        6,
        "kg"
    ],
    "2983_failureRate": 0.0001,
    "2984_mass": [
        6,
        "kg"
    ],
    "2990_failureRate": 0.0001,
    "2991_mass": [
        6,
        "kg"
    ],
    "2998_failureRate": 0.0001,
    "2999_mass": [
        3,
        "kg"
    ],
    "3005_failureRate": 0.0001,
    "3006_mass": [
        9.5,
        "kg"
    ]
}