{
    "1393_mass": [
        34.5,
        "kg"
    ],
    "1394_failureRate": 0.00010000859886002798,
    "1395_logFailureRate": -3.999962657230895,
    "1401_failureRate": 0.0001,
    "1402_mass": [
        6,
        "kg"
    ],
    "1408_failureRate": 5e-05,
    "1409_mass": [
        9,
        "kg"
    ],
    "1416_failureRate": 4e-05,
    "1417_mass": [
        5,
        "kg"
    ],
    "1424_failureRate": 4e-05,
    "1425_mass": [
        5,
        "kg"
    ],
    "1431_failureRate": 0.0001,
    "1432_mass": [
        9.5,
        "kg"
    ]
}