{
    "139600_mass": [
        47.5,
        "kg"
    ],
    "139601_failureRate": 0.00010001199959982,
    "139602_logFailureRate": -3.999947889526593,
    "139608_failureRate": 0.0001,
    "139609_mass": [
        6,
        "kg"
    ],
    "139616_failureRate": 0.0001,
    "139617_mass": [
        3,
        "kg"
    ],
    "139624_failureRate": 2e-05,
    "139625_mass": [
        10,
        "kg"
    ],
    "139631_failureRate": 0.0001,
    "139632_mass": [
        9.5,
        "kg"
    ],
    "139638_failureRate": 0.0001,
    "139639_mass": [
        9.5,
        "kg"
    ],
    "139645_failureRate": 0.0001,
    "139646_mass": [
        9.5,
        "kg"
    ]
}