{
    "155647_mass": [
        37.5,
        "kg"
    ],
    "155648_failureRate": 1.50050897828909e-08,
    "155649_logFailureRate": -7.823761401632169,
    "155655_failureRate": 0.00015,
    "155656_mass": [
        3,
        "kg"
    ],
    "155662_failureRate": 0.00015,
    "155663_mass": [
        3,
        "kg"
    ],
    "155669_failureRate": 0.0001,
    "155670_mass": [
        6,
        "kg"
    ],
    "155677_failureRate": 0.0001,
    "155678_mass": [
        3,
        "kg"
    ],
    "155685_failureRate": 0.0001,
    "155686_mass": [
        3,
        "kg"
    ],
    "155693_failureRate": 0.0001,
    "155694_mass": [
        3,
        "kg"
    ],
    "155700_failureRate": 8e-05,
    "155701_mass": [
        3.5,
        "kg"
    ],
    "155707_failureRate": 8e-05,
    "155708_mass": [
        3.5,
        "kg"
    ],
    "155714_failureRate": 0.0001,
    "155715_mass": [
        9.5,
        "kg"
    ]
}