{
    "119623_mass": [
        47.5,
        "kg"
    ],
    "119624_failureRate": 6.299740176394719e-12,
    "119625_logFailureRate": -11.200677362020222,
    "119631_failureRate": 0.00015,
    "119632_mass": [
        3,
        "kg"
    ],
    "119638_failureRate": 0.00015,
    "119639_mass": [
        3,
        "kg"
    ],
    "119645_failureRate": 0.0001,
    "119646_mass": [
        6,
        "kg"
    ],
    "119653_failureRate": 0.0001,
    "119654_mass": [
        3,
        "kg"
    ],
    "119661_failureRate": 2e-05,
    "119662_mass": [
        10,
        "kg"
    ],
    "119669_failureRate": 2e-05,
    "119670_mass": [
        10,
        "kg"
    ],
    "119676_failureRate": 8e-05,
    "119677_mass": [
        3.5,
        "kg"
    ],
    "119683_failureRate": 8e-05,
    "119684_mass": [
        3.5,
        "kg"
    ],
    "119690_failureRate": 0.0002,
    "119691_mass": [
        5.5,
        "kg"
    ]
}