{
    "39212_mass": [
        22,
        "kg"
    ],
    "39213_failureRate": 0.00019999799840008002,
    "39214_logFailureRate": -3.6989743507767696,
    "39220_failureRate": 0.0001,
    "39221_mass": [
        6,
        "kg"
    ],
    "39228_failureRate": 0.0001,
    "39229_mass": [
        3,
        "kg"
    ],
    "39235_failureRate": 8e-05,
    "39236_mass": [
        3.5,
        "kg"
    ],
    "39242_failureRate": 0.0001,
    "39243_mass": [
        9.5,
        "kg"
    ]
}