{
    "157131_mass": [
        44,
        "kg"
    ],
    "157132_failureRate": 5.9996799160078e-08,
    "157133_logFailureRate": -7.2218719186862925,
    "157139_failureRate": 0.0001,
    "157140_mass": [
        6,
        "kg"
    ],
    "157146_failureRate": 0.0001,
    "157147_mass": [
        6,
        "kg"
    ],
    "157153_failureRate": 0.0001,
    "157154_mass": [
        6,
        "kg"
    ],
    "157161_failureRate": 0.0001,
    "157162_mass": [
        3,
        "kg"
    ],
    "157169_failureRate": 0.0001,
    "157170_mass": [
        3,
        "kg"
    ],
    "157177_failureRate": 4e-05,
    "157178_mass": [
        5,
        "kg"
    ],
    "157184_failureRate": 0.0002,
    "157185_mass": [
        5.5,
        "kg"
    ],
    "157191_failureRate": 0.0001,
    "157192_mass": [
        9.5,
        "kg"
    ]
}