{
    "3652_mass": [
        54.5,
        "kg"
    ],
    "3653_failureRate": 1.4401487799032514e-08,
    "3654_logFailureRate": -7.841592639187198,
    "3660_failureRate": 0.0001,
    "3661_mass": [
        6,
        "kg"
    ],
    "3667_failureRate": 0.0001,
    "3668_mass": [
        6,
        "kg"
    ],
    "3674_failureRate": 0.0001,
    "3675_mass": [
        6,
        "kg"
    ],
    "3682_failureRate": 2e-05,
    "3683_mass": [
        10,
        "kg"
    ],
    "3690_failureRate": 2e-05,
    "3691_mass": [
        10,
        "kg"
    ],
    "3697_failureRate": 8e-05,
    "3698_mass": [
        3.5,
        "kg"
    ],
    "3704_failureRate": 8e-05,
    "3705_mass": [
        3.5,
        "kg"
    ],
    "3711_failureRate": 0.0001,
    "3712_mass": [
        9.5,
        "kg"
    ]
}