{
    "156557_mass": [
        51.5,
        "kg"
    ],
    "156558_failureRate": 4.412919309894603e-09,
    "156559_logFailureRate": -8.355274013542587,
    "156565_failureRate": 0.00015,
    "156566_mass": [
        3,
        "kg"
    ],
    "156572_failureRate": 0.0001,
    "156573_mass": [
        6,
        "kg"
    ],
    "156579_failureRate": 0.0001,
    "156580_mass": [
        6,
        "kg"
    ],
    "156587_failureRate": 2e-05,
    "156588_mass": [
        10,
        "kg"
    ],
    "156595_failureRate": 2e-05,
    "156596_mass": [
        10,
        "kg"
    ],
    "156602_failureRate": 0.0002,
    "156603_mass": [
        5.5,
        "kg"
    ],
    "156609_failureRate": 0.0002,
    "156610_mass": [
        5.5,
        "kg"
    ],
    "156616_failureRate": 0.0002,
    "156617_mass": [
        5.5,
        "kg"
    ]
}