{
    "23958_mass": [
        33.5,
        "kg"
    ],
    "23959_failureRate": 8.000080203576002e-05,
    "23960_logFailureRate": -4.09690565903357,
    "23966_failureRate": 0.00015,
    "23967_mass": [
        3,
        "kg"
    ],
    "23973_failureRate": 0.0001,
    "23974_mass": [
        6,
        "kg"
    ],
    "23980_failureRate": 0.0001,
    "23981_mass": [
        6,
        "kg"
    ],
    "23988_failureRate": 4e-05,
    "23989_mass": [
        5,
        "kg"
    ],
    "23996_failureRate": 2e-05,
    "23997_mass": [
        10,
        "kg"
    ],
    "24003_failureRate": 8e-05,
    "24004_mass": [
        3.5,
        "kg"
    ]
}