{
    "101465_mass": [
        42.5,
        "kg"
    ],
    "101466_failureRate": 3.300047150210099e-08,
    "101467_logFailureRate": -7.481479854991876,
    "101473_failureRate": 0.00015,
    "101474_mass": [
        3,
        "kg"
    ],
    "101480_failureRate": 0.0001,
    "101481_mass": [
        6,
        "kg"
    ],
    "101488_failureRate": 4e-05,
    "101489_mass": [
        5,
        "kg"
    ],
    "101496_failureRate": 4e-05,
    "101497_mass": [
        5,
        "kg"
    ],
    "101504_failureRate": 4e-05,
    "101505_mass": [
        5,
        "kg"
    ],
    "101511_failureRate": 8e-05,
    "101512_mass": [
        3.5,
        "kg"
    ],
    "101518_failureRate": 0.0002,
    "101519_mass": [
        5.5,
        "kg"
    ],
    "101525_failureRate": 0.0001,
    "101526_mass": [
        9.5,
        "kg"
    ]
}