{
    "139173_mass": [
        47.5,
        "kg"
    ],
    "139174_failureRate": 3.6005569949981572e-09,
    "139175_logFailureRate": -8.443630310026434,
    "139181_failureRate": 5e-05,
    "139182_mass": [
        9,
        "kg"
    ],
    "139188_failureRate": 5e-05,
    "139189_mass": [
        9,
        "kg"
    ],
    "139195_failureRate": 5e-05,
    "139196_mass": [
        9,
        "kg"
    ],
    "139203_failureRate": 4e-05,
    "139204_mass": [
        5,
        "kg"
    ],
    "139211_failureRate": 4e-05,
    "139212_mass": [
        5,
        "kg"
    ],
    "139218_failureRate": 8e-05,
    "139219_mass": [
        3.5,
        "kg"
    ],
    "139225_failureRate": 8e-05,
    "139226_mass": [
        3.5,
        "kg"
    ],
    "139232_failureRate": 8e-05,
    "139233_mass": [
        3.5,
        "kg"
    ]
}