{
    "59267_mass": [
        27,
        "kg"
    ],
    "59268_failureRate": 0.00010003499649970004,
    "59269_logFailureRate": -3.999848038721957,
    "59275_failureRate": 0.00015,
    "59276_mass": [
        3,
        "kg"
    ],
    "59282_failureRate": 0.0001,
    "59283_mass": [
        6,
        "kg"
    ],
    "59290_failureRate": 0.0001,
    "59291_mass": [
        3,
        "kg"
    ],
    "59297_failureRate": 0.0002,
    "59298_mass": [
        5.5,
        "kg"
    ],
    "59304_failureRate": 0.0001,
    "59305_mass": [
        9.5,
        "kg"
    ]
}