{
    "1663_mass": [
        21.5,
        "kg"
    ],
    "1664_failureRate": 0.000349970000159944,
    "1665_logFailureRate": -3.455969182288007,
    "1671_failureRate": 0.00015,
    "1672_mass": [
        3,
        "kg"
    ],
    "1679_failureRate": 0.0001,
    "1680_mass": [
        3,
        "kg"
    ],
    "1687_failureRate": 4e-05,
    "1688_mass": [
        5,
        "kg"
    ],
    "1695_failureRate": 4e-05,
    "1696_mass": [
        5,
        "kg"
    ],
    "1702_failureRate": 0.0002,
    "1703_mass": [
        5.5,
        "kg"
    ]
}