{
    "154649_mass": [
        29.5,
        "kg"
    ],
    "154650_failureRate": 1.6043989385554161e-09,
    "154651_logFailureRate": -8.794687634012554,
    "154657_failureRate": 0.00015,
    "154658_mass": [
        3,
        "kg"
    ],
    "154664_failureRate": 0.00015,
    "154665_mass": [
        3,
        "kg"
    ],
    "154671_failureRate": 0.00015,
    "154672_mass": [
        3,
        "kg"
    ],
    "154679_failureRate": 4e-05,
    "154680_mass": [
        5,
        "kg"
    ],
    "154687_failureRate": 4e-05,
    "154688_mass": [
        5,
        "kg"
    ],
    "154694_failureRate": 8e-05,
    "154695_mass": [
        3.5,
        "kg"
    ],
    "154701_failureRate": 8e-05,
    "154702_mass": [
        3.5,
        "kg"
    ],
    "154708_failureRate": 8e-05,
    "154709_mass": [
        3.5,
        "kg"
    ]
}