{
    "58975_mass": [
        45.5,
        "kg"
    ],
    "58976_failureRate": 2.7195559938052398e-11,
    "58977_logFailureRate": -10.565501994929232,
    "58983_failureRate": 0.0001,
    "58984_mass": [
        6,
        "kg"
    ],
    "58990_failureRate": 0.0001,
    "58991_mass": [
        6,
        "kg"
    ],
    "58997_failureRate": 0.0001,
    "58998_mass": [
        6,
        "kg"
    ],
    "59005_failureRate": 0.0001,
    "59006_mass": [
        3,
        "kg"
    ],
    "59013_failureRate": 0.0001,
    "59014_mass": [
        3,
        "kg"
    ],
    "59021_failureRate": 4e-05,
    "59022_mass": [
        5,
        "kg"
    ],
    "59028_failureRate": 0.0002,
    "59029_mass": [
        5.5,
        "kg"
    ],
    "59035_failureRate": 0.0002,
    "59036_mass": [
        5.5,
        "kg"
    ],
    "59042_failureRate": 0.0002,
    "59043_mass": [
        5.5,
        "kg"
    ]
}