{
    "58569_mass": [
        35,
        "kg"
    ],
    "58570_failureRate": 7.848845049999399e-08,
    "58571_logFailureRate": -7.105194244568691,
    "58577_failureRate": 0.00015,
    "58578_mass": [
        3,
        "kg"
    ],
    "58584_failureRate": 5e-05,
    "58585_mass": [
        9,
        "kg"
    ],
    "58592_failureRate": 0.0001,
    "58593_mass": [
        3,
        "kg"
    ],
    "58600_failureRate": 4e-05,
    "58601_mass": [
        5,
        "kg"
    ],
    "58607_failureRate": 0.0002,
    "58608_mass": [
        5.5,
        "kg"
    ],
    "58614_failureRate": 0.0001,
    "58615_mass": [
        9.5,
        "kg"
    ]
}