{
    "176426_mass": [
        20.5,
        "kg"
    ],
    "176427_failureRate": 0.00014001849685009,
    "176428_logFailureRate": -3.853814588969571,
    "176434_failureRate": 0.00015,
    "176435_mass": [
        3,
        "kg"
    ],
    "176441_failureRate": 0.00015,
    "176442_mass": [
        3,
        "kg"
    ],
    "176449_failureRate": 4e-05,
    "176450_mass": [
        5,
        "kg"
    ],
    "176456_failureRate": 0.0001,
    "176457_mass": [
        9.5,
        "kg"
    ]
}