{
    "39945_mass": [
        46.5,
        "kg"
    ],
    "39946_failureRate": 5.008798380098997e-09,
    "39947_logFailureRate": -8.300266449678574,
    "39953_failureRate": 0.0001,
    "39954_mass": [
        6,
        "kg"
    ],
    "39960_failureRate": 5e-05,
    "39961_mass": [
        9,
        "kg"
    ],
    "39968_failureRate": 0.0001,
    "39969_mass": [
        3,
        "kg"
    ],
    "39976_failureRate": 0.0001,
    "39977_mass": [
        3,
        "kg"
    ],
    "39984_failureRate": 0.0001,
    "39985_mass": [
        3,
        "kg"
    ],
    "39991_failureRate": 8e-05,
    "39992_mass": [
        3.5,
        "kg"
    ],
    "39998_failureRate": 0.0001,
    "39999_mass": [
        9.5,
        "kg"
    ],
    "40005_failureRate": 0.0001,
    "40006_mass": [
        9.5,
        "kg"
    ]
}