{
    "175065_mass": [
        31.5,
        "kg"
    ],
    "175066_failureRate": 1.0019873574448815e-08,
    "175067_logFailureRate": -7.999137758136002,
    "175073_failureRate": 0.00015,
    "175074_mass": [
        3,
        "kg"
    ],
    "175080_failureRate": 0.00015,
    "175081_mass": [
        3,
        "kg"
    ],
    "175087_failureRate": 0.00015,
    "175088_mass": [
        3,
        "kg"
    ],
    "175095_failureRate": 0.0001,
    "175096_mass": [
        3,
        "kg"
    ],
    "175103_failureRate": 0.0001,
    "175104_mass": [
        3,
        "kg"
    ],
    "175110_failureRate": 0.0002,
    "175111_mass": [
        5.5,
        "kg"
    ],
    "175117_failureRate": 0.0002,
    "175118_mass": [
        5.5,
        "kg"
    ],
    "175124_failureRate": 0.0002,
    "175125_mass": [
        5.5,
        "kg"
    ]
}