{
    "155551_mass": [
        33,
        "kg"
    ],
    "155552_failureRate": 2.70974340827992e-08,
    "155553_logFailureRate": -7.567071831503472,
    "155559_failureRate": 5e-05,
    "155560_mass": [
        9,
        "kg"
    ],
    "155566_failureRate": 5e-05,
    "155567_mass": [
        9,
        "kg"
    ],
    "155574_failureRate": 0.0001,
    "155575_mass": [
        3,
        "kg"
    ],
    "155582_failureRate": 4e-05,
    "155583_mass": [
        5,
        "kg"
    ],
    "155589_failureRate": 8e-05,
    "155590_mass": [
        3.5,
        "kg"
    ],
    "155596_failureRate": 8e-05,
    "155597_mass": [
        3.5,
        "kg"
    ]
}