{
    "23880_mass": [
        28.5,
        "kg"
    ],
    "23881_failureRate": 0.00023999449940001997,
    "23882_logFailureRate": -3.6197987120700374,
    "23888_failureRate": 5e-05,
    "23889_mass": [
        9,
        "kg"
    ],
    "23895_failureRate": 5e-05,
    "23896_mass": [
        9,
        "kg"
    ],
    "23903_failureRate": 4e-05,
    "23904_mass": [
        5,
        "kg"
    ],
    "23910_failureRate": 0.0002,
    "23911_mass": [
        5.5,
        "kg"
    ]
}