{
    "98622_mass": [
        61.5,
        "kg"
    ],
    "98623_failureRate": 1.6801639660011604e-08,
    "98624_logFailureRate": -7.774648333717728,
    "98630_failureRate": 0.0001,
    "98631_mass": [
        6,
        "kg"
    ],
    "98637_failureRate": 0.0001,
    "98638_mass": [
        6,
        "kg"
    ],
    "98644_failureRate": 0.0001,
    "98645_mass": [
        6,
        "kg"
    ],
    "98652_failureRate": 4e-05,
    "98653_mass": [
        5,
        "kg"
    ],
    "98660_failureRate": 2e-05,
    "98661_mass": [
        10,
        "kg"
    ],
    "98667_failureRate": 0.0001,
    "98668_mass": [
        9.5,
        "kg"
    ],
    "98674_failureRate": 0.0001,
    "98675_mass": [
        9.5,
        "kg"
    ],
    "98681_failureRate": 0.0001,
    "98682_mass": [
        9.5,
        "kg"
    ]
}