{
    "173077_mass": [
        15.5,
        "kg"
    ],
    "173078_failureRate": 8.004749245030001e-05,
    "173079_logFailureRate": -4.096652268142617,
    "173085_failureRate": 0.00015,
    "173086_mass": [
        3,
        "kg"
    ],
    "173092_failureRate": 0.00015,
    "173093_mass": [
        3,
        "kg"
    ],
    "173100_failureRate": 0.0001,
    "173101_mass": [
        3,
        "kg"
    ],
    "173108_failureRate": 0.0001,
    "173109_mass": [
        3,
        "kg"
    ],
    "173115_failureRate": 8e-05,
    "173116_mass": [
        3.5,
        "kg"
    ]
}