{
    "78416_mass": [
        56.5,
        "kg"
    ],
    "78417_failureRate": 5.002599820787001e-09,
    "78418_logFailureRate": -8.300804236787812,
    "78424_failureRate": 0.0001,
    "78425_mass": [
        6,
        "kg"
    ],
    "78431_failureRate": 5e-05,
    "78432_mass": [
        9,
        "kg"
    ],
    "78439_failureRate": 0.0001,
    "78440_mass": [
        3,
        "kg"
    ],
    "78447_failureRate": 2e-05,
    "78448_mass": [
        10,
        "kg"
    ],
    "78455_failureRate": 2e-05,
    "78456_mass": [
        10,
        "kg"
    ],
    "78462_failureRate": 8e-05,
    "78463_mass": [
        3.5,
        "kg"
    ],
    "78469_failureRate": 0.0002,
    "78470_mass": [
        5.5,
        "kg"
    ],
    "78476_failureRate": 0.0001,
    "78477_mass": [
        9.5,
        "kg"
    ]
}