{
    "154532_mass": [
        41.5,
        "kg"
    ],
    "154533_failureRate": 6.50055719176935e-08,
    "154534_logFailureRate": -7.187049416443348,
    "154540_failureRate": 0.00015,
    "154541_mass": [
        3,
        "kg"
    ],
    "154547_failureRate": 0.00015,
    "154548_mass": [
        3,
        "kg"
    ],
    "154554_failureRate": 0.00015,
    "154555_mass": [
        3,
        "kg"
    ],
    "154562_failureRate": 0.0001,
    "154563_mass": [
        3,
        "kg"
    ],
    "154570_failureRate": 0.0001,
    "154571_mass": [
        3,
        "kg"
    ],
    "154578_failureRate": 2e-05,
    "154579_mass": [
        10,
        "kg"
    ],
    "154585_failureRate": 0.0002,
    "154586_mass": [
        5.5,
        "kg"
    ],
    "154592_failureRate": 0.0002,
    "154593_mass": [
        5.5,
        "kg"
    ],
    "154599_failureRate": 0.0002,
    "154600_mass": [
        5.5,
        "kg"
    ]
}