{
    "154851_mass": [
        25.5,
        "kg"
    ],
    "154852_failureRate": 3.30003867313e-08,
    "154853_logFailureRate": -7.481480970598311,
    "154859_failureRate": 0.00015,
    "154860_mass": [
        3,
        "kg"
    ],
    "154866_failureRate": 0.00015,
    "154867_mass": [
        3,
        "kg"
    ],
    "154873_failureRate": 0.00015,
    "154874_mass": [
        3,
        "kg"
    ],
    "154881_failureRate": 0.0001,
    "154882_mass": [
        3,
        "kg"
    ],
    "154889_failureRate": 0.0001,
    "154890_mass": [
        3,
        "kg"
    ],
    "154896_failureRate": 8e-05,
    "154897_mass": [
        3.5,
        "kg"
    ],
    "154903_failureRate": 8e-05,
    "154904_mass": [
        3.5,
        "kg"
    ],
    "154910_failureRate": 8e-05,
    "154911_mass": [
        3.5,
        "kg"
    ]
}