{
    "78912_mass": [
        36,
        "kg"
    ],
    "78913_failureRate": 2.0044999099800003e-05,
    "78914_logFailureRate": -4.697993958917171,
    "78920_failureRate": 0.0001,
    "78921_mass": [
        6,
        "kg"
    ],
    "78927_failureRate": 5e-05,
    "78928_mass": [
        9,
        "kg"
    ],
    "78935_failureRate": 2e-05,
    "78936_mass": [
        10,
        "kg"
    ],
    "78942_failureRate": 0.0002,
    "78943_mass": [
        5.5,
        "kg"
    ],
    "78949_failureRate": 0.0002,
    "78950_mass": [
        5.5,
        "kg"
    ]
}