{
    "42150_mass": [
        29,
        "kg"
    ],
    "42151_failureRate": 5.00179980120672e-05,
    "42152_logFailureRate": -4.300873695046778,
    "42158_failureRate": 5e-05,
    "42159_mass": [
        9,
        "kg"
    ],
    "42166_failureRate": 0.0001,
    "42167_mass": [
        3,
        "kg"
    ],
    "42174_failureRate": 2e-05,
    "42175_mass": [
        10,
        "kg"
    ],
    "42181_failureRate": 8e-05,
    "42182_mass": [
        3.5,
        "kg"
    ],
    "42188_failureRate": 8e-05,
    "42189_mass": [
        3.5,
        "kg"
    ]
}