{
    "173496_mass": [
        28.5,
        "kg"
    ],
    "173497_failureRate": 1.2775081392096471e-11,
    "173498_logFailureRate": -10.8936363242245,
    "173504_failureRate": 0.00015,
    "173505_mass": [
        3,
        "kg"
    ],
    "173511_failureRate": 0.00015,
    "173512_mass": [
        3,
        "kg"
    ],
    "173518_failureRate": 0.00015,
    "173519_mass": [
        3,
        "kg"
    ],
    "173526_failureRate": 0.0001,
    "173527_mass": [
        3,
        "kg"
    ],
    "173534_failureRate": 0.0001,
    "173535_mass": [
        3,
        "kg"
    ],
    "173542_failureRate": 0.0001,
    "173543_mass": [
        3,
        "kg"
    ],
    "173549_failureRate": 8e-05,
    "173550_mass": [
        3.5,
        "kg"
    ],
    "173556_failureRate": 8e-05,
    "173557_mass": [
        3.5,
        "kg"
    ],
    "173563_failureRate": 8e-05,
    "173564_mass": [
        3.5,
        "kg"
    ]
}