{
    "19934_mass": [
        33,
        "kg"
    ],
    "19935_failureRate": 2.004749904970001e-05,
    "19936_logFailureRate": -4.697939798438372,
    "19942_failureRate": 0.00015,
    "19943_mass": [
        3,
        "kg"
    ],
    "19949_failureRate": 5e-05,
    "19950_mass": [
        9,
        "kg"
    ],
    "19957_failureRate": 2e-05,
    "19958_mass": [
        10,
        "kg"
    ],
    "19964_failureRate": 0.0002,
    "19965_mass": [
        5.5,
        "kg"
    ],
    "19971_failureRate": 0.0002,
    "19972_mass": [
        5.5,
        "kg"
    ]
}