{
    "156176_mass": [
        22.5,
        "kg"
    ],
    "156177_failureRate": 0.00015000000295136201,
    "156178_logFailureRate": -3.8239087323992504,
    "156184_failureRate": 0.00015,
    "156185_mass": [
        3,
        "kg"
    ],
    "156192_failureRate": 0.0001,
    "156193_mass": [
        3,
        "kg"
    ],
    "156200_failureRate": 0.0001,
    "156201_mass": [
        3,
        "kg"
    ],
    "156208_failureRate": 0.0001,
    "156209_mass": [
        3,
        "kg"
    ],
    "156215_failureRate": 8e-05,
    "156216_mass": [
        3.5,
        "kg"
    ],
    "156222_failureRate": 8e-05,
    "156223_mass": [
        3.5,
        "kg"
    ],
    "156229_failureRate": 8e-05,
    "156230_mass": [
        3.5,
        "kg"
    ]
}