{
    "41732_mass": [
        45.5,
        "kg"
    ],
    "41733_failureRate": 7.499437412510126e-08,
    "41734_logFailureRate": -7.12497131498252,
    "41740_failureRate": 0.00015,
    "41741_mass": [
        3,
        "kg"
    ],
    "41747_failureRate": 0.00015,
    "41748_mass": [
        3,
        "kg"
    ],
    "41754_failureRate": 5e-05,
    "41755_mass": [
        9,
        "kg"
    ],
    "41762_failureRate": 0.0001,
    "41763_mass": [
        3,
        "kg"
    ],
    "41770_failureRate": 0.0001,
    "41771_mass": [
        3,
        "kg"
    ],
    "41777_failureRate": 0.0002,
    "41778_mass": [
        5.5,
        "kg"
    ],
    "41784_failureRate": 0.0001,
    "41785_mass": [
        9.5,
        "kg"
    ],
    "41791_failureRate": 0.0001,
    "41792_mass": [
        9.5,
        "kg"
    ]
}