{
    "176335_mass": [
        37.5,
        "kg"
    ],
    "176336_failureRate": 8.000200111482302e-05,
    "176337_logFailureRate": -4.096899149729857,
    "176343_failureRate": 0.00015,
    "176344_mass": [
        3,
        "kg"
    ],
    "176350_failureRate": 5e-05,
    "176351_mass": [
        9,
        "kg"
    ],
    "176357_failureRate": 5e-05,
    "176358_mass": [
        9,
        "kg"
    ],
    "176365_failureRate": 0.0001,
    "176366_mass": [
        3,
        "kg"
    ],
    "176373_failureRate": 2e-05,
    "176374_mass": [
        10,
        "kg"
    ],
    "176380_failureRate": 8e-05,
    "176381_mass": [
        3.5,
        "kg"
    ]
}