{
    "116607_mass": [
        27.5,
        "kg"
    ],
    "116608_failureRate": 4.007292445374464e-09,
    "116609_logFailureRate": -8.397148962339479,
    "116615_failureRate": 0.00015,
    "116616_mass": [
        3,
        "kg"
    ],
    "116622_failureRate": 0.00015,
    "116623_mass": [
        3,
        "kg"
    ],
    "116629_failureRate": 0.00015,
    "116630_mass": [
        3,
        "kg"
    ],
    "116637_failureRate": 0.0001,
    "116638_mass": [
        3,
        "kg"
    ],
    "116645_failureRate": 4e-05,
    "116646_mass": [
        5,
        "kg"
    ],
    "116652_failureRate": 8e-05,
    "116653_mass": [
        3.5,
        "kg"
    ],
    "116659_failureRate": 8e-05,
    "116660_mass": [
        3.5,
        "kg"
    ],
    "116666_failureRate": 8e-05,
    "116667_mass": [
        3.5,
        "kg"
    ]
}