{
    "119122_mass": [
        48.5,
        "kg"
    ],
    "119123_failureRate": 4.004119755966003e-09,
    "119124_logFailureRate": -8.397492942037513,
    "119130_failureRate": 0.0001,
    "119131_mass": [
        6,
        "kg"
    ],
    "119137_failureRate": 0.0001,
    "119138_mass": [
        6,
        "kg"
    ],
    "119144_failureRate": 0.0001,
    "119145_mass": [
        6,
        "kg"
    ],
    "119152_failureRate": 0.0001,
    "119153_mass": [
        3,
        "kg"
    ],
    "119160_failureRate": 4e-05,
    "119161_mass": [
        5,
        "kg"
    ],
    "119167_failureRate": 8e-05,
    "119168_mass": [
        3.5,
        "kg"
    ],
    "119174_failureRate": 0.0001,
    "119175_mass": [
        9.5,
        "kg"
    ],
    "119181_failureRate": 0.0001,
    "119182_mass": [
        9.5,
        "kg"
    ]
}