{
    "80171_mass": [
        24,
        "kg"
    ],
    "80172_failureRate": 7.349204969506449e-08,
    "80173_logFailureRate": -7.133759639967713,
    "80179_failureRate": 0.00015,
    "80180_mass": [
        3,
        "kg"
    ],
    "80186_failureRate": 0.00015,
    "80187_mass": [
        3,
        "kg"
    ],
    "80194_failureRate": 0.0001,
    "80195_mass": [
        3,
        "kg"
    ],
    "80202_failureRate": 0.0001,
    "80203_mass": [
        3,
        "kg"
    ],
    "80210_failureRate": 0.0001,
    "80211_mass": [
        3,
        "kg"
    ],
    "80217_failureRate": 8e-05,
    "80218_mass": [
        3.5,
        "kg"
    ],
    "80224_failureRate": 0.0002,
    "80225_mass": [
        5.5,
        "kg"
    ]
}