{
    "172463_mass": [
        28,
        "kg"
    ],
    "172464_failureRate": 6.599307491502176e-08,
    "172465_logFailureRate": -7.18050163542763,
    "172471_failureRate": 0.00015,
    "172472_mass": [
        3,
        "kg"
    ],
    "172478_failureRate": 0.00015,
    "172479_mass": [
        3,
        "kg"
    ],
    "172485_failureRate": 0.00015,
    "172486_mass": [
        3,
        "kg"
    ],
    "172493_failureRate": 0.0001,
    "172494_mass": [
        3,
        "kg"
    ],
    "172501_failureRate": 0.0001,
    "172502_mass": [
        3,
        "kg"
    ],
    "172508_failureRate": 8e-05,
    "172509_mass": [
        3.5,
        "kg"
    ],
    "172515_failureRate": 0.0001,
    "172516_mass": [
        9.5,
        "kg"
    ]
}