{
    "62716_mass": [
        34,
        "kg"
    ],
    "62717_failureRate": 0.00010001049894998,
    "62718_logFailureRate": -3.9999544060329812,
    "62724_failureRate": 5e-05,
    "62725_mass": [
        9,
        "kg"
    ],
    "62731_failureRate": 5e-05,
    "62732_mass": [
        9,
        "kg"
    ],
    "62739_failureRate": 0.0001,
    "62740_mass": [
        3,
        "kg"
    ],
    "62746_failureRate": 8e-05,
    "62747_mass": [
        3.5,
        "kg"
    ],
    "62753_failureRate": 0.0001,
    "62754_mass": [
        9.5,
        "kg"
    ]
}