{
    "138775_mass": [
        32,
        "kg"
    ],
    "138776_failureRate": 4.0016000109969994e-05,
    "138777_logFailureRate": -4.397766324420066,
    "138783_failureRate": 0.00015,
    "138784_mass": [
        3,
        "kg"
    ],
    "138790_failureRate": 0.0001,
    "138791_mass": [
        6,
        "kg"
    ],
    "138797_failureRate": 5e-05,
    "138798_mass": [
        9,
        "kg"
    ],
    "138805_failureRate": 4e-05,
    "138806_mass": [
        5,
        "kg"
    ],
    "138812_failureRate": 8e-05,
    "138813_mass": [
        3.5,
        "kg"
    ],
    "138819_failureRate": 0.0002,
    "138820_mass": [
        5.5,
        "kg"
    ]
}