{
    "79088_mass": [
        16,
        "kg"
    ],
    "79089_failureRate": 0.00015002439490021597,
    "79090_logFailureRate": -3.823838116216771,
    "79096_failureRate": 0.00015,
    "79097_mass": [
        3,
        "kg"
    ],
    "79104_failureRate": 0.0001,
    "79105_mass": [
        3,
        "kg"
    ],
    "79112_failureRate": 0.0001,
    "79113_mass": [
        3,
        "kg"
    ],
    "79119_failureRate": 8e-05,
    "79120_mass": [
        3.5,
        "kg"
    ],
    "79126_failureRate": 8e-05,
    "79127_mass": [
        3.5,
        "kg"
    ]
}