{
    "20669_mass": [
        43.5,
        "kg"
    ],
    "20670_failureRate": 3.75022491749925e-08,
    "20671_logFailureRate": -7.425942684939058,
    "20677_failureRate": 0.00015,
    "20678_mass": [
        3,
        "kg"
    ],
    "20684_failureRate": 0.00015,
    "20685_mass": [
        3,
        "kg"
    ],
    "20692_failureRate": 0.0001,
    "20693_mass": [
        3,
        "kg"
    ],
    "20700_failureRate": 0.0001,
    "20701_mass": [
        3,
        "kg"
    ],
    "20708_failureRate": 0.0001,
    "20709_mass": [
        3,
        "kg"
    ],
    "20715_failureRate": 0.0001,
    "20716_mass": [
        9.5,
        "kg"
    ],
    "20722_failureRate": 0.0001,
    "20723_mass": [
        9.5,
        "kg"
    ],
    "20729_failureRate": 0.0001,
    "20730_mass": [
        9.5,
        "kg"
    ]
}