{
    "155450_mass": [
        56.5,
        "kg"
    ],
    "155451_failureRate": 0.0002000010001829185,
    "155452_logFailureRate": -3.6989678324718374,
    "155458_failureRate": 0.00015,
    "155459_mass": [
        3,
        "kg"
    ],
    "155465_failureRate": 5e-05,
    "155466_mass": [
        9,
        "kg"
    ],
    "155472_failureRate": 5e-05,
    "155473_mass": [
        9,
        "kg"
    ],
    "155480_failureRate": 2e-05,
    "155481_mass": [
        10,
        "kg"
    ],
    "155488_failureRate": 2e-05,
    "155489_mass": [
        10,
        "kg"
    ],
    "155496_failureRate": 2e-05,
    "155497_mass": [
        10,
        "kg"
    ],
    "155503_failureRate": 0.0002,
    "155504_mass": [
        5.5,
        "kg"
    ]
}