{
    "62299_mass": [
        37.5,
        "kg"
    ],
    "62300_failureRate": 3.5005999049970006e-08,
    "62301_logFailureRate": -7.455857523334198,
    "62307_failureRate": 0.0001,
    "62308_mass": [
        6,
        "kg"
    ],
    "62314_failureRate": 5e-05,
    "62315_mass": [
        9,
        "kg"
    ],
    "62322_failureRate": 0.0001,
    "62323_mass": [
        3,
        "kg"
    ],
    "62330_failureRate": 0.0001,
    "62331_mass": [
        3,
        "kg"
    ],
    "62337_failureRate": 0.0002,
    "62338_mass": [
        5.5,
        "kg"
    ],
    "62344_failureRate": 0.0002,
    "62345_mass": [
        5.5,
        "kg"
    ],
    "62351_failureRate": 0.0002,
    "62352_mass": [
        5.5,
        "kg"
    ]
}