{
    "58873_mass": [
        28.5,
        "kg"
    ],
    "58874_failureRate": 0.0001000000016368363,
    "58875_logFailureRate": -3.9999999928913104,
    "58881_failureRate": 0.00015,
    "58882_mass": [
        3,
        "kg"
    ],
    "58888_failureRate": 0.00015,
    "58889_mass": [
        3,
        "kg"
    ],
    "58895_failureRate": 5e-05,
    "58896_mass": [
        9,
        "kg"
    ],
    "58903_failureRate": 0.0001,
    "58904_mass": [
        3,
        "kg"
    ],
    "58910_failureRate": 8e-05,
    "58911_mass": [
        3.5,
        "kg"
    ],
    "58917_failureRate": 8e-05,
    "58918_mass": [
        3.5,
        "kg"
    ],
    "58924_failureRate": 8e-05,
    "58925_mass": [
        3.5,
        "kg"
    ]
}