{
    "21911_mass": [
        40,
        "kg"
    ],
    "21912_failureRate": 4.399550007000401e-08,
    "21913_logFailureRate": -7.356591741575335,
    "21919_failureRate": 0.0001,
    "21920_mass": [
        6,
        "kg"
    ],
    "21926_failureRate": 0.0001,
    "21927_mass": [
        6,
        "kg"
    ],
    "21933_failureRate": 5e-05,
    "21934_mass": [
        9,
        "kg"
    ],
    "21941_failureRate": 0.0001,
    "21942_mass": [
        3,
        "kg"
    ],
    "21949_failureRate": 0.0001,
    "21950_mass": [
        3,
        "kg"
    ],
    "21956_failureRate": 8e-05,
    "21957_mass": [
        3.5,
        "kg"
    ],
    "21963_failureRate": 0.0001,
    "21964_mass": [
        9.5,
        "kg"
    ]
}