{
    "40315_mass": [
        35,
        "kg"
    ],
    "40316_failureRate": 5.399719956002801e-08,
    "40317_logFailureRate": -7.267628763272667,
    "40323_failureRate": 0.0001,
    "40324_mass": [
        6,
        "kg"
    ],
    "40330_failureRate": 0.0001,
    "40331_mass": [
        6,
        "kg"
    ],
    "40338_failureRate": 0.0001,
    "40339_mass": [
        3,
        "kg"
    ],
    "40346_failureRate": 4e-05,
    "40347_mass": [
        5,
        "kg"
    ],
    "40353_failureRate": 0.0002,
    "40354_mass": [
        5.5,
        "kg"
    ],
    "40360_failureRate": 0.0001,
    "40361_mass": [
        9.5,
        "kg"
    ]
}