{
    "157028_mass": [
        28,
        "kg"
    ],
    "157029_failureRate": 2.890091164625094e-08,
    "157030_logFailureRate": -7.539088457703947,
    "157036_failureRate": 0.00015,
    "157037_mass": [
        3,
        "kg"
    ],
    "157043_failureRate": 0.00015,
    "157044_mass": [
        3,
        "kg"
    ],
    "157051_failureRate": 4e-05,
    "157052_mass": [
        5,
        "kg"
    ],
    "157059_failureRate": 4e-05,
    "157060_mass": [
        5,
        "kg"
    ],
    "157067_failureRate": 4e-05,
    "157068_mass": [
        5,
        "kg"
    ],
    "157074_failureRate": 8e-05,
    "157075_mass": [
        3.5,
        "kg"
    ],
    "157081_failureRate": 8e-05,
    "157082_mass": [
        3.5,
        "kg"
    ]
}