{
    "118717_mass": [
        61.5,
        "kg"
    ],
    "118718_failureRate": 1.9650299677049383e-11,
    "118719_logFailureRate": -10.706630822026646,
    "118725_failureRate": 0.00015,
    "118726_mass": [
        3,
        "kg"
    ],
    "118732_failureRate": 0.00015,
    "118733_mass": [
        3,
        "kg"
    ],
    "118739_failureRate": 5e-05,
    "118740_mass": [
        9,
        "kg"
    ],
    "118747_failureRate": 2e-05,
    "118748_mass": [
        10,
        "kg"
    ],
    "118755_failureRate": 2e-05,
    "118756_mass": [
        10,
        "kg"
    ],
    "118763_failureRate": 2e-05,
    "118764_mass": [
        10,
        "kg"
    ],
    "118770_failureRate": 0.0002,
    "118771_mass": [
        5.5,
        "kg"
    ],
    "118777_failureRate": 0.0002,
    "118778_mass": [
        5.5,
        "kg"
    ],
    "118784_failureRate": 0.0002,
    "118785_mass": [
        5.5,
        "kg"
    ]
}