{
    "101894_mass": [
        33.5,
        "kg"
    ],
    "101895_failureRate": 4.000000151193953e-05,
    "101896_logFailureRate": -4.397939992256363,
    "101902_failureRate": 0.0001,
    "101903_mass": [
        6,
        "kg"
    ],
    "101909_failureRate": 0.0001,
    "101910_mass": [
        6,
        "kg"
    ],
    "101916_failureRate": 0.0001,
    "101917_mass": [
        6,
        "kg"
    ],
    "101924_failureRate": 4e-05,
    "101925_mass": [
        5,
        "kg"
    ],
    "101931_failureRate": 8e-05,
    "101932_mass": [
        3.5,
        "kg"
    ],
    "101938_failureRate": 8e-05,
    "101939_mass": [
        3.5,
        "kg"
    ],
    "101945_failureRate": 8e-05,
    "101946_mass": [
        3.5,
        "kg"
    ]
}