{
    "4828_mass": [
        43.5,
        "kg"
    ],
    "4829_failureRate": 4.000349935e-08,
    "4830_logFailureRate": -7.397902016623975,
    "4836_failureRate": 0.0001,
    "4837_mass": [
        6,
        "kg"
    ],
    "4843_failureRate": 0.0001,
    "4844_mass": [
        6,
        "kg"
    ],
    "4850_failureRate": 5e-05,
    "4851_mass": [
        9,
        "kg"
    ],
    "4858_failureRate": 0.0001,
    "4859_mass": [
        3,
        "kg"
    ],
    "4866_failureRate": 0.0001,
    "4867_mass": [
        3,
        "kg"
    ],
    "4873_failureRate": 0.0002,
    "4874_mass": [
        5.5,
        "kg"
    ],
    "4880_failureRate": 0.0002,
    "4881_mass": [
        5.5,
        "kg"
    ],
    "4887_failureRate": 0.0002,
    "4888_mass": [
        5.5,
        "kg"
    ]
}