{
    "173729_mass": [
        18.5,
        "kg"
    ],
    "173730_failureRate": 8.001000707324513e-05,
    "173731_logFailureRate": -4.096855691196871,
    "173737_failureRate": 0.00015,
    "173738_mass": [
        3,
        "kg"
    ],
    "173744_failureRate": 0.00015,
    "173745_mass": [
        3,
        "kg"
    ],
    "173751_failureRate": 0.00015,
    "173752_mass": [
        3,
        "kg"
    ],
    "173759_failureRate": 0.0001,
    "173760_mass": [
        3,
        "kg"
    ],
    "173767_failureRate": 0.0001,
    "173768_mass": [
        3,
        "kg"
    ],
    "173774_failureRate": 8e-05,
    "173775_mass": [
        3.5,
        "kg"
    ]
}