{
    "117190_mass": [
        55.5,
        "kg"
    ],
    "117191_failureRate": 1.4352494449759424e-11,
    "117192_logFailureRate": -10.84307261240595,
    "117198_failureRate": 0.0001,
    "117199_mass": [
        6,
        "kg"
    ],
    "117205_failureRate": 5e-05,
    "117206_mass": [
        9,
        "kg"
    ],
    "117212_failureRate": 5e-05,
    "117213_mass": [
        9,
        "kg"
    ],
    "117220_failureRate": 4e-05,
    "117221_mass": [
        5,
        "kg"
    ],
    "117228_failureRate": 4e-05,
    "117229_mass": [
        5,
        "kg"
    ],
    "117236_failureRate": 4e-05,
    "117237_mass": [
        5,
        "kg"
    ],
    "117243_failureRate": 0.0002,
    "117244_mass": [
        5.5,
        "kg"
    ],
    "117250_failureRate": 0.0002,
    "117251_mass": [
        5.5,
        "kg"
    ],
    "117257_failureRate": 0.0002,
    "117258_mass": [
        5.5,
        "kg"
    ]
}