{
    "139813_mass": [
        43.5,
        "kg"
    ],
    "139814_failureRate": 3.299996440604276e-08,
    "139815_logFailureRate": -7.481486528554463,
    "139821_failureRate": 0.00015,
    "139822_mass": [
        3,
        "kg"
    ],
    "139828_failureRate": 5e-05,
    "139829_mass": [
        9,
        "kg"
    ],
    "139835_failureRate": 5e-05,
    "139836_mass": [
        9,
        "kg"
    ],
    "139843_failureRate": 0.0001,
    "139844_mass": [
        3,
        "kg"
    ],
    "139851_failureRate": 0.0001,
    "139852_mass": [
        3,
        "kg"
    ],
    "139858_failureRate": 8e-05,
    "139859_mass": [
        3.5,
        "kg"
    ],
    "139865_failureRate": 8e-05,
    "139866_mass": [
        3.5,
        "kg"
    ],
    "139872_failureRate": 0.0001,
    "139873_mass": [
        9.5,
        "kg"
    ]
}