{
    "118310_mass": [
        54.5,
        "kg"
    ],
    "118311_failureRate": 2.8699011853846025e-08,
    "118312_logFailureRate": -7.542133056360431,
    "118318_failureRate": 0.00015,
    "118319_mass": [
        3,
        "kg"
    ],
    "118325_failureRate": 5e-05,
    "118326_mass": [
        9,
        "kg"
    ],
    "118333_failureRate": 4e-05,
    "118334_mass": [
        5,
        "kg"
    ],
    "118341_failureRate": 4e-05,
    "118342_mass": [
        5,
        "kg"
    ],
    "118349_failureRate": 2e-05,
    "118350_mass": [
        10,
        "kg"
    ],
    "118356_failureRate": 8e-05,
    "118357_mass": [
        3.5,
        "kg"
    ],
    "118363_failureRate": 0.0001,
    "118364_mass": [
        9.5,
        "kg"
    ],
    "118370_failureRate": 0.0001,
    "118371_mass": [
        9.5,
        "kg"
    ]
}