{
    "137898_mass": [
        29,
        "kg"
    ],
    "137899_failureRate": 2.0013899721952e-05,
    "137900_logFailureRate": -4.698668280543612,
    "137906_failureRate": 0.00015,
    "137907_mass": [
        3,
        "kg"
    ],
    "137913_failureRate": 5e-05,
    "137914_mass": [
        9,
        "kg"
    ],
    "137921_failureRate": 2e-05,
    "137922_mass": [
        10,
        "kg"
    ],
    "137928_failureRate": 8e-05,
    "137929_mass": [
        3.5,
        "kg"
    ],
    "137935_failureRate": 8e-05,
    "137936_mass": [
        3.5,
        "kg"
    ]
}