{
    "80813_mass": [
        62.5,
        "kg"
    ],
    "80814_failureRate": 1.0003399639990004e-08,
    "80815_logFailureRate": -7.999852380602407,
    "80821_failureRate": 0.0001,
    "80822_mass": [
        6,
        "kg"
    ],
    "80828_failureRate": 0.0001,
    "80829_mass": [
        6,
        "kg"
    ],
    "80835_failureRate": 0.0001,
    "80836_mass": [
        6,
        "kg"
    ],
    "80843_failureRate": 0.0001,
    "80844_mass": [
        3,
        "kg"
    ],
    "80851_failureRate": 0.0001,
    "80852_mass": [
        3,
        "kg"
    ],
    "80859_failureRate": 2e-05,
    "80860_mass": [
        10,
        "kg"
    ],
    "80866_failureRate": 0.0001,
    "80867_mass": [
        9.5,
        "kg"
    ],
    "80873_failureRate": 0.0001,
    "80874_mass": [
        9.5,
        "kg"
    ],
    "80880_failureRate": 0.0001,
    "80881_mass": [
        9.5,
        "kg"
    ]
}