{
    "41493_mass": [
        25.5,
        "kg"
    ],
    "41494_failureRate": 0.00023999200149964003,
    "41495_logFailureRate": -3.6198032322986244,
    "41501_failureRate": 0.00015,
    "41502_mass": [
        3,
        "kg"
    ],
    "41508_failureRate": 0.0001,
    "41509_mass": [
        6,
        "kg"
    ],
    "41515_failureRate": 0.0001,
    "41516_mass": [
        6,
        "kg"
    ],
    "41523_failureRate": 4e-05,
    "41524_mass": [
        5,
        "kg"
    ],
    "41530_failureRate": 0.0002,
    "41531_mass": [
        5.5,
        "kg"
    ]
}