{
    "100621_mass": [
        37.5,
        "kg"
    ],
    "100622_failureRate": 7.02987488160444e-08,
    "100623_logFailureRate": -7.153052404526738,
    "100629_failureRate": 0.00015,
    "100630_mass": [
        3,
        "kg"
    ],
    "100636_failureRate": 0.00015,
    "100637_mass": [
        3,
        "kg"
    ],
    "100644_failureRate": 4e-05,
    "100645_mass": [
        5,
        "kg"
    ],
    "100652_failureRate": 2e-05,
    "100653_mass": [
        10,
        "kg"
    ],
    "100659_failureRate": 0.0002,
    "100660_mass": [
        5.5,
        "kg"
    ],
    "100666_failureRate": 0.0002,
    "100667_mass": [
        5.5,
        "kg"
    ],
    "100673_failureRate": 0.0002,
    "100674_mass": [
        5.5,
        "kg"
    ]
}