{
    "23279_mass": [
        43.5,
        "kg"
    ],
    "23280_failureRate": 0.0001499950000159976,
    "23281_logFailureRate": -3.8239232176220095,
    "23287_failureRate": 5e-05,
    "23288_mass": [
        9,
        "kg"
    ],
    "23295_failureRate": 4e-05,
    "23296_mass": [
        5,
        "kg"
    ],
    "23303_failureRate": 2e-05,
    "23304_mass": [
        10,
        "kg"
    ],
    "23311_failureRate": 2e-05,
    "23312_mass": [
        10,
        "kg"
    ],
    "23318_failureRate": 0.0001,
    "23319_mass": [
        9.5,
        "kg"
    ]
}