{
    "62952_mass": [
        22,
        "kg"
    ],
    "62953_failureRate": 0.00010001389860995201,
    "62954_logFailureRate": -3.999939643298191,
    "62960_failureRate": 0.00015,
    "62961_mass": [
        3,
        "kg"
    ],
    "62967_failureRate": 5e-05,
    "62968_mass": [
        9,
        "kg"
    ],
    "62975_failureRate": 0.0001,
    "62976_mass": [
        3,
        "kg"
    ],
    "62982_failureRate": 8e-05,
    "62983_mass": [
        3.5,
        "kg"
    ],
    "62989_failureRate": 8e-05,
    "62990_mass": [
        3.5,
        "kg"
    ]
}