{
    "23796_mass": [
        38,
        "kg"
    ],
    "23797_failureRate": 5.0015598660028e-05,
    "23798_logFailureRate": -4.300894528554432,
    "23804_failureRate": 5e-05,
    "23805_mass": [
        9,
        "kg"
    ],
    "23812_failureRate": 4e-05,
    "23813_mass": [
        5,
        "kg"
    ],
    "23820_failureRate": 4e-05,
    "23821_mass": [
        5,
        "kg"
    ],
    "23827_failureRate": 0.0001,
    "23828_mass": [
        9.5,
        "kg"
    ],
    "23834_failureRate": 0.0001,
    "23835_mass": [
        9.5,
        "kg"
    ]
}