{
    "116714_mass": [
        33,
        "kg"
    ],
    "116715_failureRate": 4.589609006e-08,
    "116716_logFailureRate": -7.338224310926673,
    "116722_failureRate": 0.00015,
    "116723_mass": [
        3,
        "kg"
    ],
    "116729_failureRate": 0.00015,
    "116730_mass": [
        3,
        "kg"
    ],
    "116737_failureRate": 2e-05,
    "116738_mass": [
        10,
        "kg"
    ],
    "116745_failureRate": 2e-05,
    "116746_mass": [
        10,
        "kg"
    ],
    "116752_failureRate": 8e-05,
    "116753_mass": [
        3.5,
        "kg"
    ],
    "116759_failureRate": 8e-05,
    "116760_mass": [
        3.5,
        "kg"
    ]
}