{
    "22094_mass": [
        35.5,
        "kg"
    ],
    "22095_failureRate": 0.00013999600199972,
    "22096_logFailureRate": -3.8538843667092815,
    "22102_failureRate": 0.0001,
    "22103_mass": [
        6,
        "kg"
    ],
    "22110_failureRate": 4e-05,
    "22111_mass": [
        5,
        "kg"
    ],
    "22117_failureRate": 0.0002,
    "22118_mass": [
        5.5,
        "kg"
    ],
    "22124_failureRate": 0.0001,
    "22125_mass": [
        9.5,
        "kg"
    ],
    "22131_failureRate": 0.0001,
    "22132_mass": [
        9.5,
        "kg"
    ]
}