{
    "174729_mass": [
        56.5,
        "kg"
    ],
    "174730_failureRate": 2.504866190324764e-12,
    "174731_logFailureRate": -11.601215469140346,
    "174737_failureRate": 5e-05,
    "174738_mass": [
        9,
        "kg"
    ],
    "174744_failureRate": 5e-05,
    "174745_mass": [
        9,
        "kg"
    ],
    "174751_failureRate": 5e-05,
    "174752_mass": [
        9,
        "kg"
    ],
    "174759_failureRate": 0.0001,
    "174760_mass": [
        3,
        "kg"
    ],
    "174767_failureRate": 4e-05,
    "174768_mass": [
        5,
        "kg"
    ],
    "174775_failureRate": 4e-05,
    "174776_mass": [
        5,
        "kg"
    ],
    "174782_failureRate": 8e-05,
    "174783_mass": [
        3.5,
        "kg"
    ],
    "174789_failureRate": 8e-05,
    "174790_mass": [
        3.5,
        "kg"
    ],
    "174796_failureRate": 0.0001,
    "174797_mass": [
        9.5,
        "kg"
    ]
}