{
    "99999_mass": [
        33.5,
        "kg"
    ],
    "100000_failureRate": 4.0498931698885375e-08,
    "100001_logFailureRate": -7.392556432671709,
    "100007_failureRate": 0.00015,
    "100008_mass": [
        3,
        "kg"
    ],
    "100014_failureRate": 0.00015,
    "100015_mass": [
        3,
        "kg"
    ],
    "100022_failureRate": 4e-05,
    "100023_mass": [
        5,
        "kg"
    ],
    "100030_failureRate": 4e-05,
    "100031_mass": [
        5,
        "kg"
    ],
    "100038_failureRate": 4e-05,
    "100039_mass": [
        5,
        "kg"
    ],
    "100045_failureRate": 8e-05,
    "100046_mass": [
        3.5,
        "kg"
    ],
    "100052_failureRate": 8e-05,
    "100053_mass": [
        3.5,
        "kg"
    ],
    "100059_failureRate": 0.0002,
    "100060_mass": [
        5.5,
        "kg"
    ]
}