{
    "173919_mass": [
        37.5,
        "kg"
    ],
    "173920_failureRate": 7.58908882925113e-12,
    "173921_logFailureRate": -11.119810363786055,
    "173927_failureRate": 0.00015,
    "173928_mass": [
        3,
        "kg"
    ],
    "173934_failureRate": 0.00015,
    "173935_mass": [
        3,
        "kg"
    ],
    "173941_failureRate": 0.0001,
    "173942_mass": [
        6,
        "kg"
    ],
    "173949_failureRate": 4e-05,
    "173950_mass": [
        5,
        "kg"
    ],
    "173957_failureRate": 4e-05,
    "173958_mass": [
        5,
        "kg"
    ],
    "173965_failureRate": 4e-05,
    "173966_mass": [
        5,
        "kg"
    ],
    "173972_failureRate": 8e-05,
    "173973_mass": [
        3.5,
        "kg"
    ],
    "173979_failureRate": 8e-05,
    "173980_mass": [
        3.5,
        "kg"
    ],
    "173986_failureRate": 8e-05,
    "173987_mass": [
        3.5,
        "kg"
    ]
}