{
    "80273_mass": [
        35.5,
        "kg"
    ],
    "80274_failureRate": 2.5004898800056002e-08,
    "80275_logFailureRate": -7.6019748987914255,
    "80281_failureRate": 0.0001,
    "80282_mass": [
        6,
        "kg"
    ],
    "80288_failureRate": 5e-05,
    "80289_mass": [
        9,
        "kg"
    ],
    "80296_failureRate": 0.0001,
    "80297_mass": [
        3,
        "kg"
    ],
    "80304_failureRate": 0.0001,
    "80305_mass": [
        3,
        "kg"
    ],
    "80311_failureRate": 8e-05,
    "80312_mass": [
        3.5,
        "kg"
    ],
    "80318_failureRate": 0.0002,
    "80319_mass": [
        5.5,
        "kg"
    ],
    "80325_failureRate": 0.0002,
    "80326_mass": [
        5.5,
        "kg"
    ]
}