{
    "1586_mass": [
        24,
        "kg"
    ],
    "1587_failureRate": 0.0002000099960002,
    "1588_logFailureRate": -3.698948298839795,
    "1594_failureRate": 0.0001,
    "1595_mass": [
        6,
        "kg"
    ],
    "1602_failureRate": 0.0001,
    "1603_mass": [
        3,
        "kg"
    ],
    "1609_failureRate": 0.0002,
    "1610_mass": [
        5.5,
        "kg"
    ],
    "1616_failureRate": 0.0001,
    "1617_mass": [
        9.5,
        "kg"
    ]
}