{
    "41303_mass": [
        33.5,
        "kg"
    ],
    "41304_failureRate": 4.000001024959e-05,
    "41305_logFailureRate": -4.397939897388542,
    "41311_failureRate": 0.00015,
    "41312_mass": [
        3,
        "kg"
    ],
    "41318_failureRate": 0.00015,
    "41319_mass": [
        3,
        "kg"
    ],
    "41325_failureRate": 0.0001,
    "41326_mass": [
        6,
        "kg"
    ],
    "41333_failureRate": 4e-05,
    "41334_mass": [
        5,
        "kg"
    ],
    "41340_failureRate": 0.0002,
    "41341_mass": [
        5.5,
        "kg"
    ],
    "41347_failureRate": 0.0002,
    "41348_mass": [
        5.5,
        "kg"
    ],
    "41354_failureRate": 0.0002,
    "41355_mass": [
        5.5,
        "kg"
    ]
}