{
    "23441_mass": [
        30.5,
        "kg"
    ],
    "23442_failureRate": 0.00010002499600015001,
    "23443_logFailureRate": -3.999891457315752,
    "23449_failureRate": 0.0001,
    "23450_mass": [
        6,
        "kg"
    ],
    "23456_failureRate": 5e-05,
    "23457_mass": [
        9,
        "kg"
    ],
    "23464_failureRate": 0.0001,
    "23465_mass": [
        3,
        "kg"
    ],
    "23472_failureRate": 0.0001,
    "23473_mass": [
        3,
        "kg"
    ],
    "23479_failureRate": 0.0001,
    "23480_mass": [
        9.5,
        "kg"
    ]
}