{
    "120819_mass": [
        31,
        "kg"
    ],
    "120820_failureRate": 0.00010000639985995002,
    "120821_logFailureRate": -3.999972206650746,
    "120827_failureRate": 0.0001,
    "120828_mass": [
        6,
        "kg"
    ],
    "120834_failureRate": 0.0001,
    "120835_mass": [
        6,
        "kg"
    ],
    "120841_failureRate": 5e-05,
    "120842_mass": [
        9,
        "kg"
    ],
    "120849_failureRate": 0.0001,
    "120850_mass": [
        3,
        "kg"
    ],
    "120856_failureRate": 8e-05,
    "120857_mass": [
        3.5,
        "kg"
    ],
    "120863_failureRate": 8e-05,
    "120864_mass": [
        3.5,
        "kg"
    ]
}