{
    "82474_mass": [
        43.5,
        "kg"
    ],
    "82475_failureRate": 5.150386258162495e-08,
    "82476_logFailureRate": -7.288160199405775,
    "82482_failureRate": 0.00015,
    "82483_mass": [
        3,
        "kg"
    ],
    "82489_failureRate": 5e-05,
    "82490_mass": [
        9,
        "kg"
    ],
    "82497_failureRate": 4e-05,
    "82498_mass": [
        5,
        "kg"
    ],
    "82505_failureRate": 4e-05,
    "82506_mass": [
        5,
        "kg"
    ],
    "82513_failureRate": 4e-05,
    "82514_mass": [
        5,
        "kg"
    ],
    "82520_failureRate": 0.0002,
    "82521_mass": [
        5.5,
        "kg"
    ],
    "82527_failureRate": 0.0002,
    "82528_mass": [
        5.5,
        "kg"
    ],
    "82534_failureRate": 0.0002,
    "82535_mass": [
        5.5,
        "kg"
    ]
}