{
    "24051_mass": [
        37.5,
        "kg"
    ],
    "24052_failureRate": 0.00020000799825002004,
    "24053_logFailureRate": -3.69895263670405,
    "24059_failureRate": 0.0001,
    "24060_mass": [
        6,
        "kg"
    ],
    "24066_failureRate": 5e-05,
    "24067_mass": [
        9,
        "kg"
    ],
    "24073_failureRate": 5e-05,
    "24074_mass": [
        9,
        "kg"
    ],
    "24081_failureRate": 0.0001,
    "24082_mass": [
        3,
        "kg"
    ],
    "24089_failureRate": 4e-05,
    "24090_mass": [
        5,
        "kg"
    ],
    "24096_failureRate": 0.0002,
    "24097_mass": [
        5.5,
        "kg"
    ]
}