{
    "121268_mass": [
        43,
        "kg"
    ],
    "121269_failureRate": 2.9002078421518064e-08,
    "121270_logFailureRate": -7.537570877457882,
    "121276_failureRate": 0.00015,
    "121277_mass": [
        3,
        "kg"
    ],
    "121283_failureRate": 0.00015,
    "121284_mass": [
        3,
        "kg"
    ],
    "121290_failureRate": 0.00015,
    "121291_mass": [
        3,
        "kg"
    ],
    "121298_failureRate": 4e-05,
    "121299_mass": [
        5,
        "kg"
    ],
    "121306_failureRate": 4e-05,
    "121307_mass": [
        5,
        "kg"
    ],
    "121314_failureRate": 4e-05,
    "121315_mass": [
        5,
        "kg"
    ],
    "121321_failureRate": 0.0001,
    "121322_mass": [
        9.5,
        "kg"
    ],
    "121328_failureRate": 0.0001,
    "121329_mass": [
        9.5,
        "kg"
    ]
}