{
    "176235_mass": [
        31.5,
        "kg"
    ],
    "176236_failureRate": 2.7500849894376e-08,
    "176237_logFailureRate": -7.560653884397586,
    "176243_failureRate": 0.00015,
    "176244_mass": [
        3,
        "kg"
    ],
    "176250_failureRate": 0.00015,
    "176251_mass": [
        3,
        "kg"
    ],
    "176258_failureRate": 0.0001,
    "176259_mass": [
        3,
        "kg"
    ],
    "176266_failureRate": 2e-05,
    "176267_mass": [
        10,
        "kg"
    ],
    "176273_failureRate": 8e-05,
    "176274_mass": [
        3.5,
        "kg"
    ],
    "176280_failureRate": 8e-05,
    "176281_mass": [
        3.5,
        "kg"
    ],
    "176287_failureRate": 0.0002,
    "176288_mass": [
        5.5,
        "kg"
    ]
}