{
    "4189_mass": [
        20,
        "kg"
    ],
    "4190_failureRate": 0.000140011997760064,
    "4191_logFailureRate": -3.85383474762365,
    "4197_failureRate": 0.0001,
    "4198_mass": [
        6,
        "kg"
    ],
    "4205_failureRate": 4e-05,
    "4206_mass": [
        5,
        "kg"
    ],
    "4212_failureRate": 8e-05,
    "4213_mass": [
        3.5,
        "kg"
    ],
    "4219_failureRate": 0.0002,
    "4220_mass": [
        5.5,
        "kg"
    ]
}