{
    "138969_mass": [
        27,
        "kg"
    ],
    "138970_failureRate": 6.4691830276e-08,
    "138971_logFailureRate": -7.1891505615272715,
    "138977_failureRate": 0.00015,
    "138978_mass": [
        3,
        "kg"
    ],
    "138984_failureRate": 0.00015,
    "138985_mass": [
        3,
        "kg"
    ],
    "138992_failureRate": 0.0001,
    "138993_mass": [
        3,
        "kg"
    ],
    "139000_failureRate": 4e-05,
    "139001_mass": [
        5,
        "kg"
    ],
    "139007_failureRate": 8e-05,
    "139008_mass": [
        3.5,
        "kg"
    ],
    "139014_failureRate": 0.0001,
    "139015_mass": [
        9.5,
        "kg"
    ]
}