{
    "40123_mass": [
        38,
        "kg"
    ],
    "40124_failureRate": 6.000099880001002e-08,
    "40125_logFailureRate": -7.221841520120981,
    "40131_failureRate": 0.0001,
    "40132_mass": [
        6,
        "kg"
    ],
    "40138_failureRate": 0.0001,
    "40139_mass": [
        6,
        "kg"
    ],
    "40145_failureRate": 0.0001,
    "40146_mass": [
        6,
        "kg"
    ],
    "40153_failureRate": 0.0001,
    "40154_mass": [
        3,
        "kg"
    ],
    "40161_failureRate": 0.0001,
    "40162_mass": [
        3,
        "kg"
    ],
    "40169_failureRate": 0.0001,
    "40170_mass": [
        3,
        "kg"
    ],
    "40176_failureRate": 0.0002,
    "40177_mass": [
        5.5,
        "kg"
    ],
    "40183_failureRate": 0.0002,
    "40184_mass": [
        5.5,
        "kg"
    ]
}