{
    "81522_mass": [
        43.5,
        "kg"
    ],
    "81523_failureRate": 5.015069566175864e-12,
    "81524_logFailureRate": -11.29972303831719,
    "81530_failureRate": 0.00015,
    "81531_mass": [
        3,
        "kg"
    ],
    "81537_failureRate": 0.00015,
    "81538_mass": [
        3,
        "kg"
    ],
    "81544_failureRate": 0.00015,
    "81545_mass": [
        3,
        "kg"
    ],
    "81552_failureRate": 0.0001,
    "81553_mass": [
        3,
        "kg"
    ],
    "81560_failureRate": 4e-05,
    "81561_mass": [
        5,
        "kg"
    ],
    "81568_failureRate": 2e-05,
    "81569_mass": [
        10,
        "kg"
    ],
    "81575_failureRate": 8e-05,
    "81576_mass": [
        3.5,
        "kg"
    ],
    "81582_failureRate": 8e-05,
    "81583_mass": [
        3.5,
        "kg"
    ],
    "81589_failureRate": 0.0001,
    "81590_mass": [
        9.5,
        "kg"
    ]
}