{
    "41402_mass": [
        35.5,
        "kg"
    ],
    "41403_failureRate": 4.00025011799488e-05,
    "41404_logFailureRate": -4.397912853304784,
    "41410_failureRate": 5e-05,
    "41411_mass": [
        9,
        "kg"
    ],
    "41417_failureRate": 5e-05,
    "41418_mass": [
        9,
        "kg"
    ],
    "41425_failureRate": 4e-05,
    "41426_mass": [
        5,
        "kg"
    ],
    "41432_failureRate": 8e-05,
    "41433_mass": [
        3.5,
        "kg"
    ],
    "41439_failureRate": 8e-05,
    "41440_mass": [
        3.5,
        "kg"
    ],
    "41446_failureRate": 0.0002,
    "41447_mass": [
        5.5,
        "kg"
    ]
}