{
    "41659_mass": [
        17.5,
        "kg"
    ],
    "41660_failureRate": 0.00016999080016000002,
    "41661_logFailureRate": -3.769574581844434,
    "41667_failureRate": 5e-05,
    "41668_mass": [
        9,
        "kg"
    ],
    "41675_failureRate": 4e-05,
    "41676_mass": [
        5,
        "kg"
    ],
    "41682_failureRate": 8e-05,
    "41683_mass": [
        3.5,
        "kg"
    ]
}