{
    "118416_mass": [
        15,
        "kg"
    ],
    "118417_failureRate": 0.0001900003987840384,
    "118418_logFailureRate": -3.721245487523352,
    "118424_failureRate": 0.00015,
    "118425_mass": [
        3,
        "kg"
    ],
    "118432_failureRate": 4e-05,
    "118433_mass": [
        5,
        "kg"
    ],
    "118439_failureRate": 8e-05,
    "118440_mass": [
        3.5,
        "kg"
    ],
    "118446_failureRate": 8e-05,
    "118447_mass": [
        3.5,
        "kg"
    ]
}