{
    "117413_mass": [
        31.5,
        "kg"
    ],
    "117414_failureRate": 0.000169997001599728,
    "117415_logFailureRate": -3.7695587386227647,
    "117421_failureRate": 0.00015,
    "117422_mass": [
        3,
        "kg"
    ],
    "117429_failureRate": 2e-05,
    "117430_mass": [
        10,
        "kg"
    ],
    "117436_failureRate": 8e-05,
    "117437_mass": [
        3.5,
        "kg"
    ],
    "117443_failureRate": 0.0002,
    "117444_mass": [
        5.5,
        "kg"
    ],
    "117450_failureRate": 0.0001,
    "117451_mass": [
        9.5,
        "kg"
    ]
}