{
    "175753_mass": [
        17.5,
        "kg"
    ],
    "175754_failureRate": 8.003249590012e-05,
    "175755_logFailureRate": -4.09673363895076,
    "175761_failureRate": 0.00015,
    "175762_mass": [
        3,
        "kg"
    ],
    "175768_failureRate": 0.00015,
    "175769_mass": [
        3,
        "kg"
    ],
    "175776_failureRate": 0.0001,
    "175777_mass": [
        3,
        "kg"
    ],
    "175784_failureRate": 4e-05,
    "175785_mass": [
        5,
        "kg"
    ],
    "175791_failureRate": 8e-05,
    "175792_mass": [
        3.5,
        "kg"
    ]
}