{
    "176040_mass": [
        18,
        "kg"
    ],
    "176041_failureRate": 0.00010003849614964006,
    "176042_logFailureRate": -3.999832845518324,
    "176048_failureRate": 0.00015,
    "176049_mass": [
        3,
        "kg"
    ],
    "176055_failureRate": 0.00015,
    "176056_mass": [
        3,
        "kg"
    ],
    "176063_failureRate": 0.0001,
    "176064_mass": [
        3,
        "kg"
    ],
    "176070_failureRate": 8e-05,
    "176071_mass": [
        3.5,
        "kg"
    ],
    "176077_failureRate": 0.0002,
    "176078_mass": [
        5.5,
        "kg"
    ]
}