{
    "157525_mass": [
        14.5,
        "kg"
    ],
    "157526_failureRate": 0.000120019297300072,
    "157527_logFailureRate": -3.9207489203094203,
    "157533_failureRate": 0.00015,
    "157534_mass": [
        3,
        "kg"
    ],
    "157540_failureRate": 0.00015,
    "157541_mass": [
        3,
        "kg"
    ],
    "157548_failureRate": 4e-05,
    "157549_mass": [
        5,
        "kg"
    ],
    "157555_failureRate": 8e-05,
    "157556_mass": [
        3.5,
        "kg"
    ]
}