{
    "61266_mass": [
        27.5,
        "kg"
    ],
    "61267_failureRate": 0.00022000349835003,
    "61268_logFailureRate": -3.6575704132594566,
    "61274_failureRate": 0.00015,
    "61275_mass": [
        3,
        "kg"
    ],
    "61281_failureRate": 5e-05,
    "61282_mass": [
        9,
        "kg"
    ],
    "61289_failureRate": 2e-05,
    "61290_mass": [
        10,
        "kg"
    ],
    "61296_failureRate": 0.0002,
    "61297_mass": [
        5.5,
        "kg"
    ]
}