{
    "138868_mass": [
        37.5,
        "kg"
    ],
    "138869_failureRate": 0.000150000001999556,
    "138870_logFailureRate": -3.8239087351550114,
    "138876_failureRate": 0.00015,
    "138877_mass": [
        3,
        "kg"
    ],
    "138884_failureRate": 0.0001,
    "138885_mass": [
        3,
        "kg"
    ],
    "138892_failureRate": 4e-05,
    "138893_mass": [
        5,
        "kg"
    ],
    "138900_failureRate": 2e-05,
    "138901_mass": [
        10,
        "kg"
    ],
    "138907_failureRate": 8e-05,
    "138908_mass": [
        3.5,
        "kg"
    ],
    "138914_failureRate": 8e-05,
    "138915_mass": [
        3.5,
        "kg"
    ],
    "138921_failureRate": 0.0001,
    "138922_mass": [
        9.5,
        "kg"
    ]
}