{
    "24415_mass": [
        19.5,
        "kg"
    ],
    "24416_failureRate": 0.00034997000039986006,
    "24417_logFailureRate": -3.4559691819902834,
    "24423_failureRate": 0.00015,
    "24424_mass": [
        3,
        "kg"
    ],
    "24431_failureRate": 0.0001,
    "24432_mass": [
        3,
        "kg"
    ],
    "24439_failureRate": 0.0001,
    "24440_mass": [
        3,
        "kg"
    ],
    "24447_failureRate": 4e-05,
    "24448_mass": [
        5,
        "kg"
    ],
    "24454_failureRate": 0.0002,
    "24455_mass": [
        5.5,
        "kg"
    ]
}