{
    "118606_mass": [
        48.5,
        "kg"
    ],
    "118607_failureRate": 5.002499683770856e-09,
    "118608_logFailureRate": -8.300812930145339,
    "118614_failureRate": 0.0001,
    "118615_mass": [
        6,
        "kg"
    ],
    "118621_failureRate": 5e-05,
    "118622_mass": [
        9,
        "kg"
    ],
    "118629_failureRate": 0.0001,
    "118630_mass": [
        3,
        "kg"
    ],
    "118637_failureRate": 2e-05,
    "118638_mass": [
        10,
        "kg"
    ],
    "118645_failureRate": 2e-05,
    "118646_mass": [
        10,
        "kg"
    ],
    "118652_failureRate": 8e-05,
    "118653_mass": [
        3.5,
        "kg"
    ],
    "118659_failureRate": 8e-05,
    "118660_mass": [
        3.5,
        "kg"
    ],
    "118666_failureRate": 8e-05,
    "118667_mass": [
        3.5,
        "kg"
    ]
}