{
    "62088_mass": [
        26,
        "kg"
    ],
    "62089_failureRate": 4.0016001609909964e-05,
    "62090_logFailureRate": -4.397766308141187,
    "62096_failureRate": 0.00015,
    "62097_mass": [
        3,
        "kg"
    ],
    "62103_failureRate": 0.00015,
    "62104_mass": [
        3,
        "kg"
    ],
    "62110_failureRate": 0.0001,
    "62111_mass": [
        6,
        "kg"
    ],
    "62118_failureRate": 4e-05,
    "62119_mass": [
        5,
        "kg"
    ],
    "62125_failureRate": 8e-05,
    "62126_mass": [
        3.5,
        "kg"
    ],
    "62132_failureRate": 0.0002,
    "62133_mass": [
        5.5,
        "kg"
    ]
}