{
    "137277_mass": [
        54.5,
        "kg"
    ],
    "137278_failureRate": 7.899339544330687e-12,
    "137279_logFailureRate": -11.10240921810744,
    "137285_failureRate": 0.00015,
    "137286_mass": [
        3,
        "kg"
    ],
    "137292_failureRate": 0.0001,
    "137293_mass": [
        6,
        "kg"
    ],
    "137299_failureRate": 0.0001,
    "137300_mass": [
        6,
        "kg"
    ],
    "137307_failureRate": 4e-05,
    "137308_mass": [
        5,
        "kg"
    ],
    "137315_failureRate": 2e-05,
    "137316_mass": [
        10,
        "kg"
    ],
    "137323_failureRate": 2e-05,
    "137324_mass": [
        10,
        "kg"
    ],
    "137330_failureRate": 8e-05,
    "137331_mass": [
        3.5,
        "kg"
    ],
    "137337_failureRate": 0.0002,
    "137338_mass": [
        5.5,
        "kg"
    ],
    "137344_failureRate": 0.0002,
    "137345_mass": [
        5.5,
        "kg"
    ]
}