{
    "78111_mass": [
        36.5,
        "kg"
    ],
    "78112_failureRate": 6.7998198880072e-08,
    "78113_logFailureRate": -7.167502590629138,
    "78119_failureRate": 0.0001,
    "78120_mass": [
        6,
        "kg"
    ],
    "78126_failureRate": 0.0001,
    "78127_mass": [
        6,
        "kg"
    ],
    "78134_failureRate": 0.0001,
    "78135_mass": [
        3,
        "kg"
    ],
    "78142_failureRate": 4e-05,
    "78143_mass": [
        5,
        "kg"
    ],
    "78149_failureRate": 0.0002,
    "78150_mass": [
        5.5,
        "kg"
    ],
    "78156_failureRate": 0.0002,
    "78157_mass": [
        5.5,
        "kg"
    ],
    "78163_failureRate": 0.0002,
    "78164_mass": [
        5.5,
        "kg"
    ]
}