{
    "99374_mass": [
        36.5,
        "kg"
    ],
    "99375_failureRate": 3.2076583658559306e-09,
    "99376_logFailureRate": -8.493811892795742,
    "99382_failureRate": 0.00015,
    "99383_mass": [
        3,
        "kg"
    ],
    "99389_failureRate": 0.00015,
    "99390_mass": [
        3,
        "kg"
    ],
    "99396_failureRate": 0.00015,
    "99397_mass": [
        3,
        "kg"
    ],
    "99404_failureRate": 4e-05,
    "99405_mass": [
        5,
        "kg"
    ],
    "99412_failureRate": 4e-05,
    "99413_mass": [
        5,
        "kg"
    ],
    "99420_failureRate": 4e-05,
    "99421_mass": [
        5,
        "kg"
    ],
    "99427_failureRate": 8e-05,
    "99428_mass": [
        3.5,
        "kg"
    ],
    "99434_failureRate": 8e-05,
    "99435_mass": [
        3.5,
        "kg"
    ],
    "99441_failureRate": 0.0002,
    "99442_mass": [
        5.5,
        "kg"
    ]
}