{
    "154756_mass": [
        41.5,
        "kg"
    ],
    "154757_failureRate": 0.00010000200059992,
    "154758_logFailureRate": -3.9999913115918524,
    "154764_failureRate": 0.0001,
    "154765_mass": [
        6,
        "kg"
    ],
    "154772_failureRate": 0.0001,
    "154773_mass": [
        3,
        "kg"
    ],
    "154780_failureRate": 2e-05,
    "154781_mass": [
        10,
        "kg"
    ],
    "154787_failureRate": 8e-05,
    "154788_mass": [
        3.5,
        "kg"
    ],
    "154794_failureRate": 0.0001,
    "154795_mass": [
        9.5,
        "kg"
    ],
    "154801_failureRate": 0.0001,
    "154802_mass": [
        9.5,
        "kg"
    ]
}