{
    "1944_mass": [
        28.5,
        "kg"
    ],
    "1945_failureRate": 8.0023996480148e-05,
    "1946_logFailureRate": -4.0967797633052525,
    "1952_failureRate": 0.0001,
    "1953_mass": [
        6,
        "kg"
    ],
    "1959_failureRate": 0.0001,
    "1960_mass": [
        6,
        "kg"
    ],
    "1967_failureRate": 0.0001,
    "1968_mass": [
        3,
        "kg"
    ],
    "1975_failureRate": 2e-05,
    "1976_mass": [
        10,
        "kg"
    ],
    "1982_failureRate": 8e-05,
    "1983_mass": [
        3.5,
        "kg"
    ]
}