{
    "43652_mass": [
        35,
        "kg"
    ],
    "43653_failureRate": 0.00015001399750005998,
    "43654_logFailureRate": -3.823868215921543,
    "43660_failureRate": 0.00015,
    "43661_mass": [
        3,
        "kg"
    ],
    "43668_failureRate": 0.0001,
    "43669_mass": [
        3,
        "kg"
    ],
    "43676_failureRate": 2e-05,
    "43677_mass": [
        10,
        "kg"
    ],
    "43683_failureRate": 0.0001,
    "43684_mass": [
        9.5,
        "kg"
    ],
    "43690_failureRate": 0.0001,
    "43691_mass": [
        9.5,
        "kg"
    ]
}