{
    "77688_mass": [
        26.5,
        "kg"
    ],
    "77689_failureRate": 0.00011999800051193857,
    "77690_logFailureRate": -3.9208259904012612,
    "77696_failureRate": 0.0001,
    "77697_mass": [
        6,
        "kg"
    ],
    "77704_failureRate": 2e-05,
    "77705_mass": [
        10,
        "kg"
    ],
    "77711_failureRate": 8e-05,
    "77712_mass": [
        3.5,
        "kg"
    ],
    "77718_failureRate": 8e-05,
    "77719_mass": [
        3.5,
        "kg"
    ],
    "77725_failureRate": 8e-05,
    "77726_mass": [
        3.5,
        "kg"
    ]
}