{
    "137173_mass": [
        29.5,
        "kg"
    ],
    "137174_failureRate": 0.00020000000343838414,
    "137175_logFailureRate": -3.6989699968696628,
    "137181_failureRate": 0.00015,
    "137182_mass": [
        3,
        "kg"
    ],
    "137188_failureRate": 0.00015,
    "137189_mass": [
        3,
        "kg"
    ],
    "137195_failureRate": 0.00015,
    "137196_mass": [
        3,
        "kg"
    ],
    "137203_failureRate": 4e-05,
    "137204_mass": [
        5,
        "kg"
    ],
    "137211_failureRate": 4e-05,
    "137212_mass": [
        5,
        "kg"
    ],
    "137219_failureRate": 4e-05,
    "137220_mass": [
        5,
        "kg"
    ],
    "137226_failureRate": 0.0002,
    "137227_mass": [
        5.5,
        "kg"
    ]
}