{
    "23005_mass": [
        37.5,
        "kg"
    ],
    "23006_failureRate": 1.5008694177327615e-08,
    "23007_logFailureRate": -7.8236570916508565,
    "23013_failureRate": 0.00015,
    "23014_mass": [
        3,
        "kg"
    ],
    "23020_failureRate": 0.00015,
    "23021_mass": [
        3,
        "kg"
    ],
    "23027_failureRate": 0.00015,
    "23028_mass": [
        3,
        "kg"
    ],
    "23035_failureRate": 0.0001,
    "23036_mass": [
        3,
        "kg"
    ],
    "23043_failureRate": 0.0001,
    "23044_mass": [
        3,
        "kg"
    ],
    "23051_failureRate": 2e-05,
    "23052_mass": [
        10,
        "kg"
    ],
    "23058_failureRate": 8e-05,
    "23059_mass": [
        3.5,
        "kg"
    ],
    "23065_failureRate": 8e-05,
    "23066_mass": [
        3.5,
        "kg"
    ],
    "23072_failureRate": 0.0002,
    "23073_mass": [
        5.5,
        "kg"
    ]
}