{
    "3757_mass": [
        24.5,
        "kg"
    ],
    "3758_failureRate": 0.00017999449955002,
    "3759_logFailureRate": -3.7447407662943264,
    "3765_failureRate": 5e-05,
    "3766_mass": [
        9,
        "kg"
    ],
    "3772_failureRate": 5e-05,
    "3773_mass": [
        9,
        "kg"
    ],
    "3780_failureRate": 0.0001,
    "3781_mass": [
        3,
        "kg"
    ],
    "3787_failureRate": 8e-05,
    "3788_mass": [
        3.5,
        "kg"
    ]
}