{
    "154133_mass": [
        40.5,
        "kg"
    ],
    "154134_failureRate": 8.000000170974422e-05,
    "154135_logFailureRate": -4.096910003726401,
    "154141_failureRate": 0.0001,
    "154142_mass": [
        6,
        "kg"
    ],
    "154148_failureRate": 5e-05,
    "154149_mass": [
        9,
        "kg"
    ],
    "154155_failureRate": 5e-05,
    "154156_mass": [
        9,
        "kg"
    ],
    "154163_failureRate": 0.0001,
    "154164_mass": [
        3,
        "kg"
    ],
    "154171_failureRate": 4e-05,
    "154172_mass": [
        5,
        "kg"
    ],
    "154179_failureRate": 4e-05,
    "154180_mass": [
        5,
        "kg"
    ],
    "154186_failureRate": 8e-05,
    "154187_mass": [
        3.5,
        "kg"
    ]
}