{
    "156371_mass": [
        29,
        "kg"
    ],
    "156372_failureRate": 1.8006335820351482e-08,
    "156373_logFailureRate": -7.744574654471103,
    "156379_failureRate": 0.00015,
    "156380_mass": [
        3,
        "kg"
    ],
    "156386_failureRate": 0.00015,
    "156387_mass": [
        3,
        "kg"
    ],
    "156393_failureRate": 0.00015,
    "156394_mass": [
        3,
        "kg"
    ],
    "156401_failureRate": 0.0001,
    "156402_mass": [
        3,
        "kg"
    ],
    "156409_failureRate": 2e-05,
    "156410_mass": [
        10,
        "kg"
    ],
    "156416_failureRate": 8e-05,
    "156417_mass": [
        3.5,
        "kg"
    ],
    "156423_failureRate": 8e-05,
    "156424_mass": [
        3.5,
        "kg"
    ]
}