{
    "138605_mass": [
        39.5,
        "kg"
    ],
    "138606_failureRate": 0.00013999600099986,
    "138607_logFailureRate": -3.8538843698110394,
    "138613_failureRate": 0.0001,
    "138614_mass": [
        6,
        "kg"
    ],
    "138621_failureRate": 4e-05,
    "138622_mass": [
        5,
        "kg"
    ],
    "138628_failureRate": 0.0001,
    "138629_mass": [
        9.5,
        "kg"
    ],
    "138635_failureRate": 0.0001,
    "138636_mass": [
        9.5,
        "kg"
    ],
    "138642_failureRate": 0.0001,
    "138643_mass": [
        9.5,
        "kg"
    ]
}