{
    "155077_mass": [
        40,
        "kg"
    ],
    "155078_failureRate": 9.74907890860912e-08,
    "155079_logFailureRate": -7.011036414435303,
    "155085_failureRate": 0.00015,
    "155086_mass": [
        3,
        "kg"
    ],
    "155092_failureRate": 0.00015,
    "155093_mass": [
        3,
        "kg"
    ],
    "155100_failureRate": 0.0001,
    "155101_mass": [
        3,
        "kg"
    ],
    "155108_failureRate": 2e-05,
    "155109_mass": [
        10,
        "kg"
    ],
    "155116_failureRate": 2e-05,
    "155117_mass": [
        10,
        "kg"
    ],
    "155123_failureRate": 0.0002,
    "155124_mass": [
        5.5,
        "kg"
    ],
    "155130_failureRate": 0.0002,
    "155131_mass": [
        5.5,
        "kg"
    ]
}