{
    "1033_mass": [
        53.5,
        "kg"
    ],
    "1034_failureRate": 1.5003299396019198e-08,
    "1035_logFailureRate": -7.823813224149875,
    "1041_failureRate": 0.0001,
    "1042_mass": [
        6,
        "kg"
    ],
    "1048_failureRate": 5e-05,
    "1049_mass": [
        9,
        "kg"
    ],
    "1056_failureRate": 0.0001,
    "1057_mass": [
        3,
        "kg"
    ],
    "1064_failureRate": 0.0001,
    "1065_mass": [
        3,
        "kg"
    ],
    "1072_failureRate": 2e-05,
    "1073_mass": [
        10,
        "kg"
    ],
    "1079_failureRate": 8e-05,
    "1080_mass": [
        3.5,
        "kg"
    ],
    "1086_failureRate": 0.0001,
    "1087_mass": [
        9.5,
        "kg"
    ],
    "1093_failureRate": 0.0001,
    "1094_mass": [
        9.5,
        "kg"
    ]
}