{
    "174117_mass": [
        32,
        "kg"
    ],
    "174118_failureRate": 2.0011399771968e-05,
    "174119_logFailureRate": -4.698722531954505,
    "174125_failureRate": 0.0001,
    "174126_mass": [
        6,
        "kg"
    ],
    "174132_failureRate": 5e-05,
    "174133_mass": [
        9,
        "kg"
    ],
    "174140_failureRate": 2e-05,
    "174141_mass": [
        10,
        "kg"
    ],
    "174147_failureRate": 8e-05,
    "174148_mass": [
        3.5,
        "kg"
    ],
    "174154_failureRate": 8e-05,
    "174155_mass": [
        3.5,
        "kg"
    ]
}