{
    "98730_mass": [
        35.5,
        "kg"
    ],
    "98731_failureRate": 2.0003799439992003e-08,
    "98732_logFailureRate": -7.698887508380589,
    "98738_failureRate": 0.0001,
    "98739_mass": [
        6,
        "kg"
    ],
    "98745_failureRate": 5e-05,
    "98746_mass": [
        9,
        "kg"
    ],
    "98753_failureRate": 0.0001,
    "98754_mass": [
        3,
        "kg"
    ],
    "98761_failureRate": 0.0001,
    "98762_mass": [
        3,
        "kg"
    ],
    "98768_failureRate": 8e-05,
    "98769_mass": [
        3.5,
        "kg"
    ],
    "98775_failureRate": 0.0002,
    "98776_mass": [
        5.5,
        "kg"
    ],
    "98782_failureRate": 0.0002,
    "98783_mass": [
        5.5,
        "kg"
    ]
}