{
    "42845_mass": [
        52.5,
        "kg"
    ],
    "42846_failureRate": 9.973675533202341e-12,
    "42847_logFailureRate": -11.001144764494626,
    "42853_failureRate": 5e-05,
    "42854_mass": [
        9,
        "kg"
    ],
    "42860_failureRate": 5e-05,
    "42861_mass": [
        9,
        "kg"
    ],
    "42867_failureRate": 5e-05,
    "42868_mass": [
        9,
        "kg"
    ],
    "42875_failureRate": 0.0001,
    "42876_mass": [
        3,
        "kg"
    ],
    "42883_failureRate": 0.0001,
    "42884_mass": [
        3,
        "kg"
    ],
    "42891_failureRate": 4e-05,
    "42892_mass": [
        5,
        "kg"
    ],
    "42898_failureRate": 8e-05,
    "42899_mass": [
        3.5,
        "kg"
    ],
    "42905_failureRate": 0.0002,
    "42906_mass": [
        5.5,
        "kg"
    ],
    "42912_failureRate": 0.0002,
    "42913_mass": [
        5.5,
        "kg"
    ]
}