{
    "62183_mass": [
        58.5,
        "kg"
    ],
    "62184_failureRate": 5.540146042168583e-12,
    "62185_logFailureRate": -11.256478786810927,
    "62191_failureRate": 0.00015,
    "62192_mass": [
        3,
        "kg"
    ],
    "62198_failureRate": 0.0001,
    "62199_mass": [
        6,
        "kg"
    ],
    "62205_failureRate": 0.0001,
    "62206_mass": [
        6,
        "kg"
    ],
    "62213_failureRate": 0.0001,
    "62214_mass": [
        3,
        "kg"
    ],
    "62221_failureRate": 2e-05,
    "62222_mass": [
        10,
        "kg"
    ],
    "62229_failureRate": 2e-05,
    "62230_mass": [
        10,
        "kg"
    ],
    "62236_failureRate": 0.0002,
    "62237_mass": [
        5.5,
        "kg"
    ],
    "62243_failureRate": 0.0002,
    "62244_mass": [
        5.5,
        "kg"
    ],
    "62250_failureRate": 0.0001,
    "62251_mass": [
        9.5,
        "kg"
    ]
}