{
    "60960_mass": [
        54.5,
        "kg"
    ],
    "60961_failureRate": 1.2199399834005004e-11,
    "60962_logFailureRate": -10.913661534504861,
    "60968_failureRate": 0.0001,
    "60969_mass": [
        6,
        "kg"
    ],
    "60975_failureRate": 0.0001,
    "60976_mass": [
        6,
        "kg"
    ],
    "60982_failureRate": 0.0001,
    "60983_mass": [
        6,
        "kg"
    ],
    "60990_failureRate": 0.0001,
    "60991_mass": [
        3,
        "kg"
    ],
    "60998_failureRate": 0.0001,
    "60999_mass": [
        3,
        "kg"
    ],
    "61006_failureRate": 2e-05,
    "61007_mass": [
        10,
        "kg"
    ],
    "61013_failureRate": 0.0002,
    "61014_mass": [
        5.5,
        "kg"
    ],
    "61020_failureRate": 0.0002,
    "61021_mass": [
        5.5,
        "kg"
    ],
    "61027_failureRate": 0.0001,
    "61028_mass": [
        9.5,
        "kg"
    ]
}