{
    "136296_mass": [
        79.5,
        "kg"
    ],
    "136297_failureRate": 1.0017248864615362e-09,
    "136298_logFailureRate": -8.999251536649584,
    "136304_failureRate": 5e-05,
    "136305_mass": [
        9,
        "kg"
    ],
    "136311_failureRate": 5e-05,
    "136312_mass": [
        9,
        "kg"
    ],
    "136318_failureRate": 5e-05,
    "136319_mass": [
        9,
        "kg"
    ],
    "136326_failureRate": 2e-05,
    "136327_mass": [
        10,
        "kg"
    ],
    "136334_failureRate": 2e-05,
    "136335_mass": [
        10,
        "kg"
    ],
    "136342_failureRate": 2e-05,
    "136343_mass": [
        10,
        "kg"
    ],
    "136349_failureRate": 8e-05,
    "136350_mass": [
        3.5,
        "kg"
    ],
    "136356_failureRate": 0.0001,
    "136357_mass": [
        9.5,
        "kg"
    ],
    "136363_failureRate": 0.0001,
    "136364_mass": [
        9.5,
        "kg"
    ]
}