{
    "156663_mass": [
        28,
        "kg"
    ],
    "156664_failureRate": 0.00010001549844994,
    "156665_logFailureRate": -3.99993269630251,
    "156671_failureRate": 0.00015,
    "156672_mass": [
        3,
        "kg"
    ],
    "156678_failureRate": 5e-05,
    "156679_mass": [
        9,
        "kg"
    ],
    "156686_failureRate": 0.0001,
    "156687_mass": [
        3,
        "kg"
    ],
    "156693_failureRate": 8e-05,
    "156694_mass": [
        3.5,
        "kg"
    ],
    "156700_failureRate": 0.0001,
    "156701_mass": [
        9.5,
        "kg"
    ]
}