{
    "121374_mass": [
        16.5,
        "kg"
    ],
    "121375_failureRate": 0.00034997399860012,
    "121376_logFailureRate": -3.4559642204610386,
    "121382_failureRate": 0.00015,
    "121383_mass": [
        3,
        "kg"
    ],
    "121390_failureRate": 0.0001,
    "121391_mass": [
        3,
        "kg"
    ],
    "121398_failureRate": 4e-05,
    "121399_mass": [
        5,
        "kg"
    ],
    "121405_failureRate": 0.0002,
    "121406_mass": [
        5.5,
        "kg"
    ]
}