{
    "40838_mass": [
        34.5,
        "kg"
    ],
    "40839_failureRate": 5.000001499824993e-05,
    "40840_logFailureRate": -4.301029865390857,
    "40846_failureRate": 5e-05,
    "40847_mass": [
        9,
        "kg"
    ],
    "40854_failureRate": 0.0001,
    "40855_mass": [
        3,
        "kg"
    ],
    "40862_failureRate": 0.0001,
    "40863_mass": [
        3,
        "kg"
    ],
    "40870_failureRate": 0.0001,
    "40871_mass": [
        3,
        "kg"
    ],
    "40877_failureRate": 0.0002,
    "40878_mass": [
        5.5,
        "kg"
    ],
    "40884_failureRate": 0.0002,
    "40885_mass": [
        5.5,
        "kg"
    ],
    "40891_failureRate": 0.0002,
    "40892_mass": [
        5.5,
        "kg"
    ]
}