{
    "97346_mass": [
        40.5,
        "kg"
    ],
    "97347_failureRate": 2.8000839476027605e-08,
    "97348_logFailureRate": -7.552828948145591,
    "97354_failureRate": 0.0001,
    "97355_mass": [
        6,
        "kg"
    ],
    "97361_failureRate": 0.0001,
    "97362_mass": [
        6,
        "kg"
    ],
    "97368_failureRate": 0.0001,
    "97369_mass": [
        6,
        "kg"
    ],
    "97376_failureRate": 0.0001,
    "97377_mass": [
        3,
        "kg"
    ],
    "97384_failureRate": 0.0001,
    "97385_mass": [
        3,
        "kg"
    ],
    "97391_failureRate": 8e-05,
    "97392_mass": [
        3.5,
        "kg"
    ],
    "97398_failureRate": 8e-05,
    "97399_mass": [
        3.5,
        "kg"
    ],
    "97405_failureRate": 0.0001,
    "97406_mass": [
        9.5,
        "kg"
    ]
}