{
    "156942_mass": [
        18,
        "kg"
    ],
    "156943_failureRate": 4.002889884385601e-05,
    "156944_logFailureRate": -4.397626356750123,
    "156950_failureRate": 0.00015,
    "156951_mass": [
        3,
        "kg"
    ],
    "156957_failureRate": 0.00015,
    "156958_mass": [
        3,
        "kg"
    ],
    "156965_failureRate": 4e-05,
    "156966_mass": [
        5,
        "kg"
    ],
    "156972_failureRate": 8e-05,
    "156973_mass": [
        3.5,
        "kg"
    ],
    "156979_failureRate": 8e-05,
    "156980_mass": [
        3.5,
        "kg"
    ]
}