{
    "42639_mass": [
        28.5,
        "kg"
    ],
    "42640_failureRate": 0.00014999500799880004,
    "42641_logFailureRate": -3.8239231945086596,
    "42647_failureRate": 5e-05,
    "42648_mass": [
        9,
        "kg"
    ],
    "42655_failureRate": 0.0001,
    "42656_mass": [
        3,
        "kg"
    ],
    "42662_failureRate": 0.0002,
    "42663_mass": [
        5.5,
        "kg"
    ],
    "42669_failureRate": 0.0002,
    "42670_mass": [
        5.5,
        "kg"
    ],
    "42676_failureRate": 0.0002,
    "42677_mass": [
        5.5,
        "kg"
    ]
}