{
    "117878_mass": [
        31,
        "kg"
    ],
    "117879_failureRate": 8.158768052399521e-08,
    "117880_logFailureRate": -7.0883754133584675,
    "117886_failureRate": 0.00015,
    "117887_mass": [
        3,
        "kg"
    ],
    "117893_failureRate": 0.0001,
    "117894_mass": [
        6,
        "kg"
    ],
    "117901_failureRate": 0.0001,
    "117902_mass": [
        3,
        "kg"
    ],
    "117909_failureRate": 2e-05,
    "117910_mass": [
        10,
        "kg"
    ],
    "117916_failureRate": 8e-05,
    "117917_mass": [
        3.5,
        "kg"
    ],
    "117923_failureRate": 0.0002,
    "117924_mass": [
        5.5,
        "kg"
    ]
}