{
    "140249_mass": [
        26,
        "kg"
    ],
    "140250_failureRate": 1.4003134816339937e-08,
    "140251_logFailureRate": -7.8537747299619065,
    "140257_failureRate": 0.00015,
    "140258_mass": [
        3,
        "kg"
    ],
    "140264_failureRate": 0.00015,
    "140265_mass": [
        3,
        "kg"
    ],
    "140271_failureRate": 0.00015,
    "140272_mass": [
        3,
        "kg"
    ],
    "140279_failureRate": 4e-05,
    "140280_mass": [
        5,
        "kg"
    ],
    "140287_failureRate": 4e-05,
    "140288_mass": [
        5,
        "kg"
    ],
    "140294_failureRate": 8e-05,
    "140295_mass": [
        3.5,
        "kg"
    ],
    "140301_failureRate": 8e-05,
    "140302_mass": [
        3.5,
        "kg"
    ]
}