{
    "59182_mass": [
        24,
        "kg"
    ],
    "59183_failureRate": 0.000150049590640288,
    "59184_logFailureRate": -3.823765185063564,
    "59190_failureRate": 0.00015,
    "59191_mass": [
        3,
        "kg"
    ],
    "59198_failureRate": 4e-05,
    "59199_mass": [
        5,
        "kg"
    ],
    "59206_failureRate": 4e-05,
    "59207_mass": [
        5,
        "kg"
    ],
    "59213_failureRate": 0.0002,
    "59214_mass": [
        5.5,
        "kg"
    ],
    "59220_failureRate": 0.0002,
    "59221_mass": [
        5.5,
        "kg"
    ]
}