{
    "60442_mass": [
        31.5,
        "kg"
    ],
    "60443_failureRate": 0.000100009999639936,
    "60444_logFailureRate": -3.999956574286719,
    "60450_failureRate": 0.0001,
    "60451_mass": [
        6,
        "kg"
    ],
    "60457_failureRate": 0.0001,
    "60458_mass": [
        6,
        "kg"
    ],
    "60465_failureRate": 0.0001,
    "60466_mass": [
        3,
        "kg"
    ],
    "60472_failureRate": 8e-05,
    "60473_mass": [
        3.5,
        "kg"
    ],
    "60479_failureRate": 8e-05,
    "60480_mass": [
        3.5,
        "kg"
    ],
    "60486_failureRate": 0.0001,
    "60487_mass": [
        9.5,
        "kg"
    ]
}