{
    "20777_mass": [
        30.5,
        "kg"
    ],
    "20778_failureRate": 0.000200007599364778,
    "20779_logFailureRate": -3.698953502838574,
    "20785_failureRate": 0.00015,
    "20786_mass": [
        3,
        "kg"
    ],
    "20792_failureRate": 0.00015,
    "20793_mass": [
        3,
        "kg"
    ],
    "20799_failureRate": 5e-05,
    "20800_mass": [
        9,
        "kg"
    ],
    "20807_failureRate": 4e-05,
    "20808_mass": [
        5,
        "kg"
    ],
    "20815_failureRate": 4e-05,
    "20816_mass": [
        5,
        "kg"
    ],
    "20822_failureRate": 0.0002,
    "20823_mass": [
        5.5,
        "kg"
    ]
}