{
    "22273_mass": [
        37,
        "kg"
    ],
    "22274_failureRate": 0.00010002199760000001,
    "22275_logFailureRate": -3.9999044761431417,
    "22281_failureRate": 0.0001,
    "22282_mass": [
        6,
        "kg"
    ],
    "22289_failureRate": 0.0001,
    "22290_mass": [
        3,
        "kg"
    ],
    "22297_failureRate": 0.0001,
    "22298_mass": [
        3,
        "kg"
    ],
    "22305_failureRate": 2e-05,
    "22306_mass": [
        10,
        "kg"
    ],
    "22312_failureRate": 0.0002,
    "22313_mass": [
        5.5,
        "kg"
    ],
    "22319_failureRate": 0.0001,
    "22320_mass": [
        9.5,
        "kg"
    ]
}