{
    "116998_mass": [
        15.5,
        "kg"
    ],
    "116999_failureRate": 0.00022998300040000003,
    "117000_logFailureRate": -3.6383042644403436,
    "117006_failureRate": 5e-05,
    "117007_mass": [
        9,
        "kg"
    ],
    "117014_failureRate": 0.0001,
    "117015_mass": [
        3,
        "kg"
    ],
    "117021_failureRate": 8e-05,
    "117022_mass": [
        3.5,
        "kg"
    ]
}