{
    "61817_mass": [
        27.5,
        "kg"
    ],
    "61818_failureRate": 0.00013999600799888005,
    "61819_logFailureRate": -3.8538843480987355,
    "61825_failureRate": 0.0001,
    "61826_mass": [
        6,
        "kg"
    ],
    "61833_failureRate": 4e-05,
    "61834_mass": [
        5,
        "kg"
    ],
    "61840_failureRate": 0.0002,
    "61841_mass": [
        5.5,
        "kg"
    ],
    "61847_failureRate": 0.0002,
    "61848_mass": [
        5.5,
        "kg"
    ],
    "61854_failureRate": 0.0002,
    "61855_mass": [
        5.5,
        "kg"
    ]
}