{
    "58665_mass": [
        50.5,
        "kg"
    ],
    "58666_failureRate": 2.7736088505717324e-11,
    "58667_logFailureRate": -10.556954785517966,
    "58673_failureRate": 0.00015,
    "58674_mass": [
        3,
        "kg"
    ],
    "58680_failureRate": 0.00015,
    "58681_mass": [
        3,
        "kg"
    ],
    "58687_failureRate": 0.00015,
    "58688_mass": [
        3,
        "kg"
    ],
    "58695_failureRate": 4e-05,
    "58696_mass": [
        5,
        "kg"
    ],
    "58703_failureRate": 2e-05,
    "58704_mass": [
        10,
        "kg"
    ],
    "58711_failureRate": 2e-05,
    "58712_mass": [
        10,
        "kg"
    ],
    "58718_failureRate": 0.0002,
    "58719_mass": [
        5.5,
        "kg"
    ],
    "58725_failureRate": 0.0002,
    "58726_mass": [
        5.5,
        "kg"
    ],
    "58732_failureRate": 0.0002,
    "58733_mass": [
        5.5,
        "kg"
    ]
}