{
    "119842_mass": [
        52.5,
        "kg"
    ],
    "119843_failureRate": 1.0498899910017499e-11,
    "119844_logFailureRate": -10.978856204552773,
    "119850_failureRate": 0.00015,
    "119851_mass": [
        3,
        "kg"
    ],
    "119857_failureRate": 0.0001,
    "119858_mass": [
        6,
        "kg"
    ],
    "119864_failureRate": 0.0001,
    "119865_mass": [
        6,
        "kg"
    ],
    "119872_failureRate": 0.0001,
    "119873_mass": [
        3,
        "kg"
    ],
    "119880_failureRate": 0.0001,
    "119881_mass": [
        3,
        "kg"
    ],
    "119888_failureRate": 0.0001,
    "119889_mass": [
        3,
        "kg"
    ],
    "119895_failureRate": 0.0001,
    "119896_mass": [
        9.5,
        "kg"
    ],
    "119902_failureRate": 0.0001,
    "119903_mass": [
        9.5,
        "kg"
    ],
    "119909_failureRate": 0.0001,
    "119910_mass": [
        9.5,
        "kg"
    ]
}