{
    "174956_mass": [
        41.5,
        "kg"
    ],
    "174957_failureRate": 7.602155865761536e-09,
    "174958_logFailureRate": -8.119063230372719,
    "174964_failureRate": 0.00015,
    "174965_mass": [
        3,
        "kg"
    ],
    "174971_failureRate": 0.0001,
    "174972_mass": [
        6,
        "kg"
    ],
    "174978_failureRate": 0.0001,
    "174979_mass": [
        6,
        "kg"
    ],
    "174986_failureRate": 4e-05,
    "174987_mass": [
        5,
        "kg"
    ],
    "174994_failureRate": 4e-05,
    "174995_mass": [
        5,
        "kg"
    ],
    "175001_failureRate": 8e-05,
    "175002_mass": [
        3.5,
        "kg"
    ],
    "175008_failureRate": 8e-05,
    "175009_mass": [
        3.5,
        "kg"
    ],
    "175015_failureRate": 0.0001,
    "175016_mass": [
        9.5,
        "kg"
    ]
}