{
    "58306_mass": [
        33.5,
        "kg"
    ],
    "58307_failureRate": 5.001799989980001e-05,
    "58308_logFailureRate": -4.300873678656039,
    "58314_failureRate": 5e-05,
    "58315_mass": [
        9,
        "kg"
    ],
    "58322_failureRate": 0.0001,
    "58323_mass": [
        3,
        "kg"
    ],
    "58330_failureRate": 0.0001,
    "58331_mass": [
        3,
        "kg"
    ],
    "58337_failureRate": 8e-05,
    "58338_mass": [
        3.5,
        "kg"
    ],
    "58344_failureRate": 0.0002,
    "58345_mass": [
        5.5,
        "kg"
    ],
    "58351_failureRate": 0.0001,
    "58352_mass": [
        9.5,
        "kg"
    ]
}