{
    "2208_mass": [
        33.5,
        "kg"
    ],
    "2209_failureRate": 8.001499904988002e-05,
    "2210_logFailureRate": -4.0968285955827595,
    "2216_failureRate": 0.0001,
    "2217_mass": [
        6,
        "kg"
    ],
    "2223_failureRate": 5e-05,
    "2224_mass": [
        9,
        "kg"
    ],
    "2230_failureRate": 5e-05,
    "2231_mass": [
        9,
        "kg"
    ],
    "2238_failureRate": 0.0001,
    "2239_mass": [
        3,
        "kg"
    ],
    "2246_failureRate": 0.0001,
    "2247_mass": [
        3,
        "kg"
    ],
    "2253_failureRate": 8e-05,
    "2254_mass": [
        3.5,
        "kg"
    ]
}