{
    "120998_mass": [
        25.5,
        "kg"
    ],
    "120999_failureRate": 1.800938501391223e-08,
    "121000_logFailureRate": -7.7445011172540115,
    "121006_failureRate": 0.00015,
    "121007_mass": [
        3,
        "kg"
    ],
    "121013_failureRate": 0.00015,
    "121014_mass": [
        3,
        "kg"
    ],
    "121020_failureRate": 0.00015,
    "121021_mass": [
        3,
        "kg"
    ],
    "121028_failureRate": 0.0001,
    "121029_mass": [
        3,
        "kg"
    ],
    "121036_failureRate": 0.0001,
    "121037_mass": [
        3,
        "kg"
    ],
    "121043_failureRate": 8e-05,
    "121044_mass": [
        3.5,
        "kg"
    ],
    "121050_failureRate": 8e-05,
    "121051_mass": [
        3.5,
        "kg"
    ],
    "121057_failureRate": 8e-05,
    "121058_mass": [
        3.5,
        "kg"
    ]
}