{
    "22010_mass": [
        26.5,
        "kg"
    ],
    "22011_failureRate": 0.00029998000099970004,
    "22012_logFailureRate": -3.522907697763629,
    "22018_failureRate": 0.0001,
    "22019_mass": [
        6,
        "kg"
    ],
    "22025_failureRate": 0.0001,
    "22026_mass": [
        6,
        "kg"
    ],
    "22032_failureRate": 0.0001,
    "22033_mass": [
        6,
        "kg"
    ],
    "22040_failureRate": 0.0001,
    "22041_mass": [
        3,
        "kg"
    ],
    "22047_failureRate": 0.0002,
    "22048_mass": [
        5.5,
        "kg"
    ]
}