{
    "2028_mass": [
        19.5,
        "kg"
    ],
    "2029_failureRate": 0.00024000699640012,
    "2030_logFailureRate": -3.6197760980647375,
    "2036_failureRate": 0.00015,
    "2037_mass": [
        3,
        "kg"
    ],
    "2043_failureRate": 0.0001,
    "2044_mass": [
        6,
        "kg"
    ],
    "2051_failureRate": 4e-05,
    "2052_mass": [
        5,
        "kg"
    ],
    "2058_failureRate": 0.0002,
    "2059_mass": [
        5.5,
        "kg"
    ]
}