{
    "156470_mass": [
        28.5,
        "kg"
    ],
    "156471_failureRate": 0.0002499850007998,
    "156472_logFailureRate": -3.6020860483891597,
    "156478_failureRate": 0.00015,
    "156479_mass": [
        3,
        "kg"
    ],
    "156486_failureRate": 0.0001,
    "156487_mass": [
        3,
        "kg"
    ],
    "156493_failureRate": 8e-05,
    "156494_mass": [
        3.5,
        "kg"
    ],
    "156500_failureRate": 0.0001,
    "156501_mass": [
        9.5,
        "kg"
    ],
    "156507_failureRate": 0.0001,
    "156508_mass": [
        9.5,
        "kg"
    ]
}