{
    "39372_mass": [
        35.5,
        "kg"
    ],
    "39373_failureRate": 0.000199990399920004,
    "39374_logFailureRate": -3.698990851145191,
    "39380_failureRate": 0.0001,
    "39381_mass": [
        6,
        "kg"
    ],
    "39388_failureRate": 2e-05,
    "39389_mass": [
        10,
        "kg"
    ],
    "39396_failureRate": 2e-05,
    "39397_mass": [
        10,
        "kg"
    ],
    "39403_failureRate": 0.0001,
    "39404_mass": [
        9.5,
        "kg"
    ]
}