{
    "155950_mass": [
        55.5,
        "kg"
    ],
    "155951_failureRate": 1.0025648140992094e-09,
    "155952_logFailureRate": -8.998887541405292,
    "155958_failureRate": 5e-05,
    "155959_mass": [
        9,
        "kg"
    ],
    "155965_failureRate": 5e-05,
    "155966_mass": [
        9,
        "kg"
    ],
    "155972_failureRate": 5e-05,
    "155973_mass": [
        9,
        "kg"
    ],
    "155980_failureRate": 0.0001,
    "155981_mass": [
        3,
        "kg"
    ],
    "155988_failureRate": 0.0001,
    "155989_mass": [
        3,
        "kg"
    ],
    "155996_failureRate": 2e-05,
    "155997_mass": [
        10,
        "kg"
    ],
    "156003_failureRate": 8e-05,
    "156004_mass": [
        3.5,
        "kg"
    ],
    "156010_failureRate": 8e-05,
    "156011_mass": [
        3.5,
        "kg"
    ],
    "156017_failureRate": 0.0002,
    "156018_mass": [
        5.5,
        "kg"
    ]
}