{
    "80927_mass": [
        29.5,
        "kg"
    ],
    "80928_failureRate": 8.002589741804082e-05,
    "80929_logFailureRate": -4.09676944693681,
    "80935_failureRate": 0.00015,
    "80936_mass": [
        3,
        "kg"
    ],
    "80942_failureRate": 0.00015,
    "80943_mass": [
        3,
        "kg"
    ],
    "80950_failureRate": 2e-05,
    "80951_mass": [
        10,
        "kg"
    ],
    "80958_failureRate": 2e-05,
    "80959_mass": [
        10,
        "kg"
    ],
    "80965_failureRate": 8e-05,
    "80966_mass": [
        3.5,
        "kg"
    ]
}