{
    "155356_mass": [
        44.5,
        "kg"
    ],
    "155357_failureRate": 0.00010000040205971802,
    "155358_logFailureRate": -3.999998253880341,
    "155364_failureRate": 0.00015,
    "155365_mass": [
        3,
        "kg"
    ],
    "155371_failureRate": 0.0001,
    "155372_mass": [
        6,
        "kg"
    ],
    "155378_failureRate": 0.0001,
    "155379_mass": [
        6,
        "kg"
    ],
    "155386_failureRate": 2e-05,
    "155387_mass": [
        10,
        "kg"
    ],
    "155394_failureRate": 2e-05,
    "155395_mass": [
        10,
        "kg"
    ],
    "155401_failureRate": 0.0001,
    "155402_mass": [
        9.5,
        "kg"
    ]
}