{
    "80069_mass": [
        33.5,
        "kg"
    ],
    "80070_failureRate": 0.00020000600045962403,
    "80071_logFailureRate": -3.6989569746989592,
    "80077_failureRate": 0.00015,
    "80078_mass": [
        3,
        "kg"
    ],
    "80084_failureRate": 0.0001,
    "80085_mass": [
        6,
        "kg"
    ],
    "80091_failureRate": 0.0001,
    "80092_mass": [
        6,
        "kg"
    ],
    "80099_failureRate": 0.0001,
    "80100_mass": [
        3,
        "kg"
    ],
    "80107_failureRate": 4e-05,
    "80108_mass": [
        5,
        "kg"
    ],
    "80115_failureRate": 4e-05,
    "80116_mass": [
        5,
        "kg"
    ],
    "80122_failureRate": 0.0002,
    "80123_mass": [
        5.5,
        "kg"
    ]
}