{
    "62602_mass": [
        38.5,
        "kg"
    ],
    "62603_failureRate": 2.3483208929374418e-11,
    "62604_logFailureRate": -10.629242557973903,
    "62610_failureRate": 0.00015,
    "62611_mass": [
        3,
        "kg"
    ],
    "62617_failureRate": 0.00015,
    "62618_mass": [
        3,
        "kg"
    ],
    "62624_failureRate": 0.00015,
    "62625_mass": [
        3,
        "kg"
    ],
    "62632_failureRate": 0.0001,
    "62633_mass": [
        3,
        "kg"
    ],
    "62640_failureRate": 4e-05,
    "62641_mass": [
        5,
        "kg"
    ],
    "62648_failureRate": 4e-05,
    "62649_mass": [
        5,
        "kg"
    ],
    "62655_failureRate": 0.0002,
    "62656_mass": [
        5.5,
        "kg"
    ],
    "62662_failureRate": 0.0002,
    "62663_mass": [
        5.5,
        "kg"
    ],
    "62669_failureRate": 0.0002,
    "62670_mass": [
        5.5,
        "kg"
    ]
}