{
    "100327_mass": [
        47.5,
        "kg"
    ],
    "100328_failureRate": 2.00000043749125e-05,
    "100329_logFailureRate": -4.698969909336012,
    "100335_failureRate": 0.00015,
    "100336_mass": [
        3,
        "kg"
    ],
    "100342_failureRate": 0.00015,
    "100343_mass": [
        3,
        "kg"
    ],
    "100349_failureRate": 0.00015,
    "100350_mass": [
        3,
        "kg"
    ],
    "100357_failureRate": 2e-05,
    "100358_mass": [
        10,
        "kg"
    ],
    "100364_failureRate": 0.0001,
    "100365_mass": [
        9.5,
        "kg"
    ],
    "100371_failureRate": 0.0001,
    "100372_mass": [
        9.5,
        "kg"
    ],
    "100378_failureRate": 0.0001,
    "100379_mass": [
        9.5,
        "kg"
    ]
}