{
    "4460_mass": [
        25.5,
        "kg"
    ],
    "4461_failureRate": 0.000100008399000016,
    "4462_logFailureRate": -3.999963525138136,
    "4468_failureRate": 0.0001,
    "4469_mass": [
        6,
        "kg"
    ],
    "4475_failureRate": 0.0001,
    "4476_mass": [
        6,
        "kg"
    ],
    "4483_failureRate": 2e-05,
    "4484_mass": [
        10,
        "kg"
    ],
    "4490_failureRate": 8e-05,
    "4491_mass": [
        3.5,
        "kg"
    ]
}