{
    "121453_mass": [
        26.5,
        "kg"
    ],
    "121454_failureRate": 4.001500067994879e-05,
    "121455_logFailureRate": -4.39777717139034,
    "121461_failureRate": 0.00015,
    "121462_mass": [
        3,
        "kg"
    ],
    "121468_failureRate": 0.0001,
    "121469_mass": [
        6,
        "kg"
    ],
    "121476_failureRate": 4e-05,
    "121477_mass": [
        5,
        "kg"
    ],
    "121483_failureRate": 8e-05,
    "121484_mass": [
        3.5,
        "kg"
    ],
    "121490_failureRate": 8e-05,
    "121491_mass": [
        3.5,
        "kg"
    ],
    "121497_failureRate": 0.0002,
    "121498_mass": [
        5.5,
        "kg"
    ]
}