{
    "155277_mass": [
        18.5,
        "kg"
    ],
    "155278_failureRate": 0.00024999499750015,
    "155279_logFailureRate": -3.6020686816472316,
    "155285_failureRate": 0.00015,
    "155286_mass": [
        3,
        "kg"
    ],
    "155293_failureRate": 0.0001,
    "155294_mass": [
        3,
        "kg"
    ],
    "155301_failureRate": 0.0001,
    "155302_mass": [
        3,
        "kg"
    ],
    "155308_failureRate": 0.0001,
    "155309_mass": [
        9.5,
        "kg"
    ]
}