{
    "61994_mass": [
        28.5,
        "kg"
    ],
    "61995_failureRate": 8.001000015981121e-05,
    "61996_logFailureRate": -4.096855728723006,
    "62002_failureRate": 0.0001,
    "62003_mass": [
        6,
        "kg"
    ],
    "62009_failureRate": 0.0001,
    "62010_mass": [
        6,
        "kg"
    ],
    "62017_failureRate": 0.0001,
    "62018_mass": [
        3,
        "kg"
    ],
    "62025_failureRate": 4e-05,
    "62026_mass": [
        5,
        "kg"
    ],
    "62033_failureRate": 4e-05,
    "62034_mass": [
        5,
        "kg"
    ],
    "62040_failureRate": 8e-05,
    "62041_mass": [
        3.5,
        "kg"
    ]
}