{
    "38950_mass": [
        26.5,
        "kg"
    ],
    "38951_failureRate": 0.00014000599860004002,
    "38952_logFailureRate": -3.853853356442574,
    "38958_failureRate": 0.0001,
    "38959_mass": [
        6,
        "kg"
    ],
    "38965_failureRate": 0.0001,
    "38966_mass": [
        6,
        "kg"
    ],
    "38973_failureRate": 4e-05,
    "38974_mass": [
        5,
        "kg"
    ],
    "38980_failureRate": 0.0001,
    "38981_mass": [
        9.5,
        "kg"
    ]
}