{
    "42961_mass": [
        41.5,
        "kg"
    ],
    "42962_failureRate": 6.499549950004002e-08,
    "42963_logFailureRate": -7.187116714279703,
    "42969_failureRate": 0.0001,
    "42970_mass": [
        6,
        "kg"
    ],
    "42976_failureRate": 5e-05,
    "42977_mass": [
        9,
        "kg"
    ],
    "42984_failureRate": 0.0001,
    "42985_mass": [
        3,
        "kg"
    ],
    "42992_failureRate": 0.0001,
    "42993_mass": [
        3,
        "kg"
    ],
    "42999_failureRate": 0.0002,
    "43000_mass": [
        5.5,
        "kg"
    ],
    "43006_failureRate": 0.0002,
    "43007_mass": [
        5.5,
        "kg"
    ],
    "43013_failureRate": 0.0001,
    "43014_mass": [
        9.5,
        "kg"
    ]
}