{
    "22454_mass": [
        30.5,
        "kg"
    ],
    "22455_failureRate": 0.00015000000479912,
    "22456_logFailureRate": -3.8239087270494436,
    "22462_failureRate": 0.00015,
    "22463_mass": [
        3,
        "kg"
    ],
    "22470_failureRate": 0.0001,
    "22471_mass": [
        3,
        "kg"
    ],
    "22478_failureRate": 4e-05,
    "22479_mass": [
        5,
        "kg"
    ],
    "22486_failureRate": 4e-05,
    "22487_mass": [
        5,
        "kg"
    ],
    "22493_failureRate": 8e-05,
    "22494_mass": [
        3.5,
        "kg"
    ],
    "22500_failureRate": 0.0002,
    "22501_mass": [
        5.5,
        "kg"
    ],
    "22507_failureRate": 0.0002,
    "22508_mass": [
        5.5,
        "kg"
    ]
}