{
    "117793_mass": [
        19.5,
        "kg"
    ],
    "117794_failureRate": 0.00019999000051189761,
    "117795_logFailureRate": -3.698991718491373,
    "117801_failureRate": 0.0001,
    "117802_mass": [
        6,
        "kg"
    ],
    "117809_failureRate": 0.0001,
    "117810_mass": [
        3,
        "kg"
    ],
    "117816_failureRate": 8e-05,
    "117817_mass": [
        3.5,
        "kg"
    ],
    "117823_failureRate": 8e-05,
    "117824_mass": [
        3.5,
        "kg"
    ],
    "117830_failureRate": 8e-05,
    "117831_mass": [
        3.5,
        "kg"
    ]
}