{
    "22841_mass": [
        24.5,
        "kg"
    ],
    "22842_failureRate": 0.00021999600337425752,
    "22843_logFailureRate": -3.6575852088517586,
    "22849_failureRate": 0.00015,
    "22850_mass": [
        3,
        "kg"
    ],
    "22856_failureRate": 0.00015,
    "22857_mass": [
        3,
        "kg"
    ],
    "22863_failureRate": 0.00015,
    "22864_mass": [
        3,
        "kg"
    ],
    "22871_failureRate": 2e-05,
    "22872_mass": [
        10,
        "kg"
    ],
    "22878_failureRate": 0.0002,
    "22879_mass": [
        5.5,
        "kg"
    ]
}