{
    "3055_mass": [
        66.5,
        "kg"
    ],
    "3056_failureRate": 4.404119635987603e-09,
    "3057_logFailureRate": -8.356140892120006,
    "3063_failureRate": 0.0001,
    "3064_mass": [
        6,
        "kg"
    ],
    "3070_failureRate": 0.0001,
    "3071_mass": [
        6,
        "kg"
    ],
    "3077_failureRate": 0.0001,
    "3078_mass": [
        6,
        "kg"
    ],
    "3085_failureRate": 2e-05,
    "3086_mass": [
        10,
        "kg"
    ],
    "3093_failureRate": 2e-05,
    "3094_mass": [
        10,
        "kg"
    ],
    "3100_failureRate": 0.0001,
    "3101_mass": [
        9.5,
        "kg"
    ],
    "3107_failureRate": 0.0001,
    "3108_mass": [
        9.5,
        "kg"
    ],
    "3114_failureRate": 0.0001,
    "3115_mass": [
        9.5,
        "kg"
    ]
}