{
    "153907_mass": [
        31.5,
        "kg"
    ],
    "153908_failureRate": 1.8002226634090483e-08,
    "153909_logFailureRate": -7.744673775169312,
    "153915_failureRate": 0.00015,
    "153916_mass": [
        3,
        "kg"
    ],
    "153922_failureRate": 0.00015,
    "153923_mass": [
        3,
        "kg"
    ],
    "153929_failureRate": 5e-05,
    "153930_mass": [
        9,
        "kg"
    ],
    "153937_failureRate": 0.0001,
    "153938_mass": [
        3,
        "kg"
    ],
    "153945_failureRate": 0.0001,
    "153946_mass": [
        3,
        "kg"
    ],
    "153952_failureRate": 8e-05,
    "153953_mass": [
        3.5,
        "kg"
    ],
    "153959_failureRate": 8e-05,
    "153960_mass": [
        3.5,
        "kg"
    ],
    "153966_failureRate": 8e-05,
    "153967_mass": [
        3.5,
        "kg"
    ]
}