{
    "156277_mass": [
        29,
        "kg"
    ],
    "156278_failureRate": 9.248875000002999e-08,
    "156279_logFailureRate": -7.03391109007224,
    "156285_failureRate": 0.00015,
    "156286_mass": [
        3,
        "kg"
    ],
    "156292_failureRate": 5e-05,
    "156293_mass": [
        9,
        "kg"
    ],
    "156300_failureRate": 0.0001,
    "156301_mass": [
        3,
        "kg"
    ],
    "156308_failureRate": 0.0001,
    "156309_mass": [
        3,
        "kg"
    ],
    "156315_failureRate": 0.0002,
    "156316_mass": [
        5.5,
        "kg"
    ],
    "156322_failureRate": 0.0002,
    "156323_mass": [
        5.5,
        "kg"
    ]
}