{
    "99710_mass": [
        41,
        "kg"
    ],
    "99711_failureRate": 6.4072041011285e-09,
    "99712_logFailureRate": -8.193331441361343,
    "99718_failureRate": 0.00015,
    "99719_mass": [
        3,
        "kg"
    ],
    "99725_failureRate": 0.00015,
    "99726_mass": [
        3,
        "kg"
    ],
    "99732_failureRate": 0.00015,
    "99733_mass": [
        3,
        "kg"
    ],
    "99740_failureRate": 4e-05,
    "99741_mass": [
        5,
        "kg"
    ],
    "99748_failureRate": 2e-05,
    "99749_mass": [
        10,
        "kg"
    ],
    "99756_failureRate": 2e-05,
    "99757_mass": [
        10,
        "kg"
    ],
    "99763_failureRate": 8e-05,
    "99764_mass": [
        3.5,
        "kg"
    ],
    "99770_failureRate": 8e-05,
    "99771_mass": [
        3.5,
        "kg"
    ]
}