{
    "3161_mass": [
        41,
        "kg"
    ],
    "3162_failureRate": 2.0019999599900004e-05,
    "3163_logFailureRate": -4.698535935536082,
    "3169_failureRate": 0.0001,
    "3170_mass": [
        6,
        "kg"
    ],
    "3176_failureRate": 0.0001,
    "3177_mass": [
        6,
        "kg"
    ],
    "3184_failureRate": 2e-05,
    "3185_mass": [
        10,
        "kg"
    ],
    "3191_failureRate": 0.0001,
    "3192_mass": [
        9.5,
        "kg"
    ],
    "3198_failureRate": 0.0001,
    "3199_mass": [
        9.5,
        "kg"
    ]
}