{
    "157602_mass": [
        22.5,
        "kg"
    ],
    "157603_failureRate": 0.00024998500063984,
    "157604_logFailureRate": -3.602086048667055,
    "157610_failureRate": 0.00015,
    "157611_mass": [
        3,
        "kg"
    ],
    "157618_failureRate": 0.0001,
    "157619_mass": [
        3,
        "kg"
    ],
    "157625_failureRate": 8e-05,
    "157626_mass": [
        3.5,
        "kg"
    ],
    "157632_failureRate": 8e-05,
    "157633_mass": [
        3.5,
        "kg"
    ],
    "157639_failureRate": 0.0001,
    "157640_mass": [
        9.5,
        "kg"
    ]
}