{
    "174846_mass": [
        41,
        "kg"
    ],
    "174847_failureRate": 2.0004784421462654e-08,
    "174848_logFailureRate": -7.698866124368646,
    "174854_failureRate": 0.00015,
    "174855_mass": [
        3,
        "kg"
    ],
    "174861_failureRate": 0.00015,
    "174862_mass": [
        3,
        "kg"
    ],
    "174868_failureRate": 0.00015,
    "174869_mass": [
        3,
        "kg"
    ],
    "174876_failureRate": 0.0001,
    "174877_mass": [
        3,
        "kg"
    ],
    "174884_failureRate": 4e-05,
    "174885_mass": [
        5,
        "kg"
    ],
    "174892_failureRate": 4e-05,
    "174893_mass": [
        5,
        "kg"
    ],
    "174899_failureRate": 0.0001,
    "174900_mass": [
        9.5,
        "kg"
    ],
    "174906_failureRate": 0.0001,
    "174907_mass": [
        9.5,
        "kg"
    ]
}