{
    "24144_mass": [
        45.5,
        "kg"
    ],
    "24145_failureRate": 5.0013999899870005e-05,
    "24146_logFailureRate": -4.300908411099689,
    "24152_failureRate": 5e-05,
    "24153_mass": [
        9,
        "kg"
    ],
    "24160_failureRate": 0.0001,
    "24161_mass": [
        3,
        "kg"
    ],
    "24168_failureRate": 4e-05,
    "24169_mass": [
        5,
        "kg"
    ],
    "24175_failureRate": 0.0001,
    "24176_mass": [
        9.5,
        "kg"
    ],
    "24182_failureRate": 0.0001,
    "24183_mass": [
        9.5,
        "kg"
    ],
    "24189_failureRate": 0.0001,
    "24190_mass": [
        9.5,
        "kg"
    ]
}