{
    "99608_mass": [
        41.5,
        "kg"
    ],
    "99609_failureRate": 2.2801759887968005e-08,
    "99610_logFailureRate": -7.642031631940906,
    "99616_failureRate": 0.0001,
    "99617_mass": [
        6,
        "kg"
    ],
    "99623_failureRate": 0.0001,
    "99624_mass": [
        6,
        "kg"
    ],
    "99631_failureRate": 4e-05,
    "99632_mass": [
        5,
        "kg"
    ],
    "99639_failureRate": 2e-05,
    "99640_mass": [
        10,
        "kg"
    ],
    "99646_failureRate": 8e-05,
    "99647_mass": [
        3.5,
        "kg"
    ],
    "99653_failureRate": 0.0002,
    "99654_mass": [
        5.5,
        "kg"
    ],
    "99660_failureRate": 0.0002,
    "99661_mass": [
        5.5,
        "kg"
    ]
}