{
    "20581_mass": [
        35.5,
        "kg"
    ],
    "20582_failureRate": 0.000100025896900051,
    "20583_logFailureRate": -3.9998875457525482,
    "20589_failureRate": 0.00015,
    "20590_mass": [
        3,
        "kg"
    ],
    "20596_failureRate": 0.00015,
    "20597_mass": [
        3,
        "kg"
    ],
    "20604_failureRate": 2e-05,
    "20605_mass": [
        10,
        "kg"
    ],
    "20612_failureRate": 2e-05,
    "20613_mass": [
        10,
        "kg"
    ],
    "20619_failureRate": 0.0001,
    "20620_mass": [
        9.5,
        "kg"
    ]
}