{
    "138427_mass": [
        13,
        "kg"
    ],
    "138428_failureRate": 0.000249991398400096,
    "138429_logFailureRate": -3.6020749340945226,
    "138435_failureRate": 0.00015,
    "138436_mass": [
        3,
        "kg"
    ],
    "138443_failureRate": 0.0001,
    "138444_mass": [
        3,
        "kg"
    ],
    "138450_failureRate": 8e-05,
    "138451_mass": [
        3.5,
        "kg"
    ],
    "138457_failureRate": 8e-05,
    "138458_mass": [
        3.5,
        "kg"
    ]
}