{
    "79493_mass": [
        24.5,
        "kg"
    ],
    "79494_failureRate": 8.00322958261452e-05,
    "79495_logFailureRate": -4.096734724648899,
    "79501_failureRate": 0.00015,
    "79502_mass": [
        3,
        "kg"
    ],
    "79508_failureRate": 0.00015,
    "79509_mass": [
        3,
        "kg"
    ],
    "79516_failureRate": 4e-05,
    "79517_mass": [
        5,
        "kg"
    ],
    "79524_failureRate": 2e-05,
    "79525_mass": [
        10,
        "kg"
    ],
    "79531_failureRate": 8e-05,
    "79532_mass": [
        3.5,
        "kg"
    ]
}