{
    "139696_mass": [
        59.5,
        "kg"
    ],
    "139697_failureRate": 2.000957389248775e-08,
    "139698_logFailureRate": -7.698762159645231,
    "139704_failureRate": 5e-05,
    "139705_mass": [
        9,
        "kg"
    ],
    "139711_failureRate": 5e-05,
    "139712_mass": [
        9,
        "kg"
    ],
    "139718_failureRate": 5e-05,
    "139719_mass": [
        9,
        "kg"
    ],
    "139726_failureRate": 0.0001,
    "139727_mass": [
        3,
        "kg"
    ],
    "139734_failureRate": 0.0001,
    "139735_mass": [
        3,
        "kg"
    ],
    "139742_failureRate": 2e-05,
    "139743_mass": [
        10,
        "kg"
    ],
    "139749_failureRate": 0.0002,
    "139750_mass": [
        5.5,
        "kg"
    ],
    "139756_failureRate": 0.0002,
    "139757_mass": [
        5.5,
        "kg"
    ],
    "139763_failureRate": 0.0002,
    "139764_mass": [
        5.5,
        "kg"
    ]
}