{
    "100724_mass": [
        45.5,
        "kg"
    ],
    "100725_failureRate": 8.749849754527e-12,
    "100726_logFailureRate": -11.057999404273694,
    "100732_failureRate": 0.00015,
    "100733_mass": [
        3,
        "kg"
    ],
    "100739_failureRate": 0.0001,
    "100740_mass": [
        6,
        "kg"
    ],
    "100746_failureRate": 5e-05,
    "100747_mass": [
        9,
        "kg"
    ],
    "100754_failureRate": 0.0001,
    "100755_mass": [
        3,
        "kg"
    ],
    "100762_failureRate": 0.0001,
    "100763_mass": [
        3,
        "kg"
    ],
    "100770_failureRate": 0.0001,
    "100771_mass": [
        3,
        "kg"
    ],
    "100777_failureRate": 8e-05,
    "100778_mass": [
        3.5,
        "kg"
    ],
    "100784_failureRate": 0.0002,
    "100785_mass": [
        5.5,
        "kg"
    ],
    "100791_failureRate": 0.0001,
    "100792_mass": [
        9.5,
        "kg"
    ]
}