{
    "175279_mass": [
        25,
        "kg"
    ],
    "175280_failureRate": 0.00012001399808003201,
    "175281_logFailureRate": -3.9207680961659905,
    "175287_failureRate": 0.0001,
    "175288_mass": [
        6,
        "kg"
    ],
    "175295_failureRate": 2e-05,
    "175296_mass": [
        10,
        "kg"
    ],
    "175302_failureRate": 8e-05,
    "175303_mass": [
        3.5,
        "kg"
    ],
    "175309_failureRate": 0.0002,
    "175310_mass": [
        5.5,
        "kg"
    ]
}