{
    "42438_mass": [
        29,
        "kg"
    ],
    "42439_failureRate": 3.31969760704e-08,
    "42440_logFailureRate": -7.478901474601705,
    "42446_failureRate": 0.0001,
    "42447_mass": [
        6,
        "kg"
    ],
    "42453_failureRate": 0.0001,
    "42454_mass": [
        6,
        "kg"
    ],
    "42461_failureRate": 4e-05,
    "42462_mass": [
        5,
        "kg"
    ],
    "42469_failureRate": 4e-05,
    "42470_mass": [
        5,
        "kg"
    ],
    "42476_failureRate": 8e-05,
    "42477_mass": [
        3.5,
        "kg"
    ],
    "42483_failureRate": 8e-05,
    "42484_mass": [
        3.5,
        "kg"
    ]
}