{
    "97031_mass": [
        28,
        "kg"
    ],
    "97032_failureRate": 0.00010001799819992002,
    "97033_logFailureRate": -3.999921841844225,
    "97039_failureRate": 0.0001,
    "97040_mass": [
        6,
        "kg"
    ],
    "97046_failureRate": 0.0001,
    "97047_mass": [
        6,
        "kg"
    ],
    "97054_failureRate": 0.0001,
    "97055_mass": [
        3,
        "kg"
    ],
    "97061_failureRate": 8e-05,
    "97062_mass": [
        3.5,
        "kg"
    ],
    "97068_failureRate": 0.0001,
    "97069_mass": [
        9.5,
        "kg"
    ]
}