{
    "101385_mass": [
        20,
        "kg"
    ],
    "101386_failureRate": 0.0001700033989120192,
    "101387_logFailureRate": -3.7695423955983256,
    "101393_failureRate": 0.00015,
    "101394_mass": [
        3,
        "kg"
    ],
    "101401_failureRate": 2e-05,
    "101402_mass": [
        10,
        "kg"
    ],
    "101408_failureRate": 8e-05,
    "101409_mass": [
        3.5,
        "kg"
    ],
    "101415_failureRate": 8e-05,
    "101416_mass": [
        3.5,
        "kg"
    ]
}