{
    "77596_mass": [
        37,
        "kg"
    ],
    "77597_failureRate": 4.999500000001e-08,
    "77598_logFailureRate": -7.3010734272837015,
    "77604_failureRate": 0.0001,
    "77605_mass": [
        6,
        "kg"
    ],
    "77611_failureRate": 0.0001,
    "77612_mass": [
        6,
        "kg"
    ],
    "77619_failureRate": 0.0001,
    "77620_mass": [
        3,
        "kg"
    ],
    "77627_failureRate": 0.0001,
    "77628_mass": [
        3,
        "kg"
    ],
    "77634_failureRate": 0.0001,
    "77635_mass": [
        9.5,
        "kg"
    ],
    "77641_failureRate": 0.0001,
    "77642_mass": [
        9.5,
        "kg"
    ]
}