{
    "156751_mass": [
        36.5,
        "kg"
    ],
    "156752_failureRate": 8.002037171742853e-09,
    "156753_logFailureRate": -8.096799435530714,
    "156759_failureRate": 0.00015,
    "156760_mass": [
        3,
        "kg"
    ],
    "156766_failureRate": 0.00015,
    "156767_mass": [
        3,
        "kg"
    ],
    "156773_failureRate": 5e-05,
    "156774_mass": [
        9,
        "kg"
    ],
    "156781_failureRate": 0.0001,
    "156782_mass": [
        3,
        "kg"
    ],
    "156789_failureRate": 0.0001,
    "156790_mass": [
        3,
        "kg"
    ],
    "156797_failureRate": 4e-05,
    "156798_mass": [
        5,
        "kg"
    ],
    "156804_failureRate": 8e-05,
    "156805_mass": [
        3.5,
        "kg"
    ],
    "156811_failureRate": 8e-05,
    "156812_mass": [
        3.5,
        "kg"
    ],
    "156818_failureRate": 8e-05,
    "156819_mass": [
        3.5,
        "kg"
    ]
}