{
    "41109_mass": [
        34.5,
        "kg"
    ],
    "41110_failureRate": 8.000200203966404e-05,
    "41111_logFailureRate": -4.096899144709315,
    "41117_failureRate": 0.0001,
    "41118_mass": [
        6,
        "kg"
    ],
    "41124_failureRate": 0.0001,
    "41125_mass": [
        6,
        "kg"
    ],
    "41131_failureRate": 0.0001,
    "41132_mass": [
        6,
        "kg"
    ],
    "41139_failureRate": 0.0001,
    "41140_mass": [
        3,
        "kg"
    ],
    "41147_failureRate": 2e-05,
    "41148_mass": [
        10,
        "kg"
    ],
    "41154_failureRate": 8e-05,
    "41155_mass": [
        3.5,
        "kg"
    ]
}