{
    "120612_mass": [
        46.5,
        "kg"
    ],
    "120613_failureRate": 3.2747297914370017e-12,
    "120614_logFailureRate": -11.484824529238368,
    "120620_failureRate": 0.00015,
    "120621_mass": [
        3,
        "kg"
    ],
    "120627_failureRate": 5e-05,
    "120628_mass": [
        9,
        "kg"
    ],
    "120634_failureRate": 5e-05,
    "120635_mass": [
        9,
        "kg"
    ],
    "120642_failureRate": 4e-05,
    "120643_mass": [
        5,
        "kg"
    ],
    "120650_failureRate": 4e-05,
    "120651_mass": [
        5,
        "kg"
    ],
    "120658_failureRate": 4e-05,
    "120659_mass": [
        5,
        "kg"
    ],
    "120665_failureRate": 8e-05,
    "120666_mass": [
        3.5,
        "kg"
    ],
    "120672_failureRate": 8e-05,
    "120673_mass": [
        3.5,
        "kg"
    ],
    "120679_failureRate": 8e-05,
    "120680_mass": [
        3.5,
        "kg"
    ]
}