{
    "78002_mass": [
        55,
        "kg"
    ],
    "78003_failureRate": 1.900186344563708e-08,
    "78004_logFailureRate": -7.72120380723273,
    "78010_failureRate": 0.0001,
    "78011_mass": [
        6,
        "kg"
    ],
    "78017_failureRate": 0.0001,
    "78018_mass": [
        6,
        "kg"
    ],
    "78024_failureRate": 5e-05,
    "78025_mass": [
        9,
        "kg"
    ],
    "78032_failureRate": 4e-05,
    "78033_mass": [
        5,
        "kg"
    ],
    "78040_failureRate": 4e-05,
    "78041_mass": [
        5,
        "kg"
    ],
    "78048_failureRate": 4e-05,
    "78049_mass": [
        5,
        "kg"
    ],
    "78055_failureRate": 0.0001,
    "78056_mass": [
        9.5,
        "kg"
    ],
    "78062_failureRate": 0.0001,
    "78063_mass": [
        9.5,
        "kg"
    ]
}