{
    "136946_mass": [
        31.5,
        "kg"
    ],
    "136947_failureRate": 2.2504679123602352e-08,
    "136948_logFailureRate": -7.647727174942447,
    "136954_failureRate": 0.00015,
    "136955_mass": [
        3,
        "kg"
    ],
    "136961_failureRate": 0.00015,
    "136962_mass": [
        3,
        "kg"
    ],
    "136969_failureRate": 0.0001,
    "136970_mass": [
        3,
        "kg"
    ],
    "136977_failureRate": 4e-05,
    "136978_mass": [
        5,
        "kg"
    ],
    "136985_failureRate": 4e-05,
    "136986_mass": [
        5,
        "kg"
    ],
    "136992_failureRate": 8e-05,
    "136993_mass": [
        3.5,
        "kg"
    ],
    "136999_failureRate": 8e-05,
    "137000_mass": [
        3.5,
        "kg"
    ],
    "137006_failureRate": 0.0002,
    "137007_mass": [
        5.5,
        "kg"
    ]
}