{
    "98833_mass": [
        57.5,
        "kg"
    ],
    "98834_failureRate": 3.2297397604242906e-12,
    "98835_logFailureRate": -11.49083246998003,
    "98841_failureRate": 0.0001,
    "98842_mass": [
        6,
        "kg"
    ],
    "98848_failureRate": 5e-05,
    "98849_mass": [
        9,
        "kg"
    ],
    "98855_failureRate": 5e-05,
    "98856_mass": [
        9,
        "kg"
    ],
    "98863_failureRate": 0.0001,
    "98864_mass": [
        3,
        "kg"
    ],
    "98871_failureRate": 2e-05,
    "98872_mass": [
        10,
        "kg"
    ],
    "98879_failureRate": 2e-05,
    "98880_mass": [
        10,
        "kg"
    ],
    "98886_failureRate": 8e-05,
    "98887_mass": [
        3.5,
        "kg"
    ],
    "98893_failureRate": 8e-05,
    "98894_mass": [
        3.5,
        "kg"
    ],
    "98900_failureRate": 8e-05,
    "98901_mass": [
        3.5,
        "kg"
    ]
}