{
    "39289_mass": [
        27,
        "kg"
    ],
    "39290_failureRate": 4.002299907988001e-05,
    "39291_logFailureRate": -4.3976903710960755,
    "39297_failureRate": 0.00015,
    "39298_mass": [
        3,
        "kg"
    ],
    "39304_failureRate": 0.0001,
    "39305_mass": [
        6,
        "kg"
    ],
    "39312_failureRate": 4e-05,
    "39313_mass": [
        5,
        "kg"
    ],
    "39319_failureRate": 8e-05,
    "39320_mass": [
        3.5,
        "kg"
    ],
    "39326_failureRate": 0.0001,
    "39327_mass": [
        9.5,
        "kg"
    ]
}