{
    "139922_mass": [
        46.5,
        "kg"
    ],
    "139923_failureRate": 3.4999249825e-08,
    "139924_logFailureRate": -7.4559412642312815,
    "139930_failureRate": 0.00015,
    "139931_mass": [
        3,
        "kg"
    ],
    "139937_failureRate": 0.00015,
    "139938_mass": [
        3,
        "kg"
    ],
    "139944_failureRate": 0.0001,
    "139945_mass": [
        6,
        "kg"
    ],
    "139952_failureRate": 0.0001,
    "139953_mass": [
        3,
        "kg"
    ],
    "139960_failureRate": 0.0001,
    "139961_mass": [
        3,
        "kg"
    ],
    "139967_failureRate": 0.0001,
    "139968_mass": [
        9.5,
        "kg"
    ],
    "139974_failureRate": 0.0001,
    "139975_mass": [
        9.5,
        "kg"
    ],
    "139981_failureRate": 0.0001,
    "139982_mass": [
        9.5,
        "kg"
    ]
}