{
    "172362_mass": [
        30.5,
        "kg"
    ],
    "172363_failureRate": 4.751364559029399e-08,
    "172364_logFailureRate": -7.323181646090859,
    "172370_failureRate": 0.00015,
    "172371_mass": [
        3,
        "kg"
    ],
    "172377_failureRate": 0.00015,
    "172378_mass": [
        3,
        "kg"
    ],
    "172385_failureRate": 0.0001,
    "172386_mass": [
        3,
        "kg"
    ],
    "172393_failureRate": 4e-05,
    "172394_mass": [
        5,
        "kg"
    ],
    "172400_failureRate": 0.0002,
    "172401_mass": [
        5.5,
        "kg"
    ],
    "172407_failureRate": 0.0002,
    "172408_mass": [
        5.5,
        "kg"
    ],
    "172414_failureRate": 0.0002,
    "172415_mass": [
        5.5,
        "kg"
    ]
}