{
    "81640_mass": [
        32.5,
        "kg"
    ],
    "81641_failureRate": 2.7819962645508994e-11,
    "81642_logFailureRate": -10.555643457480572,
    "81648_failureRate": 0.00015,
    "81649_mass": [
        3,
        "kg"
    ],
    "81655_failureRate": 0.00015,
    "81656_mass": [
        3,
        "kg"
    ],
    "81662_failureRate": 0.00015,
    "81663_mass": [
        3,
        "kg"
    ],
    "81670_failureRate": 0.0001,
    "81671_mass": [
        3,
        "kg"
    ],
    "81678_failureRate": 0.0001,
    "81679_mass": [
        3,
        "kg"
    ],
    "81686_failureRate": 0.0001,
    "81687_mass": [
        3,
        "kg"
    ],
    "81693_failureRate": 8e-05,
    "81694_mass": [
        3.5,
        "kg"
    ],
    "81700_failureRate": 0.0002,
    "81701_mass": [
        5.5,
        "kg"
    ],
    "81707_failureRate": 0.0002,
    "81708_mass": [
        5.5,
        "kg"
    ]
}