{
    "99492_mass": [
        50.5,
        "kg"
    ],
    "99493_failureRate": 1.2798459952011401e-11,
    "99494_logFailureRate": -10.892842286178878,
    "99500_failureRate": 0.00015,
    "99501_mass": [
        3,
        "kg"
    ],
    "99507_failureRate": 0.0001,
    "99508_mass": [
        6,
        "kg"
    ],
    "99514_failureRate": 0.0001,
    "99515_mass": [
        6,
        "kg"
    ],
    "99522_failureRate": 0.0001,
    "99523_mass": [
        3,
        "kg"
    ],
    "99530_failureRate": 0.0001,
    "99531_mass": [
        3,
        "kg"
    ],
    "99538_failureRate": 4e-05,
    "99539_mass": [
        5,
        "kg"
    ],
    "99545_failureRate": 0.0002,
    "99546_mass": [
        5.5,
        "kg"
    ],
    "99552_failureRate": 0.0001,
    "99553_mass": [
        9.5,
        "kg"
    ],
    "99559_failureRate": 0.0001,
    "99560_mass": [
        9.5,
        "kg"
    ]
}