{
    "175934_mass": [
        57.5,
        "kg"
    ],
    "175935_failureRate": 4.4008599812e-09,
    "175936_logFailureRate": -8.356462448833,
    "175942_failureRate": 0.0001,
    "175943_mass": [
        6,
        "kg"
    ],
    "175949_failureRate": 0.0001,
    "175950_mass": [
        6,
        "kg"
    ],
    "175956_failureRate": 5e-05,
    "175957_mass": [
        9,
        "kg"
    ],
    "175964_failureRate": 2e-05,
    "175965_mass": [
        10,
        "kg"
    ],
    "175972_failureRate": 2e-05,
    "175973_mass": [
        10,
        "kg"
    ],
    "175979_failureRate": 8e-05,
    "175980_mass": [
        3.5,
        "kg"
    ],
    "175986_failureRate": 8e-05,
    "175987_mass": [
        3.5,
        "kg"
    ],
    "175993_failureRate": 0.0001,
    "175994_mass": [
        9.5,
        "kg"
    ]
}