{
    "137986_mass": [
        69.5,
        "kg"
    ],
    "137987_failureRate": 5.5477591729992126e-12,
    "137988_logFailureRate": -11.255882399817141,
    "137994_failureRate": 0.00015,
    "137995_mass": [
        3,
        "kg"
    ],
    "138001_failureRate": 0.0001,
    "138002_mass": [
        6,
        "kg"
    ],
    "138008_failureRate": 0.0001,
    "138009_mass": [
        6,
        "kg"
    ],
    "138016_failureRate": 2e-05,
    "138017_mass": [
        10,
        "kg"
    ],
    "138024_failureRate": 2e-05,
    "138025_mass": [
        10,
        "kg"
    ],
    "138032_failureRate": 2e-05,
    "138033_mass": [
        10,
        "kg"
    ],
    "138039_failureRate": 0.0002,
    "138040_mass": [
        5.5,
        "kg"
    ],
    "138046_failureRate": 0.0001,
    "138047_mass": [
        9.5,
        "kg"
    ],
    "138053_failureRate": 0.0001,
    "138054_mass": [
        9.5,
        "kg"
    ]
}