{
    "118496_mass": [
        31.5,
        "kg"
    ],
    "118497_failureRate": 2.250267995629722e-08,
    "118498_logFailureRate": -7.647765756514321,
    "118504_failureRate": 0.00015,
    "118505_mass": [
        3,
        "kg"
    ],
    "118511_failureRate": 0.00015,
    "118512_mass": [
        3,
        "kg"
    ],
    "118519_failureRate": 0.0001,
    "118520_mass": [
        3,
        "kg"
    ],
    "118527_failureRate": 4e-05,
    "118528_mass": [
        5,
        "kg"
    ],
    "118535_failureRate": 4e-05,
    "118536_mass": [
        5,
        "kg"
    ],
    "118542_failureRate": 8e-05,
    "118543_mass": [
        3.5,
        "kg"
    ],
    "118549_failureRate": 8e-05,
    "118550_mass": [
        3.5,
        "kg"
    ],
    "118556_failureRate": 0.0002,
    "118557_mass": [
        5.5,
        "kg"
    ]
}