{
    "102061_mass": [
        28,
        "kg"
    ],
    "102062_failureRate": 0.00015000639959986478,
    "102063_logFailureRate": -3.8238902126001784,
    "102069_failureRate": 0.00015,
    "102070_mass": [
        3,
        "kg"
    ],
    "102077_failureRate": 0.0001,
    "102078_mass": [
        3,
        "kg"
    ],
    "102085_failureRate": 4e-05,
    "102086_mass": [
        5,
        "kg"
    ],
    "102093_failureRate": 2e-05,
    "102094_mass": [
        10,
        "kg"
    ],
    "102100_failureRate": 8e-05,
    "102101_mass": [
        3.5,
        "kg"
    ],
    "102107_failureRate": 8e-05,
    "102108_mass": [
        3.5,
        "kg"
    ]
}