{
    "137486_mass": [
        42.5,
        "kg"
    ],
    "137487_failureRate": 8.000000389261086e-05,
    "137488_logFailureRate": -4.0969099918763145,
    "137494_failureRate": 0.00015,
    "137495_mass": [
        3,
        "kg"
    ],
    "137501_failureRate": 0.00015,
    "137502_mass": [
        3,
        "kg"
    ],
    "137508_failureRate": 0.00015,
    "137509_mass": [
        3,
        "kg"
    ],
    "137516_failureRate": 2e-05,
    "137517_mass": [
        10,
        "kg"
    ],
    "137524_failureRate": 2e-05,
    "137525_mass": [
        10,
        "kg"
    ],
    "137532_failureRate": 2e-05,
    "137533_mass": [
        10,
        "kg"
    ],
    "137539_failureRate": 8e-05,
    "137540_mass": [
        3.5,
        "kg"
    ]
}