{
    "158078_mass": [
        29,
        "kg"
    ],
    "158079_failureRate": 2.4402734398223343e-08,
    "158080_logFailureRate": -7.612561506959471,
    "158086_failureRate": 0.00015,
    "158087_mass": [
        3,
        "kg"
    ],
    "158093_failureRate": 0.00015,
    "158094_mass": [
        3,
        "kg"
    ],
    "158100_failureRate": 0.00015,
    "158101_mass": [
        3,
        "kg"
    ],
    "158108_failureRate": 0.0001,
    "158109_mass": [
        3,
        "kg"
    ],
    "158116_failureRate": 4e-05,
    "158117_mass": [
        5,
        "kg"
    ],
    "158124_failureRate": 4e-05,
    "158125_mass": [
        5,
        "kg"
    ],
    "158131_failureRate": 8e-05,
    "158132_mass": [
        3.5,
        "kg"
    ],
    "158138_failureRate": 8e-05,
    "158139_mass": [
        3.5,
        "kg"
    ]
}