{
    "118920_mass": [
        40.5,
        "kg"
    ],
    "118921_failureRate": 5.735016614722124e-12,
    "118922_logFailureRate": -11.241465319581078,
    "118928_failureRate": 0.00015,
    "118929_mass": [
        3,
        "kg"
    ],
    "118935_failureRate": 0.00015,
    "118936_mass": [
        3,
        "kg"
    ],
    "118942_failureRate": 5e-05,
    "118943_mass": [
        9,
        "kg"
    ],
    "118950_failureRate": 0.0001,
    "118951_mass": [
        3,
        "kg"
    ],
    "118958_failureRate": 4e-05,
    "118959_mass": [
        5,
        "kg"
    ],
    "118966_failureRate": 4e-05,
    "118967_mass": [
        5,
        "kg"
    ],
    "118973_failureRate": 8e-05,
    "118974_mass": [
        3.5,
        "kg"
    ],
    "118980_failureRate": 8e-05,
    "118981_mass": [
        3.5,
        "kg"
    ],
    "118987_failureRate": 0.0002,
    "118988_mass": [
        5.5,
        "kg"
    ]
}