{
    "138102_mass": [
        48.5,
        "kg"
    ],
    "138103_failureRate": 4.490500868202401e-08,
    "138104_logFailureRate": -7.347705215307426,
    "138110_failureRate": 0.00015,
    "138111_mass": [
        3,
        "kg"
    ],
    "138117_failureRate": 5e-05,
    "138118_mass": [
        9,
        "kg"
    ],
    "138125_failureRate": 2e-05,
    "138126_mass": [
        10,
        "kg"
    ],
    "138133_failureRate": 2e-05,
    "138134_mass": [
        10,
        "kg"
    ],
    "138140_failureRate": 0.0002,
    "138141_mass": [
        5.5,
        "kg"
    ],
    "138147_failureRate": 0.0002,
    "138148_mass": [
        5.5,
        "kg"
    ],
    "138154_failureRate": 0.0002,
    "138155_mass": [
        5.5,
        "kg"
    ]
}