{
    "156864_mass": [
        34.5,
        "kg"
    ],
    "156865_failureRate": 0.000249990399900004,
    "156866_logFailureRate": -3.60207666872999,
    "156872_failureRate": 5e-05,
    "156873_mass": [
        9,
        "kg"
    ],
    "156880_failureRate": 2e-05,
    "156881_mass": [
        10,
        "kg"
    ],
    "156888_failureRate": 2e-05,
    "156889_mass": [
        10,
        "kg"
    ],
    "156895_failureRate": 0.0002,
    "156896_mass": [
        5.5,
        "kg"
    ]
}