{
    "78997_mass": [
        33.5,
        "kg"
    ],
    "78998_failureRate": 4.00075003399744e-05,
    "78999_logFailureRate": -4.397858582399276,
    "79005_failureRate": 0.00015,
    "79006_mass": [
        3,
        "kg"
    ],
    "79012_failureRate": 5e-05,
    "79013_mass": [
        9,
        "kg"
    ],
    "79020_failureRate": 4e-05,
    "79021_mass": [
        5,
        "kg"
    ],
    "79027_failureRate": 8e-05,
    "79028_mass": [
        3.5,
        "kg"
    ],
    "79034_failureRate": 8e-05,
    "79035_mass": [
        3.5,
        "kg"
    ],
    "79041_failureRate": 0.0001,
    "79042_mass": [
        9.5,
        "kg"
    ]
}