{
    "176612_mass": [
        22,
        "kg"
    ],
    "176613_failureRate": 4.006249749910004e-05,
    "176614_logFailureRate": -4.397261980247924,
    "176620_failureRate": 0.00015,
    "176621_mass": [
        3,
        "kg"
    ],
    "176627_failureRate": 0.00015,
    "176628_mass": [
        3,
        "kg"
    ],
    "176635_failureRate": 4e-05,
    "176636_mass": [
        5,
        "kg"
    ],
    "176642_failureRate": 0.0002,
    "176643_mass": [
        5.5,
        "kg"
    ],
    "176649_failureRate": 0.0002,
    "176650_mass": [
        5.5,
        "kg"
    ]
}