{
    "23712_mass": [
        34,
        "kg"
    ],
    "23713_failureRate": 4.004249829990001e-05,
    "23714_logFailureRate": -4.3974788341894016,
    "23720_failureRate": 5e-05,
    "23721_mass": [
        9,
        "kg"
    ],
    "23727_failureRate": 5e-05,
    "23728_mass": [
        9,
        "kg"
    ],
    "23735_failureRate": 4e-05,
    "23736_mass": [
        5,
        "kg"
    ],
    "23742_failureRate": 0.0002,
    "23743_mass": [
        5.5,
        "kg"
    ],
    "23749_failureRate": 0.0002,
    "23750_mass": [
        5.5,
        "kg"
    ]
}