{
    "154961_mass": [
        30.5,
        "kg"
    ],
    "154962_failureRate": 1.3154509541517996e-11,
    "154963_logFailureRate": -10.880925339701664,
    "154969_failureRate": 0.00015,
    "154970_mass": [
        3,
        "kg"
    ],
    "154976_failureRate": 0.00015,
    "154977_mass": [
        3,
        "kg"
    ],
    "154983_failureRate": 0.00015,
    "154984_mass": [
        3,
        "kg"
    ],
    "154991_failureRate": 0.0001,
    "154992_mass": [
        3,
        "kg"
    ],
    "154999_failureRate": 0.0001,
    "155000_mass": [
        3,
        "kg"
    ],
    "155007_failureRate": 0.0001,
    "155008_mass": [
        3,
        "kg"
    ],
    "155014_failureRate": 8e-05,
    "155015_mass": [
        3.5,
        "kg"
    ],
    "155021_failureRate": 8e-05,
    "155022_mass": [
        3.5,
        "kg"
    ],
    "155028_failureRate": 0.0002,
    "155029_mass": [
        5.5,
        "kg"
    ]
}