{
    "136711_mass": [
        30.5,
        "kg"
    ],
    "136712_failureRate": 5.000790182767761e-08,
    "136713_logFailureRate": -7.3009613666836355,
    "136719_failureRate": 0.00015,
    "136720_mass": [
        3,
        "kg"
    ],
    "136726_failureRate": 0.00015,
    "136727_mass": [
        3,
        "kg"
    ],
    "136733_failureRate": 0.00015,
    "136734_mass": [
        3,
        "kg"
    ],
    "136741_failureRate": 0.0001,
    "136742_mass": [
        3,
        "kg"
    ],
    "136749_failureRate": 0.0001,
    "136750_mass": [
        3,
        "kg"
    ],
    "136757_failureRate": 0.0001,
    "136758_mass": [
        3,
        "kg"
    ],
    "136764_failureRate": 8e-05,
    "136765_mass": [
        3.5,
        "kg"
    ],
    "136771_failureRate": 8e-05,
    "136772_mass": [
        3.5,
        "kg"
    ],
    "136778_failureRate": 0.0002,
    "136779_mass": [
        5.5,
        "kg"
    ]
}