{
    "135910_mass": [
        45.5,
        "kg"
    ],
    "135911_failureRate": 8.001049903800515e-05,
    "135912_logFailureRate": -4.096853020819358,
    "135918_failureRate": 0.00015,
    "135919_mass": [
        3,
        "kg"
    ],
    "135925_failureRate": 5e-05,
    "135926_mass": [
        9,
        "kg"
    ],
    "135933_failureRate": 2e-05,
    "135934_mass": [
        10,
        "kg"
    ],
    "135941_failureRate": 2e-05,
    "135942_mass": [
        10,
        "kg"
    ],
    "135949_failureRate": 2e-05,
    "135950_mass": [
        10,
        "kg"
    ],
    "135956_failureRate": 8e-05,
    "135957_mass": [
        3.5,
        "kg"
    ]
}