{
    "140141_mass": [
        57.5,
        "kg"
    ],
    "140142_failureRate": 2.000162469999875e-08,
    "140143_logFailureRate": -7.698934725856713,
    "140149_failureRate": 5e-05,
    "140150_mass": [
        9,
        "kg"
    ],
    "140156_failureRate": 5e-05,
    "140157_mass": [
        9,
        "kg"
    ],
    "140163_failureRate": 5e-05,
    "140164_mass": [
        9,
        "kg"
    ],
    "140171_failureRate": 0.0001,
    "140172_mass": [
        3,
        "kg"
    ],
    "140179_failureRate": 0.0001,
    "140180_mass": [
        3,
        "kg"
    ],
    "140186_failureRate": 0.0002,
    "140187_mass": [
        5.5,
        "kg"
    ],
    "140193_failureRate": 0.0001,
    "140194_mass": [
        9.5,
        "kg"
    ],
    "140200_failureRate": 0.0001,
    "140201_mass": [
        9.5,
        "kg"
    ]
}