{
    "100226_mass": [
        45.5,
        "kg"
    ],
    "100227_failureRate": 2.4999799999975004e-08,
    "100228_logFailureRate": -7.60206346569815,
    "100234_failureRate": 0.00015,
    "100235_mass": [
        3,
        "kg"
    ],
    "100241_failureRate": 0.0001,
    "100242_mass": [
        6,
        "kg"
    ],
    "100249_failureRate": 0.0001,
    "100250_mass": [
        3,
        "kg"
    ],
    "100257_failureRate": 4e-05,
    "100258_mass": [
        5,
        "kg"
    ],
    "100264_failureRate": 0.0001,
    "100265_mass": [
        9.5,
        "kg"
    ],
    "100271_failureRate": 0.0001,
    "100272_mass": [
        9.5,
        "kg"
    ],
    "100278_failureRate": 0.0001,
    "100279_mass": [
        9.5,
        "kg"
    ]
}