{
    "41839_mass": [
        30.5,
        "kg"
    ],
    "41840_failureRate": 8.001499867497251e-05,
    "41841_logFailureRate": -4.096828597617631,
    "41847_failureRate": 0.00015,
    "41848_mass": [
        3,
        "kg"
    ],
    "41854_failureRate": 5e-05,
    "41855_mass": [
        9,
        "kg"
    ],
    "41861_failureRate": 5e-05,
    "41862_mass": [
        9,
        "kg"
    ],
    "41869_failureRate": 0.0001,
    "41870_mass": [
        3,
        "kg"
    ],
    "41877_failureRate": 0.0001,
    "41878_mass": [
        3,
        "kg"
    ],
    "41884_failureRate": 8e-05,
    "41885_mass": [
        3.5,
        "kg"
    ]
}