{
    "60049_mass": [
        22.5,
        "kg"
    ],
    "60050_failureRate": 0.00014999340008,
    "60051_logFailureRate": -3.823927850090298,
    "60057_failureRate": 5e-05,
    "60058_mass": [
        9,
        "kg"
    ],
    "60065_failureRate": 2e-05,
    "60066_mass": [
        10,
        "kg"
    ],
    "60072_failureRate": 8e-05,
    "60073_mass": [
        3.5,
        "kg"
    ]
}