{
    "116807_mass": [
        39.5,
        "kg"
    ],
    "116808_failureRate": 5.000200050794656e-05,
    "116809_logFailureRate": -4.30101261982034,
    "116815_failureRate": 5e-05,
    "116816_mass": [
        9,
        "kg"
    ],
    "116823_failureRate": 2e-05,
    "116824_mass": [
        10,
        "kg"
    ],
    "116831_failureRate": 2e-05,
    "116832_mass": [
        10,
        "kg"
    ],
    "116838_failureRate": 8e-05,
    "116839_mass": [
        3.5,
        "kg"
    ],
    "116845_failureRate": 8e-05,
    "116846_mass": [
        3.5,
        "kg"
    ],
    "116852_failureRate": 8e-05,
    "116853_mass": [
        3.5,
        "kg"
    ]
}