{
    "59639_mass": [
        26,
        "kg"
    ],
    "59640_failureRate": 8.518626068799041e-08,
    "59641_logFailureRate": -7.069630445005049,
    "59647_failureRate": 0.00015,
    "59648_mass": [
        3,
        "kg"
    ],
    "59654_failureRate": 0.0001,
    "59655_mass": [
        6,
        "kg"
    ],
    "59662_failureRate": 0.0001,
    "59663_mass": [
        3,
        "kg"
    ],
    "59670_failureRate": 4e-05,
    "59671_mass": [
        5,
        "kg"
    ],
    "59677_failureRate": 8e-05,
    "59678_mass": [
        3.5,
        "kg"
    ],
    "59684_failureRate": 0.0002,
    "59685_mass": [
        5.5,
        "kg"
    ]
}