{
    "117679_mass": [
        40.5,
        "kg"
    ],
    "117680_failureRate": 1.781066081459345e-12,
    "117681_logFailureRate": -11.749319966959694,
    "117687_failureRate": 0.00015,
    "117688_mass": [
        3,
        "kg"
    ],
    "117694_failureRate": 0.00015,
    "117695_mass": [
        3,
        "kg"
    ],
    "117701_failureRate": 5e-05,
    "117702_mass": [
        9,
        "kg"
    ],
    "117709_failureRate": 4e-05,
    "117710_mass": [
        5,
        "kg"
    ],
    "117717_failureRate": 4e-05,
    "117718_mass": [
        5,
        "kg"
    ],
    "117725_failureRate": 4e-05,
    "117726_mass": [
        5,
        "kg"
    ],
    "117732_failureRate": 8e-05,
    "117733_mass": [
        3.5,
        "kg"
    ],
    "117739_failureRate": 8e-05,
    "117740_mass": [
        3.5,
        "kg"
    ],
    "117746_failureRate": 8e-05,
    "117747_mass": [
        3.5,
        "kg"
    ]
}