{
    "62400_mass": [
        40.5,
        "kg"
    ],
    "62401_failureRate": 4.0000005124795e-05,
    "62402_logFailureRate": -4.397939953030287,
    "62408_failureRate": 0.00015,
    "62409_mass": [
        3,
        "kg"
    ],
    "62415_failureRate": 0.00015,
    "62416_mass": [
        3,
        "kg"
    ],
    "62422_failureRate": 5e-05,
    "62423_mass": [
        9,
        "kg"
    ],
    "62430_failureRate": 4e-05,
    "62431_mass": [
        5,
        "kg"
    ],
    "62437_failureRate": 0.0002,
    "62438_mass": [
        5.5,
        "kg"
    ],
    "62444_failureRate": 0.0002,
    "62445_mass": [
        5.5,
        "kg"
    ],
    "62451_failureRate": 0.0001,
    "62452_mass": [
        9.5,
        "kg"
    ]
}