{
    "58397_mass": [
        12.5,
        "kg"
    ],
    "58398_failureRate": 0.00022999799770012,
    "58399_logFailureRate": -3.6382759448153386,
    "58405_failureRate": 0.00015,
    "58406_mass": [
        3,
        "kg"
    ],
    "58413_failureRate": 0.0001,
    "58414_mass": [
        3,
        "kg"
    ],
    "58421_failureRate": 0.0001,
    "58422_mass": [
        3,
        "kg"
    ],
    "58428_failureRate": 8e-05,
    "58429_mass": [
        3.5,
        "kg"
    ]
}