{
    "4097_mass": [
        27,
        "kg"
    ],
    "4098_failureRate": 0.00015001599811185408,
    "4099_logFailureRate": -3.823862424136219,
    "4105_failureRate": 0.00015,
    "4106_mass": [
        3,
        "kg"
    ],
    "4113_failureRate": 4e-05,
    "4114_mass": [
        5,
        "kg"
    ],
    "4121_failureRate": 4e-05,
    "4122_mass": [
        5,
        "kg"
    ],
    "4129_failureRate": 4e-05,
    "4130_mass": [
        5,
        "kg"
    ],
    "4136_failureRate": 8e-05,
    "4137_mass": [
        3.5,
        "kg"
    ],
    "4143_failureRate": 0.0002,
    "4144_mass": [
        5.5,
        "kg"
    ]
}