{
    "174538_mass": [
        17.5,
        "kg"
    ],
    "174539_failureRate": 0.00020006248000172498,
    "174540_logFailureRate": -3.6988343519239306,
    "174546_failureRate": 0.00015,
    "174547_mass": [
        3,
        "kg"
    ],
    "174553_failureRate": 0.00015,
    "174554_mass": [
        3,
        "kg"
    ],
    "174561_failureRate": 0.0001,
    "174562_mass": [
        3,
        "kg"
    ],
    "174569_failureRate": 0.0001,
    "174570_mass": [
        3,
        "kg"
    ],
    "174576_failureRate": 0.0002,
    "174577_mass": [
        5.5,
        "kg"
    ]
}