{
    "21589_mass": [
        41,
        "kg"
    ],
    "21590_failureRate": 5.1495749990005004e-08,
    "21591_logFailureRate": -7.288228612357898,
    "21597_failureRate": 5e-05,
    "21598_mass": [
        9,
        "kg"
    ],
    "21604_failureRate": 5e-05,
    "21605_mass": [
        9,
        "kg"
    ],
    "21612_failureRate": 0.0001,
    "21613_mass": [
        3,
        "kg"
    ],
    "21620_failureRate": 4e-05,
    "21621_mass": [
        5,
        "kg"
    ],
    "21627_failureRate": 0.0002,
    "21628_mass": [
        5.5,
        "kg"
    ],
    "21634_failureRate": 0.0001,
    "21635_mass": [
        9.5,
        "kg"
    ]
}