{
    "119541_mass": [
        15.5,
        "kg"
    ],
    "119542_failureRate": 0.00018000199820008,
    "119543_logFailureRate": -3.744722673771962,
    "119549_failureRate": 0.0001,
    "119550_mass": [
        6,
        "kg"
    ],
    "119557_failureRate": 0.0001,
    "119558_mass": [
        3,
        "kg"
    ],
    "119565_failureRate": 0.0001,
    "119566_mass": [
        3,
        "kg"
    ],
    "119572_failureRate": 8e-05,
    "119573_mass": [
        3.5,
        "kg"
    ]
}