{
    "119739_mass": [
        27.5,
        "kg"
    ],
    "119740_failureRate": 3.899712790593178e-08,
    "119741_logFailureRate": -7.408967377089824,
    "119747_failureRate": 0.00015,
    "119748_mass": [
        3,
        "kg"
    ],
    "119754_failureRate": 0.0001,
    "119755_mass": [
        6,
        "kg"
    ],
    "119762_failureRate": 0.0001,
    "119763_mass": [
        3,
        "kg"
    ],
    "119770_failureRate": 4e-05,
    "119771_mass": [
        5,
        "kg"
    ],
    "119777_failureRate": 8e-05,
    "119778_mass": [
        3.5,
        "kg"
    ],
    "119784_failureRate": 8e-05,
    "119785_mass": [
        3.5,
        "kg"
    ],
    "119791_failureRate": 8e-05,
    "119792_mass": [
        3.5,
        "kg"
    ]
}