{
    "119339_mass": [
        21,
        "kg"
    ],
    "119340_failureRate": 0.00015000640055961843,
    "119341_logFailureRate": -3.8238902098215255,
    "119347_failureRate": 0.00015,
    "119348_mass": [
        3,
        "kg"
    ],
    "119355_failureRate": 0.0001,
    "119356_mass": [
        3,
        "kg"
    ],
    "119363_failureRate": 0.0001,
    "119364_mass": [
        3,
        "kg"
    ],
    "119371_failureRate": 4e-05,
    "119372_mass": [
        5,
        "kg"
    ],
    "119378_failureRate": 8e-05,
    "119379_mass": [
        3.5,
        "kg"
    ],
    "119385_failureRate": 8e-05,
    "119386_mass": [
        3.5,
        "kg"
    ]
}