{
    "22556_mass": [
        52.5,
        "kg"
    ],
    "22557_failureRate": 3.2498999675025e-08,
    "22558_logFailureRate": -7.4881300064765925,
    "22564_failureRate": 5e-05,
    "22565_mass": [
        9,
        "kg"
    ],
    "22571_failureRate": 5e-05,
    "22572_mass": [
        9,
        "kg"
    ],
    "22579_failureRate": 0.0001,
    "22580_mass": [
        3,
        "kg"
    ],
    "22587_failureRate": 0.0001,
    "22588_mass": [
        3,
        "kg"
    ],
    "22594_failureRate": 0.0001,
    "22595_mass": [
        9.5,
        "kg"
    ],
    "22601_failureRate": 0.0001,
    "22602_mass": [
        9.5,
        "kg"
    ],
    "22608_failureRate": 0.0001,
    "22609_mass": [
        9.5,
        "kg"
    ]
}