{
    "120162_mass": [
        31,
        "kg"
    ],
    "120163_failureRate": 3.059872788928461e-08,
    "120164_logFailureRate": -7.51429662849058,
    "120170_failureRate": 0.00015,
    "120171_mass": [
        3,
        "kg"
    ],
    "120177_failureRate": 0.0001,
    "120178_mass": [
        6,
        "kg"
    ],
    "120185_failureRate": 4e-05,
    "120186_mass": [
        5,
        "kg"
    ],
    "120193_failureRate": 4e-05,
    "120194_mass": [
        5,
        "kg"
    ],
    "120201_failureRate": 4e-05,
    "120202_mass": [
        5,
        "kg"
    ],
    "120208_failureRate": 8e-05,
    "120209_mass": [
        3.5,
        "kg"
    ],
    "120215_failureRate": 8e-05,
    "120216_mass": [
        3.5,
        "kg"
    ]
}