{
    "154422_mass": [
        47.5,
        "kg"
    ],
    "154423_failureRate": 2.66031742455295e-08,
    "154424_logFailureRate": -7.575066540997849,
    "154430_failureRate": 0.00015,
    "154431_mass": [
        3,
        "kg"
    ],
    "154437_failureRate": 0.00015,
    "154438_mass": [
        3,
        "kg"
    ],
    "154444_failureRate": 0.00015,
    "154445_mass": [
        3,
        "kg"
    ],
    "154452_failureRate": 4e-05,
    "154453_mass": [
        5,
        "kg"
    ],
    "154460_failureRate": 4e-05,
    "154461_mass": [
        5,
        "kg"
    ],
    "154467_failureRate": 0.0001,
    "154468_mass": [
        9.5,
        "kg"
    ],
    "154474_failureRate": 0.0001,
    "154475_mass": [
        9.5,
        "kg"
    ],
    "154481_failureRate": 0.0001,
    "154482_mass": [
        9.5,
        "kg"
    ]
}