{
    "100428_mass": [
        41,
        "kg"
    ],
    "100429_failureRate": 6.4050870830181604e-09,
    "100430_logFailureRate": -8.193474961248388,
    "100436_failureRate": 0.0001,
    "100437_mass": [
        6,
        "kg"
    ],
    "100443_failureRate": 0.0001,
    "100444_mass": [
        6,
        "kg"
    ],
    "100450_failureRate": 5e-05,
    "100451_mass": [
        9,
        "kg"
    ],
    "100458_failureRate": 0.0001,
    "100459_mass": [
        3,
        "kg"
    ],
    "100466_failureRate": 4e-05,
    "100467_mass": [
        5,
        "kg"
    ],
    "100474_failureRate": 4e-05,
    "100475_mass": [
        5,
        "kg"
    ],
    "100481_failureRate": 8e-05,
    "100482_mass": [
        3.5,
        "kg"
    ],
    "100488_failureRate": 8e-05,
    "100489_mass": [
        3.5,
        "kg"
    ]
}