{
    "22179_mass": [
        39,
        "kg"
    ],
    "22180_failureRate": 0.00010003999408017601,
    "22181_logFailureRate": -3.9998263426407252,
    "22187_failureRate": 0.0001,
    "22188_mass": [
        6,
        "kg"
    ],
    "22195_failureRate": 0.0001,
    "22196_mass": [
        3,
        "kg"
    ],
    "22203_failureRate": 4e-05,
    "22204_mass": [
        5,
        "kg"
    ],
    "22211_failureRate": 2e-05,
    "22212_mass": [
        10,
        "kg"
    ],
    "22218_failureRate": 0.0002,
    "22219_mass": [
        5.5,
        "kg"
    ],
    "22225_failureRate": 0.0001,
    "22226_mass": [
        9.5,
        "kg"
    ]
}