{
    "22924_mass": [
        38,
        "kg"
    ],
    "22925_failureRate": 7.000899930001001e-05,
    "22926_logFailureRate": -4.154846130055378,
    "22932_failureRate": 5e-05,
    "22933_mass": [
        9,
        "kg"
    ],
    "22940_failureRate": 2e-05,
    "22941_mass": [
        10,
        "kg"
    ],
    "22947_failureRate": 0.0001,
    "22948_mass": [
        9.5,
        "kg"
    ],
    "22954_failureRate": 0.0001,
    "22955_mass": [
        9.5,
        "kg"
    ]
}