{
    "138322_mass": [
        28.5,
        "kg"
    ],
    "138323_failureRate": 2.0003681301413765e-08,
    "138324_logFailureRate": -7.698890073247543,
    "138330_failureRate": 0.00015,
    "138331_mass": [
        3,
        "kg"
    ],
    "138337_failureRate": 0.00015,
    "138338_mass": [
        3,
        "kg"
    ],
    "138344_failureRate": 0.0001,
    "138345_mass": [
        6,
        "kg"
    ],
    "138352_failureRate": 0.0001,
    "138353_mass": [
        3,
        "kg"
    ],
    "138360_failureRate": 0.0001,
    "138361_mass": [
        3,
        "kg"
    ],
    "138367_failureRate": 8e-05,
    "138368_mass": [
        3.5,
        "kg"
    ],
    "138374_failureRate": 8e-05,
    "138375_mass": [
        3.5,
        "kg"
    ],
    "138381_failureRate": 8e-05,
    "138382_mass": [
        3.5,
        "kg"
    ]
}