{
    "176695_mass": [
        26.5,
        "kg"
    ],
    "176696_failureRate": 0.000119999299700008,
    "176697_logFailureRate": -3.9208212884299556,
    "176703_failureRate": 5e-05,
    "176704_mass": [
        9,
        "kg"
    ],
    "176710_failureRate": 5e-05,
    "176711_mass": [
        9,
        "kg"
    ],
    "176718_failureRate": 4e-05,
    "176719_mass": [
        5,
        "kg"
    ],
    "176725_failureRate": 8e-05,
    "176726_mass": [
        3.5,
        "kg"
    ]
}