{
    "117072_mass": [
        56.5,
        "kg"
    ],
    "117073_failureRate": 5.013083871466203e-09,
    "117074_logFailureRate": -8.299895029356573,
    "117080_failureRate": 5e-05,
    "117081_mass": [
        9,
        "kg"
    ],
    "117087_failureRate": 5e-05,
    "117088_mass": [
        9,
        "kg"
    ],
    "117094_failureRate": 5e-05,
    "117095_mass": [
        9,
        "kg"
    ],
    "117102_failureRate": 0.0001,
    "117103_mass": [
        3,
        "kg"
    ],
    "117110_failureRate": 4e-05,
    "117111_mass": [
        5,
        "kg"
    ],
    "117118_failureRate": 4e-05,
    "117119_mass": [
        5,
        "kg"
    ],
    "117125_failureRate": 0.0002,
    "117126_mass": [
        5.5,
        "kg"
    ],
    "117132_failureRate": 0.0002,
    "117133_mass": [
        5.5,
        "kg"
    ],
    "117139_failureRate": 0.0002,
    "117140_mass": [
        5.5,
        "kg"
    ]
}