{
    "158382_mass": [
        31.5,
        "kg"
    ],
    "158383_failureRate": 3.002237074957389e-08,
    "158384_logFailureRate": -7.522555016196514,
    "158390_failureRate": 0.00015,
    "158391_mass": [
        3,
        "kg"
    ],
    "158397_failureRate": 0.00015,
    "158398_mass": [
        3,
        "kg"
    ],
    "158404_failureRate": 0.00015,
    "158405_mass": [
        3,
        "kg"
    ],
    "158412_failureRate": 0.0001,
    "158413_mass": [
        3,
        "kg"
    ],
    "158420_failureRate": 0.0001,
    "158421_mass": [
        3,
        "kg"
    ],
    "158427_failureRate": 0.0002,
    "158428_mass": [
        5.5,
        "kg"
    ],
    "158434_failureRate": 0.0002,
    "158435_mass": [
        5.5,
        "kg"
    ],
    "158441_failureRate": 0.0002,
    "158442_mass": [
        5.5,
        "kg"
    ]
}