{
    "61343_mass": [
        19.5,
        "kg"
    ],
    "61344_failureRate": 0.00020004148885057003,
    "61345_logFailureRate": -3.6988799217849344,
    "61351_failureRate": 0.00015,
    "61352_mass": [
        3,
        "kg"
    ],
    "61358_failureRate": 0.00015,
    "61359_mass": [
        3,
        "kg"
    ],
    "61366_failureRate": 0.0001,
    "61367_mass": [
        3,
        "kg"
    ],
    "61374_failureRate": 4e-05,
    "61375_mass": [
        5,
        "kg"
    ],
    "61381_failureRate": 0.0002,
    "61382_mass": [
        5.5,
        "kg"
    ]
}