{
    "137587_mass": [
        22.5,
        "kg"
    ],
    "137588_failureRate": 0.00020001899987370265,
    "137589_logFailureRate": -3.698928748594093,
    "137595_failureRate": 0.00015,
    "137596_mass": [
        3,
        "kg"
    ],
    "137602_failureRate": 0.00015,
    "137603_mass": [
        3,
        "kg"
    ],
    "137609_failureRate": 0.00015,
    "137610_mass": [
        3,
        "kg"
    ],
    "137617_failureRate": 0.0001,
    "137618_mass": [
        3,
        "kg"
    ],
    "137625_failureRate": 4e-05,
    "137626_mass": [
        5,
        "kg"
    ],
    "137632_failureRate": 0.0002,
    "137633_mass": [
        5.5,
        "kg"
    ]
}