{
    "79579_mass": [
        33.5,
        "kg"
    ],
    "79580_failureRate": 4.000750769967994e-05,
    "79581_logFailureRate": -4.397858502507276,
    "79587_failureRate": 0.00015,
    "79588_mass": [
        3,
        "kg"
    ],
    "79594_failureRate": 5e-05,
    "79595_mass": [
        9,
        "kg"
    ],
    "79602_failureRate": 4e-05,
    "79603_mass": [
        5,
        "kg"
    ],
    "79609_failureRate": 0.0002,
    "79610_mass": [
        5.5,
        "kg"
    ],
    "79616_failureRate": 0.0002,
    "79617_mass": [
        5.5,
        "kg"
    ],
    "79623_failureRate": 0.0002,
    "79624_mass": [
        5.5,
        "kg"
    ]
}