{
    "41933_mass": [
        49.5,
        "kg"
    ],
    "41934_failureRate": 5.1295579987004195e-08,
    "41935_logFailureRate": -7.289920055355137,
    "41941_failureRate": 0.00015,
    "41942_mass": [
        3,
        "kg"
    ],
    "41948_failureRate": 0.00015,
    "41949_mass": [
        3,
        "kg"
    ],
    "41956_failureRate": 4e-05,
    "41957_mass": [
        5,
        "kg"
    ],
    "41964_failureRate": 2e-05,
    "41965_mass": [
        10,
        "kg"
    ],
    "41971_failureRate": 0.0001,
    "41972_mass": [
        9.5,
        "kg"
    ],
    "41978_failureRate": 0.0001,
    "41979_mass": [
        9.5,
        "kg"
    ],
    "41985_failureRate": 0.0001,
    "41986_mass": [
        9.5,
        "kg"
    ]
}