{
    "136512_mass": [
        36,
        "kg"
    ],
    "136513_failureRate": 0.0001500099983080288,
    "136514_logFailureRate": -3.8238797938423463,
    "136520_failureRate": 0.00015,
    "136521_mass": [
        3,
        "kg"
    ],
    "136528_failureRate": 2e-05,
    "136529_mass": [
        10,
        "kg"
    ],
    "136536_failureRate": 2e-05,
    "136537_mass": [
        10,
        "kg"
    ],
    "136543_failureRate": 8e-05,
    "136544_mass": [
        3.5,
        "kg"
    ],
    "136550_failureRate": 0.0001,
    "136551_mass": [
        9.5,
        "kg"
    ]
}