{
    "43264_mass": [
        38.5,
        "kg"
    ],
    "43265_failureRate": 2.000750784983994e-05,
    "43266_logFailureRate": -4.698807004040827,
    "43272_failureRate": 0.00015,
    "43273_mass": [
        3,
        "kg"
    ],
    "43279_failureRate": 5e-05,
    "43280_mass": [
        9,
        "kg"
    ],
    "43287_failureRate": 2e-05,
    "43288_mass": [
        10,
        "kg"
    ],
    "43294_failureRate": 0.0002,
    "43295_mass": [
        5.5,
        "kg"
    ],
    "43301_failureRate": 0.0002,
    "43302_mass": [
        5.5,
        "kg"
    ],
    "43308_failureRate": 0.0002,
    "43309_mass": [
        5.5,
        "kg"
    ]
}