{
    "61428_mass": [
        15.5,
        "kg"
    ],
    "61429_failureRate": 8.003249739977502e-05,
    "61430_logFailureRate": -4.096733630812917,
    "61436_failureRate": 0.00015,
    "61437_mass": [
        3,
        "kg"
    ],
    "61443_failureRate": 0.00015,
    "61444_mass": [
        3,
        "kg"
    ],
    "61451_failureRate": 0.0001,
    "61452_mass": [
        3,
        "kg"
    ],
    "61459_failureRate": 0.0001,
    "61460_mass": [
        3,
        "kg"
    ],
    "61466_failureRate": 8e-05,
    "61467_mass": [
        3.5,
        "kg"
    ]
}