{
    "175839_mass": [
        41.5,
        "kg"
    ],
    "175840_failureRate": 5.0004400979914404e-05,
    "175841_logFailureRate": -4.300991770920384,
    "175847_failureRate": 5e-05,
    "175848_mass": [
        9,
        "kg"
    ],
    "175855_failureRate": 2e-05,
    "175856_mass": [
        10,
        "kg"
    ],
    "175863_failureRate": 2e-05,
    "175864_mass": [
        10,
        "kg"
    ],
    "175870_failureRate": 8e-05,
    "175871_mass": [
        3.5,
        "kg"
    ],
    "175877_failureRate": 8e-05,
    "175878_mass": [
        3.5,
        "kg"
    ],
    "175884_failureRate": 0.0002,
    "175885_mass": [
        5.5,
        "kg"
    ]
}