{
    "19850_mass": [
        19,
        "kg"
    ],
    "19851_failureRate": 0.00010002139785990402,
    "19852_logFailureRate": -3.9999070802162593,
    "19858_failureRate": 0.00015,
    "19859_mass": [
        3,
        "kg"
    ],
    "19865_failureRate": 0.0001,
    "19866_mass": [
        6,
        "kg"
    ],
    "19873_failureRate": 0.0001,
    "19874_mass": [
        3,
        "kg"
    ],
    "19880_failureRate": 8e-05,
    "19881_mass": [
        3.5,
        "kg"
    ],
    "19887_failureRate": 8e-05,
    "19888_mass": [
        3.5,
        "kg"
    ]
}