{
    "100947_mass": [
        43.5,
        "kg"
    ],
    "100948_failureRate": 0.00020000489888002902,
    "100949_logFailureRate": -3.698959366683479,
    "100955_failureRate": 5e-05,
    "100956_mass": [
        9,
        "kg"
    ],
    "100962_failureRate": 5e-05,
    "100963_mass": [
        9,
        "kg"
    ],
    "100970_failureRate": 2e-05,
    "100971_mass": [
        10,
        "kg"
    ],
    "100978_failureRate": 2e-05,
    "100979_mass": [
        10,
        "kg"
    ],
    "100985_failureRate": 0.0002,
    "100986_mass": [
        5.5,
        "kg"
    ]
}