{
    "1140_mass": [
        31.5,
        "kg"
    ],
    "1141_failureRate": 0.00019999000079984003,
    "1142_logFailureRate": -3.698991717866083,
    "1148_failureRate": 0.0001,
    "1149_mass": [
        6,
        "kg"
    ],
    "1156_failureRate": 0.0001,
    "1157_mass": [
        3,
        "kg"
    ],
    "1163_failureRate": 8e-05,
    "1164_mass": [
        3.5,
        "kg"
    ],
    "1170_failureRate": 0.0001,
    "1171_mass": [
        9.5,
        "kg"
    ],
    "1177_failureRate": 0.0001,
    "1178_mass": [
        9.5,
        "kg"
    ]
}