{
    "136199_mass": [
        34.5,
        "kg"
    ],
    "136200_failureRate": 8.001499850000402e-05,
    "136201_logFailureRate": -4.096828598567301,
    "136207_failureRate": 0.0001,
    "136208_mass": [
        6,
        "kg"
    ],
    "136214_failureRate": 5e-05,
    "136215_mass": [
        9,
        "kg"
    ],
    "136222_failureRate": 0.0001,
    "136223_mass": [
        3,
        "kg"
    ],
    "136230_failureRate": 0.0001,
    "136231_mass": [
        3,
        "kg"
    ],
    "136238_failureRate": 2e-05,
    "136239_mass": [
        10,
        "kg"
    ],
    "136245_failureRate": 8e-05,
    "136246_mass": [
        3.5,
        "kg"
    ]
}