{
    "23529_mass": [
        47,
        "kg"
    ],
    "23530_failureRate": 4.00073729876175e-08,
    "23531_logFailureRate": -7.397859964852902,
    "23537_failureRate": 5e-05,
    "23538_mass": [
        9,
        "kg"
    ],
    "23544_failureRate": 5e-05,
    "23545_mass": [
        9,
        "kg"
    ],
    "23551_failureRate": 5e-05,
    "23552_mass": [
        9,
        "kg"
    ],
    "23559_failureRate": 0.0001,
    "23560_mass": [
        3,
        "kg"
    ],
    "23567_failureRate": 0.0001,
    "23568_mass": [
        3,
        "kg"
    ],
    "23575_failureRate": 0.0001,
    "23576_mass": [
        3,
        "kg"
    ],
    "23582_failureRate": 0.0002,
    "23583_mass": [
        5.5,
        "kg"
    ],
    "23589_failureRate": 0.0002,
    "23590_mass": [
        5.5,
        "kg"
    ]
}