{
    "173614_mass": [
        48.5,
        "kg"
    ],
    "173615_failureRate": 3.5450539426513302e-12,
    "173616_logFailureRate": -11.450377152069752,
    "173622_failureRate": 0.00015,
    "173623_mass": [
        3,
        "kg"
    ],
    "173629_failureRate": 0.00015,
    "173630_mass": [
        3,
        "kg"
    ],
    "173636_failureRate": 5e-05,
    "173637_mass": [
        9,
        "kg"
    ],
    "173644_failureRate": 0.0001,
    "173645_mass": [
        3,
        "kg"
    ],
    "173652_failureRate": 0.0001,
    "173653_mass": [
        3,
        "kg"
    ],
    "173660_failureRate": 4e-05,
    "173661_mass": [
        5,
        "kg"
    ],
    "173667_failureRate": 8e-05,
    "173668_mass": [
        3.5,
        "kg"
    ],
    "173674_failureRate": 0.0001,
    "173675_mass": [
        9.5,
        "kg"
    ],
    "173681_failureRate": 0.0001,
    "173682_mass": [
        9.5,
        "kg"
    ]
}