{
    "40643_mass": [
        20,
        "kg"
    ],
    "40644_failureRate": 0.00010006249374910011,
    "40645_logFailureRate": -3.9997286778669827,
    "40651_failureRate": 0.00015,
    "40652_mass": [
        3,
        "kg"
    ],
    "40658_failureRate": 0.00015,
    "40659_mass": [
        3,
        "kg"
    ],
    "40666_failureRate": 0.0001,
    "40667_mass": [
        3,
        "kg"
    ],
    "40673_failureRate": 0.0002,
    "40674_mass": [
        5.5,
        "kg"
    ],
    "40680_failureRate": 0.0002,
    "40681_mass": [
        5.5,
        "kg"
    ]
}