{
    "172978_mass": [
        40,
        "kg"
    ],
    "172979_failureRate": 4.679384723979735e-08,
    "172980_logFailureRate": -7.329811247042756,
    "172986_failureRate": 0.00015,
    "172987_mass": [
        3,
        "kg"
    ],
    "172993_failureRate": 5e-05,
    "172994_mass": [
        9,
        "kg"
    ],
    "173000_failureRate": 5e-05,
    "173001_mass": [
        9,
        "kg"
    ],
    "173008_failureRate": 4e-05,
    "173009_mass": [
        5,
        "kg"
    ],
    "173016_failureRate": 4e-05,
    "173017_mass": [
        5,
        "kg"
    ],
    "173023_failureRate": 8e-05,
    "173024_mass": [
        3.5,
        "kg"
    ],
    "173030_failureRate": 0.0002,
    "173031_mass": [
        5.5,
        "kg"
    ]
}