{
    "118091_mass": [
        32.5,
        "kg"
    ],
    "118092_failureRate": 1.000854938486801e-08,
    "118093_logFailureRate": -7.999628863559633,
    "118099_failureRate": 0.00015,
    "118100_mass": [
        3,
        "kg"
    ],
    "118106_failureRate": 0.00015,
    "118107_mass": [
        3,
        "kg"
    ],
    "118113_failureRate": 0.0001,
    "118114_mass": [
        6,
        "kg"
    ],
    "118121_failureRate": 0.0001,
    "118122_mass": [
        3,
        "kg"
    ],
    "118129_failureRate": 0.0001,
    "118130_mass": [
        3,
        "kg"
    ],
    "118136_failureRate": 8e-05,
    "118137_mass": [
        3.5,
        "kg"
    ],
    "118143_failureRate": 0.0002,
    "118144_mass": [
        5.5,
        "kg"
    ],
    "118150_failureRate": 0.0002,
    "118151_mass": [
        5.5,
        "kg"
    ]
}