{
    "79781_mass": [
        37,
        "kg"
    ],
    "79782_failureRate": 4.0039998774984986e-05,
    "79783_logFailureRate": -4.397505944479864,
    "79789_failureRate": 0.00015,
    "79790_mass": [
        3,
        "kg"
    ],
    "79796_failureRate": 5e-05,
    "79797_mass": [
        9,
        "kg"
    ],
    "79803_failureRate": 5e-05,
    "79804_mass": [
        9,
        "kg"
    ],
    "79811_failureRate": 4e-05,
    "79812_mass": [
        5,
        "kg"
    ],
    "79818_failureRate": 0.0002,
    "79819_mass": [
        5.5,
        "kg"
    ],
    "79825_failureRate": 0.0002,
    "79826_mass": [
        5.5,
        "kg"
    ]
}