{
    "80374_mass": [
        39.5,
        "kg"
    ],
    "80375_failureRate": 2.0000004699906004e-05,
    "80376_logFailureRate": -4.6989699022788685,
    "80382_failureRate": 0.00015,
    "80383_mass": [
        3,
        "kg"
    ],
    "80389_failureRate": 0.0001,
    "80390_mass": [
        6,
        "kg"
    ],
    "80396_failureRate": 0.0001,
    "80397_mass": [
        6,
        "kg"
    ],
    "80404_failureRate": 2e-05,
    "80405_mass": [
        10,
        "kg"
    ],
    "80411_failureRate": 8e-05,
    "80412_mass": [
        3.5,
        "kg"
    ],
    "80418_failureRate": 0.0002,
    "80419_mass": [
        5.5,
        "kg"
    ],
    "80425_failureRate": 0.0002,
    "80426_mass": [
        5.5,
        "kg"
    ]
}