{
    "20122_mass": [
        59.5,
        "kg"
    ],
    "20123_failureRate": 1.6214243221920162e-11,
    "20124_logFailureRate": -10.790103316631093,
    "20130_failureRate": 0.0001,
    "20131_mass": [
        6,
        "kg"
    ],
    "20137_failureRate": 0.0001,
    "20138_mass": [
        6,
        "kg"
    ],
    "20144_failureRate": 0.0001,
    "20145_mass": [
        6,
        "kg"
    ],
    "20152_failureRate": 4e-05,
    "20153_mass": [
        5,
        "kg"
    ],
    "20160_failureRate": 2e-05,
    "20161_mass": [
        10,
        "kg"
    ],
    "20168_failureRate": 2e-05,
    "20169_mass": [
        10,
        "kg"
    ],
    "20175_failureRate": 0.0002,
    "20176_mass": [
        5.5,
        "kg"
    ],
    "20182_failureRate": 0.0002,
    "20183_mass": [
        5.5,
        "kg"
    ],
    "20189_failureRate": 0.0002,
    "20190_mass": [
        5.5,
        "kg"
    ]
}