{
    "101576_mass": [
        51.5,
        "kg"
    ],
    "101577_failureRate": 1.4997999900031005e-11,
    "101578_logFailureRate": -10.823966653630762,
    "101584_failureRate": 0.0001,
    "101585_mass": [
        6,
        "kg"
    ],
    "101591_failureRate": 0.0001,
    "101592_mass": [
        6,
        "kg"
    ],
    "101598_failureRate": 0.0001,
    "101599_mass": [
        6,
        "kg"
    ],
    "101606_failureRate": 0.0001,
    "101607_mass": [
        3,
        "kg"
    ],
    "101614_failureRate": 0.0001,
    "101615_mass": [
        3,
        "kg"
    ],
    "101622_failureRate": 0.0001,
    "101623_mass": [
        3,
        "kg"
    ],
    "101629_failureRate": 0.0002,
    "101630_mass": [
        5.5,
        "kg"
    ],
    "101636_failureRate": 0.0001,
    "101637_mass": [
        9.5,
        "kg"
    ],
    "101643_failureRate": 0.0001,
    "101644_mass": [
        9.5,
        "kg"
    ]
}