{
    "82262_mass": [
        42,
        "kg"
    ],
    "82263_failureRate": 2.003999969998998e-05,
    "82264_logFailureRate": -4.698102289306424,
    "82270_failureRate": 0.0001,
    "82271_mass": [
        6,
        "kg"
    ],
    "82277_failureRate": 0.0001,
    "82278_mass": [
        6,
        "kg"
    ],
    "82284_failureRate": 5e-05,
    "82285_mass": [
        9,
        "kg"
    ],
    "82292_failureRate": 2e-05,
    "82293_mass": [
        10,
        "kg"
    ],
    "82299_failureRate": 0.0002,
    "82300_mass": [
        5.5,
        "kg"
    ],
    "82306_failureRate": 0.0002,
    "82307_mass": [
        5.5,
        "kg"
    ]
}