{
    "157434_mass": [
        33.5,
        "kg"
    ],
    "157435_failureRate": 8.0000801960775e-05,
    "157436_logFailureRate": -4.096905659440637,
    "157442_failureRate": 0.00015,
    "157443_mass": [
        3,
        "kg"
    ],
    "157449_failureRate": 0.00015,
    "157450_mass": [
        3,
        "kg"
    ],
    "157456_failureRate": 5e-05,
    "157457_mass": [
        9,
        "kg"
    ],
    "157464_failureRate": 4e-05,
    "157465_mass": [
        5,
        "kg"
    ],
    "157472_failureRate": 2e-05,
    "157473_mass": [
        10,
        "kg"
    ],
    "157479_failureRate": 8e-05,
    "157480_mass": [
        3.5,
        "kg"
    ]
}