{
    "43356_mass": [
        28.5,
        "kg"
    ],
    "43357_failureRate": 0.0002000040021991901,
    "43358_logFailureRate": -3.698961313757853,
    "43364_failureRate": 0.00015,
    "43365_mass": [
        3,
        "kg"
    ],
    "43371_failureRate": 0.0001,
    "43372_mass": [
        6,
        "kg"
    ],
    "43378_failureRate": 0.0001,
    "43379_mass": [
        6,
        "kg"
    ],
    "43386_failureRate": 0.0001,
    "43387_mass": [
        3,
        "kg"
    ],
    "43394_failureRate": 4e-05,
    "43395_mass": [
        5,
        "kg"
    ],
    "43401_failureRate": 0.0002,
    "43402_mass": [
        5.5,
        "kg"
    ]
}