{
    "176127_mass": [
        50.5,
        "kg"
    ],
    "176128_failureRate": 1.4999976944299998e-08,
    "176129_logFailureRate": -7.823909408475718,
    "176135_failureRate": 5e-05,
    "176136_mass": [
        9,
        "kg"
    ],
    "176142_failureRate": 5e-05,
    "176143_mass": [
        9,
        "kg"
    ],
    "176149_failureRate": 5e-05,
    "176150_mass": [
        9,
        "kg"
    ],
    "176157_failureRate": 0.0001,
    "176158_mass": [
        3,
        "kg"
    ],
    "176165_failureRate": 2e-05,
    "176166_mass": [
        10,
        "kg"
    ],
    "176172_failureRate": 8e-05,
    "176173_mass": [
        3.5,
        "kg"
    ],
    "176179_failureRate": 8e-05,
    "176180_mass": [
        3.5,
        "kg"
    ],
    "176186_failureRate": 8e-05,
    "176187_mass": [
        3.5,
        "kg"
    ]
}