{
    "136106_mass": [
        36,
        "kg"
    ],
    "136107_failureRate": 3.4997179992004006e-08,
    "136108_logFailureRate": -7.4559669488855205,
    "136114_failureRate": 0.0001,
    "136115_mass": [
        6,
        "kg"
    ],
    "136121_failureRate": 5e-05,
    "136122_mass": [
        9,
        "kg"
    ],
    "136129_failureRate": 0.0001,
    "136130_mass": [
        3,
        "kg"
    ],
    "136137_failureRate": 4e-05,
    "136138_mass": [
        5,
        "kg"
    ],
    "136144_failureRate": 8e-05,
    "136145_mass": [
        3.5,
        "kg"
    ],
    "136151_failureRate": 0.0001,
    "136152_mass": [
        9.5,
        "kg"
    ]
}