{
    "98387_mass": [
        55.5,
        "kg"
    ],
    "98388_failureRate": 1.079845845999962e-11,
    "98389_logFailureRate": -10.9666382380408,
    "98395_failureRate": 0.0001,
    "98396_mass": [
        6,
        "kg"
    ],
    "98402_failureRate": 0.0001,
    "98403_mass": [
        6,
        "kg"
    ],
    "98409_failureRate": 0.0001,
    "98410_mass": [
        6,
        "kg"
    ],
    "98417_failureRate": 0.0001,
    "98418_mass": [
        3,
        "kg"
    ],
    "98425_failureRate": 2e-05,
    "98426_mass": [
        10,
        "kg"
    ],
    "98433_failureRate": 2e-05,
    "98434_mass": [
        10,
        "kg"
    ],
    "98440_failureRate": 8e-05,
    "98441_mass": [
        3.5,
        "kg"
    ],
    "98447_failureRate": 0.0002,
    "98448_mass": [
        5.5,
        "kg"
    ],
    "98454_failureRate": 0.0002,
    "98455_mass": [
        5.5,
        "kg"
    ]
}