{
    "22756_mass": [
        29.5,
        "kg"
    ],
    "22757_failureRate": 0.00010002649600013501,
    "22758_logFailureRate": -3.999884944575358,
    "22764_failureRate": 0.00015,
    "22765_mass": [
        3,
        "kg"
    ],
    "22771_failureRate": 5e-05,
    "22772_mass": [
        9,
        "kg"
    ],
    "22779_failureRate": 0.0001,
    "22780_mass": [
        3,
        "kg"
    ],
    "22787_failureRate": 4e-05,
    "22788_mass": [
        5,
        "kg"
    ],
    "22794_failureRate": 0.0001,
    "22795_mass": [
        9.5,
        "kg"
    ]
}