{
    "3247_mass": [
        49.5,
        "kg"
    ],
    "3248_failureRate": 0.00010000000253563002,
    "3249_logFailureRate": -3.999999988987899,
    "3255_failureRate": 0.00015,
    "3256_mass": [
        3,
        "kg"
    ],
    "3262_failureRate": 0.0001,
    "3263_mass": [
        6,
        "kg"
    ],
    "3269_failureRate": 0.0001,
    "3270_mass": [
        6,
        "kg"
    ],
    "3277_failureRate": 4e-05,
    "3278_mass": [
        5,
        "kg"
    ],
    "3285_failureRate": 2e-05,
    "3286_mass": [
        10,
        "kg"
    ],
    "3293_failureRate": 2e-05,
    "3294_mass": [
        10,
        "kg"
    ],
    "3300_failureRate": 0.0001,
    "3301_mass": [
        9.5,
        "kg"
    ]
}