{
    "62868_mass": [
        26,
        "kg"
    ],
    "62869_failureRate": 4.002599895984001e-05,
    "62870_logFailureRate": -4.397657820249831,
    "62876_failureRate": 0.0001,
    "62877_mass": [
        6,
        "kg"
    ],
    "62883_failureRate": 0.0001,
    "62884_mass": [
        6,
        "kg"
    ],
    "62891_failureRate": 4e-05,
    "62892_mass": [
        5,
        "kg"
    ],
    "62898_failureRate": 8e-05,
    "62899_mass": [
        3.5,
        "kg"
    ],
    "62905_failureRate": 0.0002,
    "62906_mass": [
        5.5,
        "kg"
    ]
}