{
    "120060_mass": [
        26,
        "kg"
    ],
    "120061_failureRate": 1.2747975002512752e-07,
    "120062_logFailureRate": -6.894558796804943,
    "120068_failureRate": 0.00015,
    "120069_mass": [
        3,
        "kg"
    ],
    "120075_failureRate": 0.00015,
    "120076_mass": [
        3,
        "kg"
    ],
    "120083_failureRate": 0.0001,
    "120084_mass": [
        3,
        "kg"
    ],
    "120091_failureRate": 0.0001,
    "120092_mass": [
        3,
        "kg"
    ],
    "120099_failureRate": 0.0001,
    "120100_mass": [
        3,
        "kg"
    ],
    "120106_failureRate": 0.0002,
    "120107_mass": [
        5.5,
        "kg"
    ],
    "120113_failureRate": 0.0002,
    "120114_mass": [
        5.5,
        "kg"
    ]
}