{
    "136412_mass": [
        46.5,
        "kg"
    ],
    "136413_failureRate": 0.00020000399973187444,
    "136414_logFailureRate": -3.6989613191154542,
    "136420_failureRate": 0.0001,
    "136421_mass": [
        6,
        "kg"
    ],
    "136427_failureRate": 0.0001,
    "136428_mass": [
        6,
        "kg"
    ],
    "136434_failureRate": 5e-05,
    "136435_mass": [
        9,
        "kg"
    ],
    "136442_failureRate": 4e-05,
    "136443_mass": [
        5,
        "kg"
    ],
    "136450_failureRate": 4e-05,
    "136451_mass": [
        5,
        "kg"
    ],
    "136458_failureRate": 2e-05,
    "136459_mass": [
        10,
        "kg"
    ],
    "136465_failureRate": 0.0002,
    "136466_mass": [
        5.5,
        "kg"
    ]
}