{
    "158188_mass": [
        41.5,
        "kg"
    ],
    "158189_failureRate": 9.610904160964604e-09,
    "158190_logFailureRate": -8.01723575347126,
    "158196_failureRate": 0.00015,
    "158197_mass": [
        3,
        "kg"
    ],
    "158203_failureRate": 0.00015,
    "158204_mass": [
        3,
        "kg"
    ],
    "158210_failureRate": 5e-05,
    "158211_mass": [
        9,
        "kg"
    ],
    "158218_failureRate": 4e-05,
    "158219_mass": [
        5,
        "kg"
    ],
    "158226_failureRate": 4e-05,
    "158227_mass": [
        5,
        "kg"
    ],
    "158233_failureRate": 0.0002,
    "158234_mass": [
        5.5,
        "kg"
    ],
    "158240_failureRate": 0.0002,
    "158241_mass": [
        5.5,
        "kg"
    ],
    "158247_failureRate": 0.0002,
    "158248_mass": [
        5.5,
        "kg"
    ]
}