{
    "77885_mass": [
        56.5,
        "kg"
    ],
    "77886_failureRate": 1.5003454529305275e-08,
    "77887_logFailureRate": -7.823808733592164,
    "77893_failureRate": 0.00015,
    "77894_mass": [
        3,
        "kg"
    ],
    "77900_failureRate": 5e-05,
    "77901_mass": [
        9,
        "kg"
    ],
    "77907_failureRate": 5e-05,
    "77908_mass": [
        9,
        "kg"
    ],
    "77915_failureRate": 0.0001,
    "77916_mass": [
        3,
        "kg"
    ],
    "77923_failureRate": 2e-05,
    "77924_mass": [
        10,
        "kg"
    ],
    "77931_failureRate": 2e-05,
    "77932_mass": [
        10,
        "kg"
    ],
    "77938_failureRate": 8e-05,
    "77939_mass": [
        3.5,
        "kg"
    ],
    "77945_failureRate": 8e-05,
    "77946_mass": [
        3.5,
        "kg"
    ],
    "77952_failureRate": 0.0002,
    "77953_mass": [
        5.5,
        "kg"
    ]
}