{
    "120265_mass": [
        36,
        "kg"
    ],
    "120266_failureRate": 1.4403559384014403e-08,
    "120267_logFailureRate": -7.84153017250056,
    "120273_failureRate": 0.0001,
    "120274_mass": [
        6,
        "kg"
    ],
    "120280_failureRate": 0.0001,
    "120281_mass": [
        6,
        "kg"
    ],
    "120287_failureRate": 0.0001,
    "120288_mass": [
        6,
        "kg"
    ],
    "120295_failureRate": 0.0001,
    "120296_mass": [
        3,
        "kg"
    ],
    "120303_failureRate": 0.0001,
    "120304_mass": [
        3,
        "kg"
    ],
    "120311_failureRate": 4e-05,
    "120312_mass": [
        5,
        "kg"
    ],
    "120318_failureRate": 8e-05,
    "120319_mass": [
        3.5,
        "kg"
    ],
    "120325_failureRate": 8e-05,
    "120326_mass": [
        3.5,
        "kg"
    ]
}