{
    "99108_mass": [
        44,
        "kg"
    ],
    "99109_failureRate": 5.3297699908004e-08,
    "99110_logFailureRate": -7.27329153278986,
    "99116_failureRate": 5e-05,
    "99117_mass": [
        9,
        "kg"
    ],
    "99123_failureRate": 5e-05,
    "99124_mass": [
        9,
        "kg"
    ],
    "99131_failureRate": 4e-05,
    "99132_mass": [
        5,
        "kg"
    ],
    "99139_failureRate": 2e-05,
    "99140_mass": [
        10,
        "kg"
    ],
    "99146_failureRate": 0.0002,
    "99147_mass": [
        5.5,
        "kg"
    ],
    "99153_failureRate": 0.0002,
    "99154_mass": [
        5.5,
        "kg"
    ]
}