{
    "175359_mass": [
        69.5,
        "kg"
    ],
    "175360_failureRate": 3.0007929831000004e-09,
    "175361_logFailureRate": -8.52276396438803,
    "175367_failureRate": 5e-05,
    "175368_mass": [
        9,
        "kg"
    ],
    "175374_failureRate": 5e-05,
    "175375_mass": [
        9,
        "kg"
    ],
    "175381_failureRate": 5e-05,
    "175382_mass": [
        9,
        "kg"
    ],
    "175389_failureRate": 2e-05,
    "175390_mass": [
        10,
        "kg"
    ],
    "175397_failureRate": 2e-05,
    "175398_mass": [
        10,
        "kg"
    ],
    "175404_failureRate": 8e-05,
    "175405_mass": [
        3.5,
        "kg"
    ],
    "175411_failureRate": 0.0001,
    "175412_mass": [
        9.5,
        "kg"
    ],
    "175418_failureRate": 0.0001,
    "175419_mass": [
        9.5,
        "kg"
    ]
}