{
    "97885_mass": [
        34,
        "kg"
    ],
    "97886_failureRate": 4.7499749125052495e-08,
    "97887_logFailureRate": -7.3233086841413035,
    "97893_failureRate": 0.00015,
    "97894_mass": [
        3,
        "kg"
    ],
    "97900_failureRate": 0.00015,
    "97901_mass": [
        3,
        "kg"
    ],
    "97908_failureRate": 0.0001,
    "97909_mass": [
        3,
        "kg"
    ],
    "97916_failureRate": 0.0001,
    "97917_mass": [
        3,
        "kg"
    ],
    "97924_failureRate": 0.0001,
    "97925_mass": [
        3,
        "kg"
    ],
    "97931_failureRate": 0.0001,
    "97932_mass": [
        9.5,
        "kg"
    ],
    "97938_failureRate": 0.0001,
    "97939_mass": [
        9.5,
        "kg"
    ]
}