{
    "140031_mass": [
        29.5,
        "kg"
    ],
    "140032_failureRate": 4.849629190720959e-08,
    "140033_logFailureRate": -7.314291466878201,
    "140039_failureRate": 0.00015,
    "140040_mass": [
        3,
        "kg"
    ],
    "140046_failureRate": 0.00015,
    "140047_mass": [
        3,
        "kg"
    ],
    "140054_failureRate": 0.0001,
    "140055_mass": [
        3,
        "kg"
    ],
    "140062_failureRate": 4e-05,
    "140063_mass": [
        5,
        "kg"
    ],
    "140070_failureRate": 4e-05,
    "140071_mass": [
        5,
        "kg"
    ],
    "140077_failureRate": 8e-05,
    "140078_mass": [
        3.5,
        "kg"
    ],
    "140084_failureRate": 8e-05,
    "140085_mass": [
        3.5,
        "kg"
    ],
    "140091_failureRate": 8e-05,
    "140092_mass": [
        3.5,
        "kg"
    ]
}