{
    "120727_mass": [
        27,
        "kg"
    ],
    "120728_failureRate": 4.000640124394e-05,
    "120729_logFailureRate": -4.397870513609563,
    "120735_failureRate": 0.00015,
    "120736_mass": [
        3,
        "kg"
    ],
    "120742_failureRate": 0.0001,
    "120743_mass": [
        6,
        "kg"
    ],
    "120749_failureRate": 0.0001,
    "120750_mass": [
        6,
        "kg"
    ],
    "120757_failureRate": 4e-05,
    "120758_mass": [
        5,
        "kg"
    ],
    "120764_failureRate": 8e-05,
    "120765_mass": [
        3.5,
        "kg"
    ],
    "120771_failureRate": 8e-05,
    "120772_mass": [
        3.5,
        "kg"
    ]
}