{
    "172862_mass": [
        58.5,
        "kg"
    ],
    "172863_failureRate": 9.202458740275618e-09,
    "172864_logFailureRate": -8.036096121059867,
    "172870_failureRate": 0.00015,
    "172871_mass": [
        3,
        "kg"
    ],
    "172877_failureRate": 5e-05,
    "172878_mass": [
        9,
        "kg"
    ],
    "172884_failureRate": 5e-05,
    "172885_mass": [
        9,
        "kg"
    ],
    "172892_failureRate": 4e-05,
    "172893_mass": [
        5,
        "kg"
    ],
    "172900_failureRate": 4e-05,
    "172901_mass": [
        5,
        "kg"
    ],
    "172908_failureRate": 4e-05,
    "172909_mass": [
        5,
        "kg"
    ],
    "172915_failureRate": 8e-05,
    "172916_mass": [
        3.5,
        "kg"
    ],
    "172922_failureRate": 0.0001,
    "172923_mass": [
        9.5,
        "kg"
    ],
    "172929_failureRate": 0.0001,
    "172930_mass": [
        9.5,
        "kg"
    ]
}