{
    "174439_mass": [
        36.5,
        "kg"
    ],
    "174440_failureRate": 2.5499329911996805e-08,
    "174441_logFailureRate": -7.5934712320894135,
    "174447_failureRate": 5e-05,
    "174448_mass": [
        9,
        "kg"
    ],
    "174454_failureRate": 5e-05,
    "174455_mass": [
        9,
        "kg"
    ],
    "174462_failureRate": 0.0001,
    "174463_mass": [
        3,
        "kg"
    ],
    "174470_failureRate": 0.0001,
    "174471_mass": [
        3,
        "kg"
    ],
    "174477_failureRate": 8e-05,
    "174478_mass": [
        3.5,
        "kg"
    ],
    "174484_failureRate": 8e-05,
    "174485_mass": [
        3.5,
        "kg"
    ],
    "174491_failureRate": 0.0002,
    "174492_mass": [
        5.5,
        "kg"
    ]
}