{
    "139064_mass": [
        46.5,
        "kg"
    ],
    "139065_failureRate": 2.0005249000022502e-08,
    "139066_logFailureRate": -7.698856038703241,
    "139072_failureRate": 0.00015,
    "139073_mass": [
        3,
        "kg"
    ],
    "139079_failureRate": 0.00015,
    "139080_mass": [
        3,
        "kg"
    ],
    "139086_failureRate": 0.0001,
    "139087_mass": [
        6,
        "kg"
    ],
    "139094_failureRate": 0.0001,
    "139095_mass": [
        3,
        "kg"
    ],
    "139102_failureRate": 0.0001,
    "139103_mass": [
        3,
        "kg"
    ],
    "139109_failureRate": 0.0001,
    "139110_mass": [
        9.5,
        "kg"
    ],
    "139116_failureRate": 0.0001,
    "139117_mass": [
        9.5,
        "kg"
    ],
    "139123_failureRate": 0.0001,
    "139124_mass": [
        9.5,
        "kg"
    ]
}