{
    "137791_mass": [
        46,
        "kg"
    ],
    "137792_failureRate": 1.600190004190941e-08,
    "137793_logFailureRate": -7.795828446798793,
    "137799_failureRate": 0.0001,
    "137800_mass": [
        6,
        "kg"
    ],
    "137806_failureRate": 0.0001,
    "137807_mass": [
        6,
        "kg"
    ],
    "137813_failureRate": 5e-05,
    "137814_mass": [
        9,
        "kg"
    ],
    "137821_failureRate": 0.0001,
    "137822_mass": [
        3,
        "kg"
    ],
    "137829_failureRate": 0.0001,
    "137830_mass": [
        3,
        "kg"
    ],
    "137837_failureRate": 2e-05,
    "137838_mass": [
        10,
        "kg"
    ],
    "137844_failureRate": 8e-05,
    "137845_mass": [
        3.5,
        "kg"
    ],
    "137851_failureRate": 0.0002,
    "137852_mass": [
        5.5,
        "kg"
    ]
}