{
    "81325_mass": [
        31,
        "kg"
    ],
    "81326_failureRate": 4.0039999524954964e-05,
    "81327_logFailureRate": -4.397505936345302,
    "81333_failureRate": 0.00015,
    "81334_mass": [
        3,
        "kg"
    ],
    "81340_failureRate": 0.00015,
    "81341_mass": [
        3,
        "kg"
    ],
    "81347_failureRate": 5e-05,
    "81348_mass": [
        9,
        "kg"
    ],
    "81355_failureRate": 4e-05,
    "81356_mass": [
        5,
        "kg"
    ],
    "81362_failureRate": 0.0002,
    "81363_mass": [
        5.5,
        "kg"
    ],
    "81369_failureRate": 0.0002,
    "81370_mass": [
        5.5,
        "kg"
    ]
}