{
    "4936_mass": [
        48.5,
        "kg"
    ],
    "4937_failureRate": 1.49139079360596e-08,
    "4938_logFailureRate": -7.82640854214819,
    "4944_failureRate": 0.00015,
    "4945_mass": [
        3,
        "kg"
    ],
    "4951_failureRate": 5e-05,
    "4952_mass": [
        9,
        "kg"
    ],
    "4959_failureRate": 2e-05,
    "4960_mass": [
        10,
        "kg"
    ],
    "4967_failureRate": 2e-05,
    "4968_mass": [
        10,
        "kg"
    ],
    "4974_failureRate": 0.0002,
    "4975_mass": [
        5.5,
        "kg"
    ],
    "4981_failureRate": 0.0002,
    "4982_mass": [
        5.5,
        "kg"
    ],
    "4988_failureRate": 0.0002,
    "4989_mass": [
        5.5,
        "kg"
    ]
}