{
    "79871_mass": [
        18.5,
        "kg"
    ],
    "79872_failureRate": 0.00013000599870004,
    "79873_logFailureRate": -3.8860366081376188,
    "79879_failureRate": 5e-05,
    "79880_mass": [
        9,
        "kg"
    ],
    "79887_failureRate": 0.0001,
    "79888_mass": [
        3,
        "kg"
    ],
    "79895_failureRate": 0.0001,
    "79896_mass": [
        3,
        "kg"
    ],
    "79902_failureRate": 8e-05,
    "79903_mass": [
        3.5,
        "kg"
    ]
}