{
    "157782_mass": [
        45.5,
        "kg"
    ],
    "157783_failureRate": 2.401059858994801e-08,
    "157784_logFailureRate": -7.6195970127430215,
    "157790_failureRate": 0.0001,
    "157791_mass": [
        6,
        "kg"
    ],
    "157797_failureRate": 0.0001,
    "157798_mass": [
        6,
        "kg"
    ],
    "157804_failureRate": 5e-05,
    "157805_mass": [
        9,
        "kg"
    ],
    "157812_failureRate": 0.0001,
    "157813_mass": [
        3,
        "kg"
    ],
    "157820_failureRate": 4e-05,
    "157821_mass": [
        5,
        "kg"
    ],
    "157827_failureRate": 0.0002,
    "157828_mass": [
        5.5,
        "kg"
    ],
    "157834_failureRate": 0.0002,
    "157835_mass": [
        5.5,
        "kg"
    ],
    "157841_failureRate": 0.0002,
    "157842_mass": [
        5.5,
        "kg"
    ]
}