{
    "97557_mass": [
        53.5,
        "kg"
    ],
    "97558_failureRate": 4.007093168948718e-09,
    "97559_logFailureRate": -8.397170559666149,
    "97565_failureRate": 0.00015,
    "97566_mass": [
        3,
        "kg"
    ],
    "97572_failureRate": 0.00015,
    "97573_mass": [
        3,
        "kg"
    ],
    "97579_failureRate": 0.00015,
    "97580_mass": [
        3,
        "kg"
    ],
    "97587_failureRate": 2e-05,
    "97588_mass": [
        10,
        "kg"
    ],
    "97595_failureRate": 2e-05,
    "97596_mass": [
        10,
        "kg"
    ],
    "97603_failureRate": 2e-05,
    "97604_mass": [
        10,
        "kg"
    ],
    "97610_failureRate": 8e-05,
    "97611_mass": [
        3.5,
        "kg"
    ],
    "97617_failureRate": 0.0002,
    "97618_mass": [
        5.5,
        "kg"
    ],
    "97624_failureRate": 0.0002,
    "97625_mass": [
        5.5,
        "kg"
    ]
}