{
    "60754_mass": [
        25,
        "kg"
    ],
    "60755_failureRate": 8.728735246479615e-08,
    "60756_logFailureRate": -7.059048679005391,
    "60762_failureRate": 0.00015,
    "60763_mass": [
        3,
        "kg"
    ],
    "60769_failureRate": 0.00015,
    "60770_mass": [
        3,
        "kg"
    ],
    "60777_failureRate": 4e-05,
    "60778_mass": [
        5,
        "kg"
    ],
    "60785_failureRate": 4e-05,
    "60786_mass": [
        5,
        "kg"
    ],
    "60792_failureRate": 8e-05,
    "60793_mass": [
        3.5,
        "kg"
    ],
    "60799_failureRate": 0.0002,
    "60800_mass": [
        5.5,
        "kg"
    ]
}