{
    "136600_mass": [
        41.5,
        "kg"
    ],
    "136601_failureRate": 7.501701800003583e-09,
    "136602_logFailureRate": -8.124840203473342,
    "136608_failureRate": 5e-05,
    "136609_mass": [
        9,
        "kg"
    ],
    "136615_failureRate": 5e-05,
    "136616_mass": [
        9,
        "kg"
    ],
    "136623_failureRate": 0.0001,
    "136624_mass": [
        3,
        "kg"
    ],
    "136631_failureRate": 4e-05,
    "136632_mass": [
        5,
        "kg"
    ],
    "136639_failureRate": 4e-05,
    "136640_mass": [
        5,
        "kg"
    ],
    "136646_failureRate": 8e-05,
    "136647_mass": [
        3.5,
        "kg"
    ],
    "136653_failureRate": 8e-05,
    "136654_mass": [
        3.5,
        "kg"
    ],
    "136660_failureRate": 8e-05,
    "136661_mass": [
        3.5,
        "kg"
    ]
}